[0.000000] (-) TimerEvent: {}
[0.000357] (-) JobUnselected: {'identifier': 'laserscan_to_point_pulisher'}
[0.000850] (-) JobUnselected: {'identifier': 'robot_pose_publisher_ros2'}
[0.001101] (-) JobUnselected: {'identifier': 'yahboom_app_save_map'}
[0.001396] (-) JobUnselected: {'identifier': 'yahboom_web_savmap_interfaces'}
[0.001497] (-) JobUnselected: {'identifier': 'yahboomcar_KCFTracker'}
[0.001669] (-) JobUnselected: {'identifier': 'yahboomcar_astra'}
[0.001753] (-) JobUnselected: {'identifier': 'yahboomcar_base_node'}
[0.001797] (-) JobUnselected: {'identifier': 'yahboomcar_bringup'}
[0.001844] (-) JobUnselected: {'identifier': 'yahboomcar_ctrl'}
[0.001927] (-) JobUnselected: {'identifier': 'yahboomcar_description'}
[0.001997] (-) JobUnselected: {'identifier': 'yahboomcar_description_x1'}
[0.002362] (-) JobUnselected: {'identifier': 'yahboomcar_laser'}
[0.002440] (-) JobUnselected: {'identifier': 'yahboomcar_linefollow'}
[0.002558] (-) JobUnselected: {'identifier': 'yahboomcar_mediapipe'}
[0.002630] (-) JobUnselected: {'identifier': 'yahboomcar_multi'}
[0.002701] (-) JobUnselected: {'identifier': 'yahboomcar_nav'}
[0.002917] (-) JobUnselected: {'identifier': 'yahboomcar_point'}
[0.002993] (-) JobUnselected: {'identifier': 'yahboomcar_rviz'}
[0.003104] (-) JobUnselected: {'identifier': 'yahboomcar_slam'}
[0.003173] (-) JobUnselected: {'identifier': 'yahboomcar_visual'}
[0.003222] (-) JobUnselected: {'identifier': 'yahboomcar_voice_ctrl'}
[0.003280] (yahboomcar_msgs) JobQueued: {'identifier': 'yahboomcar_msgs', 'dependencies': OrderedDict()}
[0.003338] (arm_autopilot) JobQueued: {'identifier': 'arm_autopilot', 'dependencies': OrderedDict([('yahboomcar_msgs', '/home/jetson/yahboomcar_ros2_ws_new/yahboomcar_ws/install/yahboomcar_msgs')])}
[0.003397] (yahboomcar_msgs) JobStarted: {'identifier': 'yahboomcar_msgs'}
[0.028351] (yahboomcar_msgs) JobProgress: {'identifier': 'yahboomcar_msgs', 'progress': 'cmake'}
[0.029571] (yahboomcar_msgs) JobProgress: {'identifier': 'yahboomcar_msgs', 'progress': 'build'}
[0.030824] (yahboomcar_msgs) Command: {'cmd': ['/usr/bin/cmake', '--build', '/home/jetson/yahboomcar_ros2_ws_new/yahboomcar_ws/build/yahboomcar_msgs', '--', '-j6', '-l6'], 'cwd': '/home/jetson/yahboomcar_ros2_ws_new/yahboomcar_ws/build/yahboomcar_msgs', 'env': OrderedDict([('LESSOPEN', '| /usr/bin/lesspipe %s'), ('VSCODE_CWD', '/home/jetson'), ('VSCODE_ESM_ENTRYPOINT', 'vs/workbench/api/node/extensionHostProcess'), ('LANGUAGE', 'en_US:en'), ('USER', 'jetson'), ('SSH_CLIENT', '192.168.1.226 60141 22'), ('LC_TIME', 'en_US.UTF-8'), ('VSCODE_NLS_CONFIG', '{"userLocale":"en","osLocale":"en","resolvedLanguage":"en","defaultMessagesFile":"/home/jetson/.cursor-server/cli/servers/Stable-20adc1003928b0f1b99305dbaf845656ff81f5d0/server/out/nls.messages.json","locale":"en","availableLanguages":{}}'), ('JETSON_MODEL_NAME', 'JETSON_ORIN_NANO'), ('CAMERA_TYPE', 'astraplus'), ('VSCODE_HANDLES_UNCAUGHT_ERRORS', 'true'), ('XDG_SESSION_TYPE', 'tty'), ('SHLVL', '1'), ('LD_LIBRARY_PATH', '/home/jetson/yahboomcar_ros2_ws_new/yahboomcar_ws/install/yahboomcar_msgs/lib:/home/jetson/yahboomcar_ros2_ws_new/yahboomcar_ws/install/yahboom_web_savmap_interfaces/lib:/usr/local/lib:/home/jetson/yahboomcar_ros2_ws/software/ORB_SLAM2/lib:/home/jetson/yahboomcar_ros2_ws/software/ORB_SLAM2/Thirdparty/DBoW2/lib:/home/jetson/yahboomcar_ros2_ws/software/ORB_SLAM2/Thirdparty/g2o/lib:/home/jetson/yahboomcar_ws/install/yahboomcar_astra/usr/local/lib/yahboomcar_astra:/usr/local/lib:/usr/local/cuda-12.6/lib64:/usr/local/lib:/home/jetson/yahboomcar_ros2_ws/software/ORB_SLAM2/lib:/home/jetson/yahboomcar_ros2_ws/software/ORB_SLAM2/Thirdparty/DBoW2/lib:/home/jetson/yahboomcar_ros2_ws/software/ORB_SLAM2/Thirdparty/g2o/lib:/home/jetson/yahboomcar_ws/install/yahboomcar_astra/usr/local/lib/yahboomcar_astra:/home/jetson/yahboomcar_ws/install/yahboomcar_astra/lib:/home/jetson/yahboomcar_ws/install/yahboomcar_msgs/lib:/home/jetson/yahboomcar_ws/install/cv_bridge/lib:/home/jetson/yahboomcar_ros2_ws/software/library_ws/install/teb_local_planner/lib:/home/jetson/yahboomcar_ros2_ws/software/library_ws/install/teb_msgs/lib:/home/jetson/yahboomcar_ros2_ws/software/library_ws/install/robot_localization/lib:/home/jetson/yahboomcar_ros2_ws/software/library_ws/install/openslam_gmapping/lib:/home/jetson/yahboomcar_ros2_ws/software/library_ws/install/costmap_converter/lib:/home/jetson/yahboomcar_ros2_ws/software/library_ws/install/costmap_converter_msgs/lib:/home/jetson/yahboomcar_ros2_ws/software/library_ws/install/astra_camera/lib:/home/jetson/yahboomcar_ros2_ws/software/library_ws/install/astra_camera_msgs/lib:/opt/ros/humble/opt/rviz_ogre_vendor/lib:/opt/ros/humble/lib/aarch64-linux-gnu:/opt/ros/humble/lib:/usr/local/lib:/usr/local/cuda-12.6/lib64:'), ('BROWSER', '/home/jetson/.cursor-server/cli/servers/Stable-20adc1003928b0f1b99305dbaf845656ff81f5d0/server/bin/helpers/browser.sh'), ('MOTD_SHOWN', 'pam'), ('HOME', '/home/jetson'), ('OLDPWD', '/home/jetson/yahboomcar_ros2_ws_new/yahboomcar_ws'), ('VSCODE_IPC_HOOK_CLI', '/run/user/1000/vscode-ipc-5cf9c34a-e51a-4f64-bbc3-a0af9493af19.sock'), ('JETSON_L4T', '36.4.4'), ('ROS_PYTHON_VERSION', '3'), ('JETSON_MODEL', 'NVIDIA Jetson Orin Nano Engineering Reference Developer Kit Super'), ('LC_MONETARY', 'en_US.UTF-8'), ('SSL_CERT_FILE', '/usr/lib/ssl/certs/ca-certificates.crt'), ('NO_COLOR', '1'), ('DBUS_SESSION_BUS_ADDRESS', 'unix:path=/run/user/1000/bus'), ('NODE_TLS_REJECT_UNAUTHORIZED', 'undefined'), ('ROBOT_TYPE', 'x3'), ('VSCODE_L10N_BUNDLE_LOCATION', ''), ('COLCON_PREFIX_PATH', '/home/jetson/yahboomcar_ros2_ws_new/yahboomcar_ws/install:/home/jetson/yahboomcar_ws/install:/home/jetson/yahboomcar_ros2_ws/software/library_ws/install'), ('ROS_DISTRO', 'humble'), ('LOGNAME', 'jetson'), ('FORCE_COLOR', '0'), ('JETSON_MODULE', 'NVIDIA Jetson Orin Nano (Developer kit)'), ('JETSON_SERIAL_NUMBER', '1424124390160'), ('VSCODE_HANDLES_SIGPIPE', 'true'), ('_', '/usr/bin/colcon'), ('ROS_VERSION', '2'), ('XDG_SESSION_CLASS', 'user'), ('TERM', 'dumb'), ('EVERYSPHERE_RIPGREP_PATH', '/home/jetson/.cursor-server/cli/servers/Stable-20adc1003928b0f1b99305dbaf845656ff81f5d0/server/node_modules/@vscode/ripgrep/bin/rg'), ('XDG_SESSION_ID', '176'), ('VSCODE_CLI_REQUIRE_TOKEN', '08e96213-580c-46e6-a640-b2da760a3ef4'), ('ROS_LOCALHOST_ONLY', '0'), ('COMPOSER_NO_INTERACTION', '1'), ('PATH', '/home/jetson/.local/bin:/usr/local/cuda-12.6/bin:/home/jetson/.cursor-server/cli/servers/Stable-20adc1003928b0f1b99305dbaf845656ff81f5d0/server/bin/remote-cli:/home/jetson/.local/bin:/home/jetson/yahboomcar_ros2_ws/software/library_ws/install/costmap_converter/bin:/opt/ros/humble/bin:/usr/local/cuda-12.6/bin:/usr/local/sbin:/usr/local/bin:/usr/sbin:/usr/bin:/sbin:/bin:/usr/games:/usr/local/games:/snap/bin'), ('VSCODE_AGENT_FOLDER', '/home/jetson/.cursor-server'), ('PAPERSIZE', 'letter'), ('LC_ADDRESS', 'en_US.UTF-8'), ('XDG_RUNTIME_DIR', '/run/user/1000'), ('SSL_CERT_DIR', '/usr/lib/ssl/certs'), ('CURSOR_AGENT', '1'), ('LANG', 'en_US.UTF-8'), ('LC_TELEPHONE', 'en_US.UTF-8'), ('LS_COLORS', ''), ('JETSON_SOC', 'tegra234'), ('ROS_DOMAIN_ID', '28'), ('AMENT_PREFIX_PATH', '/home/jetson/yahboomcar_ros2_ws_new/yahboomcar_ws/install/yahboomcar_voice_ctrl:/home/jetson/yahboomcar_ros2_ws_new/yahboomcar_ws/install/yahboomcar_visual:/home/jetson/yahboomcar_ros2_ws_new/yahboomcar_ws/install/yahboomcar_slam:/home/jetson/yahboomcar_ros2_ws_new/yahboomcar_ws/install/yahboomcar_rviz:/home/jetson/yahboomcar_ros2_ws_new/yahboomcar_ws/install/yahboomcar_point:/home/jetson/yahboomcar_ros2_ws_new/yahboomcar_ws/install/yahboomcar_nav:/home/jetson/yahboomcar_ros2_ws_new/yahboomcar_ws/install/yahboomcar_multi:/home/jetson/yahboomcar_ros2_ws_new/yahboomcar_ws/install/arm_autopilot:/home/jetson/yahboomcar_ros2_ws_new/yahboomcar_ws/install/yahboomcar_msgs:/home/jetson/yahboomcar_ros2_ws_new/yahboomcar_ws/install/yahboomcar_mediapipe:/home/jetson/yahboomcar_ros2_ws_new/yahboomcar_ws/install/yahboomcar_linefollow:/home/jetson/yahboomcar_ros2_ws_new/yahboomcar_ws/install/yahboomcar_laser:/home/jetson/yahboomcar_ros2_ws_new/yahboomcar_ws/install/yahboomcar_description_x1:/home/jetson/yahboomcar_ros2_ws_new/yahboomcar_ws/install/yahboomcar_description:/home/jetson/yahboomcar_ros2_ws_new/yahboomcar_ws/install/yahboomcar_ctrl:/home/jetson/yahboomcar_ros2_ws_new/yahboomcar_ws/install/yahboomcar_bringup:/home/jetson/yahboomcar_ros2_ws_new/yahboomcar_ws/install/yahboomcar_base_node:/home/jetson/yahboomcar_ros2_ws_new/yahboomcar_ws/install/yahboomcar_astra:/home/jetson/yahboomcar_ros2_ws_new/yahboomcar_ws/install/yahboomcar_KCFTracker:/home/jetson/yahboomcar_ros2_ws_new/yahboomcar_ws/install/yahboom_web_savmap_interfaces:/home/jetson/yahboomcar_ros2_ws_new/yahboomcar_ws/install/yahboom_app_save_map:/home/jetson/yahboomcar_ros2_ws_new/yahboomcar_ws/install/robot_pose_publisher_ros2:/home/jetson/yahboomcar_ros2_ws_new/yahboomcar_ws/install/laserscan_to_point_pulisher:/home/jetson/yahboomcar_ws/install/yahboomcar_voice_ctrl:/home/jetson/yahboomcar_ws/install/yahboomcar_slam:/home/jetson/yahboomcar_ws/install/yahboomcar_nav:/home/jetson/yahboomcar_ws/install/yahboomcar_astra:/home/jetson/yahboomcar_ws/install/yahboomcar_ctrl:/home/jetson/yahboomcar_ws/install/yahboomcar_bringup:/home/jetson/yahboomcar_ws/install/yahboomcar_msgs:/home/jetson/yahboomcar_ws/install/yahboomcar_linefollw:/home/jetson/yahboomcar_ws/install/yahboomcar_laser:/home/jetson/yahboomcar_ws/install/yahboomcar_description:/home/jetson/yahboomcar_ws/install/ros2_orbslam:/home/jetson/yahboomcar_ws/install/cv_bridge:/home/jetson/yahboomcar_ros2_ws/software/library_ws/install/ydlidar_ros2_driver:/home/jetson/yahboomcar_ros2_ws/software/library_ws/install/web_video_server:/home/jetson/yahboomcar_ros2_ws/software/library_ws/install/teb_local_planner:/home/jetson/yahboomcar_ros2_ws/software/library_ws/install/teb_msgs:/home/jetson/yahboomcar_ros2_ws/software/library_ws/install/sllidar_ros2:/home/jetson/yahboomcar_ros2_ws/software/library_ws/install/slam_gmapping:/home/jetson/yahboomcar_ros2_ws/software/library_ws/install/robot_localization:/home/jetson/yahboomcar_ros2_ws/software/library_ws/install/openslam_gmapping:/home/jetson/yahboomcar_ros2_ws/software/library_ws/install/costmap_converter:/home/jetson/yahboomcar_ros2_ws/software/library_ws/install/costmap_converter_msgs:/home/jetson/yahboomcar_ros2_ws/software/library_ws/install/astra_camera:/home/jetson/yahboomcar_ros2_ws/software/library_ws/install/astra_camera_msgs:/opt/ros/humble'), ('SHELL', '/bin/bash'), ('LC_NAME', 'en_US.UTF-8'), ('LESSCLOSE', '/usr/bin/lesspipe %s %s'), ('LC_MEASUREMENT', 'en_US.UTF-8'), ('LC_IDENTIFICATION', 'en_US.UTF-8'), ('RPLIDAR_TYPE', 'a1'), ('JETSON_CUDA_ARCH_BIN', '8.7'), ('PWD', '/home/jetson/yahboomcar_ros2_ws_new/yahboomcar_ws/build/yahboomcar_msgs'), ('SSH_CONNECTION', '192.168.1.226 60141 192.168.1.85 22'), ('XDG_DATA_DIRS', '/usr/share/gnome:/home/jetson/.local/share/flatpak/exports/share:/var/lib/flatpak/exports/share:/usr/local/share:/usr/share:/var/lib/snapd/desktop:/var/lib/flatpak/exports/share:/home/jetson/.local/share/flatpak/exports/share:/var/lib/flatpak/exports/share:/home/jetson/.local/share/flatpak/exports/share'), ('PYTHONPATH', '/home/jetson/yahboomcar_ros2_ws_new/yahboomcar_ws/build/yahboomcar_voice_ctrl:/home/jetson/yahboomcar_ros2_ws_new/yahboomcar_ws/install/yahboomcar_voice_ctrl/lib/python3.10/site-packages:/home/jetson/yahboomcar_ros2_ws_new/yahboomcar_ws/build/yahboomcar_visual:/home/jetson/yahboomcar_ros2_ws_new/yahboomcar_ws/install/yahboomcar_visual/lib/python3.10/site-packages:/home/jetson/yahboomcar_ros2_ws_new/yahboomcar_ws/build/yahboomcar_rviz:/home/jetson/yahboomcar_ros2_ws_new/yahboomcar_ws/install/yahboomcar_rviz/lib/python3.10/site-packages:/home/jetson/yahboomcar_ros2_ws_new/yahboomcar_ws/build/yahboomcar_nav:/home/jetson/yahboomcar_ros2_ws_new/yahboomcar_ws/install/yahboomcar_nav/lib/python3.10/site-packages:/home/jetson/yahboomcar_ros2_ws_new/yahboomcar_ws/build/yahboomcar_multi:/home/jetson/yahboomcar_ros2_ws_new/yahboomcar_ws/install/yahboomcar_multi/lib/python3.10/site-packages:/home/jetson/yahboomcar_ros2_ws_new/yahboomcar_ws/install/arm_autopilot/local/lib/python3.10/dist-packages:/home/jetson/yahboomcar_ros2_ws_new/yahboomcar_ws/install/yahboomcar_msgs/local/lib/python3.10/dist-packages:/home/jetson/yahboomcar_ros2_ws_new/yahboomcar_ws/build/yahboomcar_mediapipe:/home/jetson/yahboomcar_ros2_ws_new/yahboomcar_ws/install/yahboomcar_mediapipe/lib/python3.10/site-packages:/home/jetson/yahboomcar_ros2_ws_new/yahboomcar_ws/build/yahboomcar_linefollow:/home/jetson/yahboomcar_ros2_ws_new/yahboomcar_ws/install/yahboomcar_linefollow/lib/python3.10/site-packages:/home/jetson/yahboomcar_ros2_ws_new/yahboomcar_ws/build/yahboomcar_laser:/home/jetson/yahboomcar_ros2_ws_new/yahboomcar_ws/install/yahboomcar_laser/lib/python3.10/site-packages:/home/jetson/yahboomcar_ros2_ws_new/yahboomcar_ws/build/yahboomcar_description_x1:/home/jetson/yahboomcar_ros2_ws_new/yahboomcar_ws/install/yahboomcar_description_x1/lib/python3.10/site-packages:/home/jetson/yahboomcar_ros2_ws_new/yahboomcar_ws/build/yahboomcar_description:/home/jetson/yahboomcar_ros2_ws_new/yahboomcar_ws/install/yahboomcar_description/lib/python3.10/site-packages:/home/jetson/yahboomcar_ros2_ws_new/yahboomcar_ws/build/yahboomcar_ctrl:/home/jetson/yahboomcar_ros2_ws_new/yahboomcar_ws/install/yahboomcar_ctrl/lib/python3.10/site-packages:/home/jetson/yahboomcar_ros2_ws_new/yahboomcar_ws/build/yahboomcar_bringup:/home/jetson/yahboomcar_ros2_ws_new/yahboomcar_ws/install/yahboomcar_bringup/lib/python3.10/site-packages:/home/jetson/yahboomcar_ros2_ws_new/yahboomcar_ws/build/yahboomcar_astra:/home/jetson/yahboomcar_ros2_ws_new/yahboomcar_ws/install/yahboomcar_astra/lib/python3.10/site-packages:/home/jetson/yahboomcar_ros2_ws_new/yahboomcar_ws/install/yahboom_web_savmap_interfaces/local/lib/python3.10/dist-packages:/home/jetson/yahboomcar_ros2_ws_new/yahboomcar_ws/build/yahboom_app_save_map:/home/jetson/yahboomcar_ros2_ws_new/yahboomcar_ws/install/yahboom_app_save_map/lib/python3.10/site-packages:/home/jetson/yahboomcar_ros2_ws_new/yahboomcar_ws/build/laserscan_to_point_pulisher:/home/jetson/yahboomcar_ros2_ws_new/yahboomcar_ws/install/laserscan_to_point_pulisher/lib/python3.10/site-packages:/usr/local/lib/python3.10/site-packages/:/home/jetson/yahboomcar_ws/install/yahboomcar_msgs/local/lib/python3.10/dist-packages:/home/jetson/yahboomcar_ws/install/cv_bridge/local/lib/python3.10/dist-packages:/home/jetson/yahboomcar_ros2_ws/software/library_ws/install/teb_msgs/local/lib/python3.10/dist-packages:/home/jetson/yahboomcar_ros2_ws/software/library_ws/install/robot_localization/local/lib/python3.10/dist-packages:/home/jetson/yahboomcar_ros2_ws/software/library_ws/install/costmap_converter_msgs/local/lib/python3.10/dist-packages:/home/jetson/yahboomcar_ros2_ws/software/library_ws/install/astra_camera_msgs/local/lib/python3.10/dist-packages:/opt/ros/humble/lib/python3.10/site-packages:/opt/ros/humble/local/lib/python3.10/dist-packages:/usr/local/lib/python3.10/site-packages/:'), ('LC_NUMERIC', 'en_US.UTF-8'), ('LC_PAPER', 'en_US.UTF-8'), ('COLCON', '1'), ('_ZO_DOCTOR', '0'), ('JETSON_JETPACK', ''), ('CMAKE_PREFIX_PATH', '/home/jetson/yahboomcar_ros2_ws_new/yahboomcar_ws/install/yahboomcar_slam:/home/jetson/yahboomcar_ros2_ws_new/yahboomcar_ws/install/yahboomcar_point:/home/jetson/yahboomcar_ros2_ws_new/yahboomcar_ws/install/arm_autopilot:/home/jetson/yahboomcar_ros2_ws_new/yahboomcar_ws/install/yahboomcar_msgs:/home/jetson/yahboomcar_ros2_ws_new/yahboomcar_ws/install/yahboomcar_base_node:/home/jetson/yahboomcar_ros2_ws_new/yahboomcar_ws/install/yahboomcar_KCFTracker:/home/jetson/yahboomcar_ros2_ws_new/yahboomcar_ws/install/yahboom_web_savmap_interfaces:/home/jetson/yahboomcar_ros2_ws_new/yahboomcar_ws/install/robot_pose_publisher_ros2:/home/jetson/yahboomcar_ws/install/yahboomcar_voice_ctrl:/home/jetson/yahboomcar_ws/install/yahboomcar_slam:/home/jetson/yahboomcar_ws/install/yahboomcar_nav:/home/jetson/yahboomcar_ws/install/yahboomcar_astra:/home/jetson/yahboomcar_ws/install/yahboomcar_ctrl:/home/jetson/yahboomcar_ws/install/yahboomcar_bringup:/home/jetson/yahboomcar_ws/install/yahboomcar_msgs:/home/jetson/yahboomcar_ws/install/yahboomcar_linefollw:/home/jetson/yahboomcar_ws/install/yahboomcar_laser:/home/jetson/yahboomcar_ws/install/yahboomcar_description:/home/jetson/yahboomcar_ws/install/ros2_orbslam:/home/jetson/yahboomcar_ws/install/cv_bridge:/home/jetson/yahboomcar_ros2_ws/software/library_ws/install/ydlidar_ros2_driver:/home/jetson/yahboomcar_ros2_ws/software/library_ws/install/web_video_server:/home/jetson/yahboomcar_ros2_ws/software/library_ws/install/teb_local_planner:/home/jetson/yahboomcar_ros2_ws/software/library_ws/install/teb_msgs:/home/jetson/yahboomcar_ros2_ws/software/library_ws/install/sllidar_ros2:/home/jetson/yahboomcar_ros2_ws/software/library_ws/install/slam_gmapping:/home/jetson/yahboomcar_ros2_ws/software/library_ws/install/robot_localization:/home/jetson/yahboomcar_ros2_ws/software/library_ws/install/openslam_gmapping:/home/jetson/yahboomcar_ros2_ws/software/library_ws/install/costmap_converter:/home/jetson/yahboomcar_ros2_ws/software/library_ws/install/costmap_converter_msgs:/home/jetson/yahboomcar_ros2_ws/software/library_ws/install/astra_camera:/home/jetson/yahboomcar_ros2_ws/software/library_ws/install/astra_camera_msgs:/home/jetson/yahboomcar_ros2_ws_new/yahboomcar_ws/install/yahboomcar_voice_ctrl:/home/jetson/yahboomcar_ros2_ws_new/yahboomcar_ws/install/yahboomcar_visual:/home/jetson/yahboomcar_ros2_ws_new/yahboomcar_ws/install/yahboomcar_rviz:/home/jetson/yahboomcar_ros2_ws_new/yahboomcar_ws/install/yahboomcar_nav:/home/jetson/yahboomcar_ros2_ws_new/yahboomcar_ws/install/yahboomcar_multi:/home/jetson/yahboomcar_ros2_ws_new/yahboomcar_ws/install/yahboomcar_mediapipe:/home/jetson/yahboomcar_ros2_ws_new/yahboomcar_ws/install/yahboomcar_linefollow:/home/jetson/yahboomcar_ros2_ws_new/yahboomcar_ws/install/yahboomcar_laser:/home/jetson/yahboomcar_ros2_ws_new/yahboomcar_ws/install/yahboomcar_description_x1:/home/jetson/yahboomcar_ros2_ws_new/yahboomcar_ws/install/yahboomcar_description:/home/jetson/yahboomcar_ros2_ws_new/yahboomcar_ws/install/yahboomcar_ctrl:/home/jetson/yahboomcar_ros2_ws_new/yahboomcar_ws/install/yahboomcar_bringup:/home/jetson/yahboomcar_ros2_ws_new/yahboomcar_ws/install/yahboomcar_astra:/home/jetson/yahboomcar_ros2_ws_new/yahboomcar_ws/install/yahboom_app_save_map:/home/jetson/yahboomcar_ros2_ws_new/yahboomcar_ws/install/laserscan_to_point_pulisher:/opt/ros/humble'), ('JETSON_P_NUMBER', 'p3767-0005')]), 'shell': False}
[0.097385] (yahboomcar_msgs) StdoutLine: {'line': b'-- Found ament_cmake: 1.3.11 (/opt/ros/humble/share/ament_cmake/cmake)\n'}
[0.098997] (-) TimerEvent: {}
[0.199265] (-) TimerEvent: {}
[0.299679] (-) TimerEvent: {}
[0.400092] (-) TimerEvent: {}
[0.468629] (yahboomcar_msgs) StdoutLine: {'line': b'-- Override CMake install command with custom implementation using symlinks instead of copying resources\n'}
[0.481584] (yahboomcar_msgs) StdoutLine: {'line': b'-- Found rosidl_default_generators: 1.2.0 (/opt/ros/humble/share/rosidl_default_generators/cmake)\n'}
[0.497292] (yahboomcar_msgs) StdoutLine: {'line': b'-- Using all available rosidl_typesupport_c: rosidl_typesupport_fastrtps_c;rosidl_typesupport_introspection_c\n'}
[0.500194] (-) TimerEvent: {}
[0.501541] (yahboomcar_msgs) StdoutLine: {'line': b'-- Found rosidl_adapter: 3.1.6 (/opt/ros/humble/share/rosidl_adapter/cmake)\n'}
[0.560385] (yahboomcar_msgs) StdoutLine: {'line': b'-- Using all available rosidl_typesupport_cpp: rosidl_typesupport_fastrtps_cpp;rosidl_typesupport_introspection_cpp\n'}
[0.600338] (-) TimerEvent: {}
[0.601785] (yahboomcar_msgs) StdoutLine: {'line': b'-- Found geometry_msgs: 4.8.0 (/opt/ros/humble/share/geometry_msgs/cmake)\n'}
[0.700509] (-) TimerEvent: {}
[0.800913] (-) TimerEvent: {}
[0.901325] (-) TimerEvent: {}
[1.001748] (-) TimerEvent: {}
[1.102212] (-) TimerEvent: {}
[1.202694] (-) TimerEvent: {}
[1.303164] (-) TimerEvent: {}
[1.403608] (-) TimerEvent: {}
[1.504069] (-) TimerEvent: {}
[1.532353] (yahboomcar_msgs) StdoutLine: {'line': b'-- Found ament_cmake_ros: 0.10.0 (/opt/ros/humble/share/ament_cmake_ros/cmake)\n'}
[1.604242] (-) TimerEvent: {}
[1.704623] (-) TimerEvent: {}
[1.805075] (-) TimerEvent: {}
[1.905498] (-) TimerEvent: {}
[2.005982] (-) TimerEvent: {}
[2.106444] (-) TimerEvent: {}
[2.206905] (-) TimerEvent: {}
[2.287381] (yahboomcar_msgs) StdoutLine: {'line': b'-- Using all available rosidl_typesupport_c: rosidl_typesupport_fastrtps_c;rosidl_typesupport_introspection_c\n'}
[2.307004] (-) TimerEvent: {}
[2.407318] (-) TimerEvent: {}
[2.507702] (-) TimerEvent: {}
[2.608118] (-) TimerEvent: {}
[2.708559] (-) TimerEvent: {}
[2.808962] (-) TimerEvent: {}
[2.909344] (-) TimerEvent: {}
[3.009755] (-) TimerEvent: {}
[3.110188] (-) TimerEvent: {}
[3.210608] (-) TimerEvent: {}
[3.263071] (yahboomcar_msgs) StdoutLine: {'line': b'-- Using all available rosidl_typesupport_cpp: rosidl_typesupport_fastrtps_cpp;rosidl_typesupport_introspection_cpp\n'}
[3.310776] (-) TimerEvent: {}
[3.342444] (yahboomcar_msgs) StdoutLine: {'line': b'-- Found python_cmake_module: 0.10.0 (/opt/ros/humble/share/python_cmake_module/cmake)\n'}
[3.410929] (-) TimerEvent: {}
[3.424429] (yahboomcar_msgs) StdoutLine: {'line': b'-- Using PYTHON_EXECUTABLE: /usr/bin/python3\n'}
[3.425068] (yahboomcar_msgs) StdoutLine: {'line': b'-- Using PYTHON_INCLUDE_DIRS: /usr/include/python3.10\n'}
[3.425363] (yahboomcar_msgs) StdoutLine: {'line': b'-- Using PYTHON_LIBRARIES: /usr/lib/aarch64-linux-gnu/libpython3.10.so\n'}
[3.511132] (-) TimerEvent: {}
[3.611563] (-) TimerEvent: {}
[3.711955] (-) TimerEvent: {}
[3.774502] (yahboomcar_msgs) StdoutLine: {'line': b'-- Using numpy include directory: /home/jetson/.local/lib/python3.10/site-packages/numpy/core/include\n'}
[3.812109] (-) TimerEvent: {}
[3.855894] (yahboomcar_msgs) StdoutLine: {'line': b'-- Found ament_lint_auto: 0.12.12 (/opt/ros/humble/share/ament_lint_auto/cmake)\n'}
[3.876057] (yahboomcar_msgs) StdoutLine: {'line': b"-- Added test 'copyright' to check source files copyright and LICENSE\n"}
[3.878792] (yahboomcar_msgs) StdoutLine: {'line': b"-- Added test 'lint_cmake' to check CMake code style\n"}
[3.880487] (yahboomcar_msgs) StdoutLine: {'line': b"-- Added test 'xmllint' to check XML markup files\n"}
[3.886294] (yahboomcar_msgs) StdoutLine: {'line': b'-- Configuring done\n'}
[3.912262] (-) TimerEvent: {}
[3.965827] (yahboomcar_msgs) StdoutLine: {'line': b'-- Generating done\n'}
[3.988159] (yahboomcar_msgs) StdoutLine: {'line': b'-- Build files have been written to: /home/jetson/yahboomcar_ros2_ws_new/yahboomcar_ws/build/yahboomcar_msgs\n'}
[4.012450] (-) TimerEvent: {}
[4.055629] (yahboomcar_msgs) StdoutLine: {'line': b'[  1%] Generating C code for ROS interfaces\n'}
[4.078929] (yahboomcar_msgs) StdoutLine: {'line': b'[  2%] Generating C++ code for ROS interfaces\n'}
[4.100947] (yahboomcar_msgs) StdoutLine: {'line': b'[  2%] Built target ament_cmake_python_symlink_yahboomcar_msgs\n'}
[4.112585] (-) TimerEvent: {}
[4.212934] (-) TimerEvent: {}
[4.313289] (-) TimerEvent: {}
[4.413656] (-) TimerEvent: {}
[4.514296] (-) TimerEvent: {}
[4.614635] (-) TimerEvent: {}
[4.714968] (-) TimerEvent: {}
[4.720274] (yahboomcar_msgs) StdoutLine: {'line': b'running egg_info\n'}
[4.773802] (yahboomcar_msgs) StdoutLine: {'line': b'writing yahboomcar_msgs.egg-info/PKG-INFO\n'}
[4.774743] (yahboomcar_msgs) StdoutLine: {'line': b'writing dependency_links to yahboomcar_msgs.egg-info/dependency_links.txt\n'}
[4.775582] (yahboomcar_msgs) StdoutLine: {'line': b'writing top-level names to yahboomcar_msgs.egg-info/top_level.txt\n'}
[4.815106] (-) TimerEvent: {}
[4.915445] (-) TimerEvent: {}
[4.934735] (yahboomcar_msgs) StdoutLine: {'line': b"reading manifest file 'yahboomcar_msgs.egg-info/SOURCES.txt'\n"}
[4.936865] (yahboomcar_msgs) StdoutLine: {'line': b"writing manifest file 'yahboomcar_msgs.egg-info/SOURCES.txt'\n"}
[5.015641] (-) TimerEvent: {}
[5.031224] (yahboomcar_msgs) StdoutLine: {'line': b'[  2%] Built target ament_cmake_python_build_yahboomcar_msgs_egg\n'}
[5.115800] (-) TimerEvent: {}
[5.216176] (-) TimerEvent: {}
[5.264766] (yahboomcar_msgs) StdoutLine: {'line': b'Consolidate compiler generated dependencies of target yahboomcar_msgs__rosidl_generator_c\n'}
[5.274629] (yahboomcar_msgs) StdoutLine: {'line': b'[  2%] Built target yahboomcar_msgs__cpp\n'}
[5.291297] (yahboomcar_msgs) StdoutLine: {'line': b'[  7%] Building C object CMakeFiles/yahboomcar_msgs__rosidl_generator_c.dir/rosidl_generator_c/yahboomcar_msgs/msg/detail/arm_joint__functions.c.o\n'}
[5.291734] (yahboomcar_msgs) StdoutLine: {'line': b'[  7%] Building C object CMakeFiles/yahboomcar_msgs__rosidl_generator_c.dir/rosidl_generator_c/yahboomcar_msgs/msg/detail/image_msg__functions.c.o\n'}
[5.291883] (yahboomcar_msgs) StdoutLine: {'line': b'[  7%] Building C object CMakeFiles/yahboomcar_msgs__rosidl_generator_c.dir/rosidl_generator_c/yahboomcar_msgs/msg/detail/point_array__functions.c.o\n'}
[5.308553] (yahboomcar_msgs) StdoutLine: {'line': b'[  8%] Building C object CMakeFiles/yahboomcar_msgs__rosidl_generator_c.dir/rosidl_generator_c/yahboomcar_msgs/msg/detail/position__functions.c.o\n'}
[5.313009] (yahboomcar_msgs) StdoutLine: {'line': b'[  9%] Generating C++ type support dispatch for ROS interfaces\n'}
[5.313980] (yahboomcar_msgs) StdoutLine: {'line': b'[ 11%] Building C object CMakeFiles/yahboomcar_msgs__rosidl_generator_c.dir/rosidl_generator_c/yahboomcar_msgs/msg/detail/target__functions.c.o\n'}
[5.316322] (-) TimerEvent: {}
[5.420203] (-) TimerEvent: {}
[5.422579] (yahboomcar_msgs) StdoutLine: {'line': b'[ 12%] Building C object CMakeFiles/yahboomcar_msgs__rosidl_generator_c.dir/rosidl_generator_c/yahboomcar_msgs/msg/detail/target_array__functions.c.o\n'}
[5.438462] (yahboomcar_msgs) StdoutLine: {'line': b'[ 14%] Generating C++ type support for eProsima Fast-RTPS\n'}
[5.443998] (yahboomcar_msgs) StdoutLine: {'line': b'[ 15%] Generating C++ introspection for ROS interfaces\n'}
[5.520557] (-) TimerEvent: {}
[5.528816] (yahboomcar_msgs) StdoutLine: {'line': b'[ 16%] Linking C shared library libyahboomcar_msgs__rosidl_generator_c.so\n'}
[5.611506] (yahboomcar_msgs) StdoutLine: {'line': b'[ 16%] Built target yahboomcar_msgs__rosidl_generator_c\n'}
[5.620940] (-) TimerEvent: {}
[5.638797] (yahboomcar_msgs) StdoutLine: {'line': b'[ 18%] Generating C introspection for ROS interfaces\n'}
[5.643243] (yahboomcar_msgs) StdoutLine: {'line': b'[ 19%] Generating C type support for eProsima Fast-RTPS\n'}
[5.652329] (yahboomcar_msgs) StdoutLine: {'line': b'[ 21%] Generating C type support dispatch for ROS interfaces\n'}
[5.721092] (-) TimerEvent: {}
[5.821458] (-) TimerEvent: {}
[5.921822] (-) TimerEvent: {}
[6.022419] (-) TimerEvent: {}
[6.122772] (-) TimerEvent: {}
[6.188637] (yahboomcar_msgs) StdoutLine: {'line': b'Consolidate compiler generated dependencies of target yahboomcar_msgs__rosidl_typesupport_cpp\n'}
[6.215679] (yahboomcar_msgs) StdoutLine: {'line': b'[ 22%] Building CXX object CMakeFiles/yahboomcar_msgs__rosidl_typesupport_cpp.dir/rosidl_typesupport_cpp/yahboomcar_msgs/msg/arm_joint__type_support.cpp.o\n'}
[6.222924] (-) TimerEvent: {}
[6.323303] (-) TimerEvent: {}
[6.423699] (-) TimerEvent: {}
[6.435893] (yahboomcar_msgs) StdoutLine: {'line': b'Consolidate compiler generated dependencies of target yahboomcar_msgs__rosidl_typesupport_introspection_cpp\n'}
[6.464118] (yahboomcar_msgs) StdoutLine: {'line': b'[ 23%] Building CXX object CMakeFiles/yahboomcar_msgs__rosidl_typesupport_introspection_cpp.dir/rosidl_typesupport_introspection_cpp/yahboomcar_msgs/msg/detail/arm_joint__type_support.cpp.o\n'}
[6.508826] (yahboomcar_msgs) StdoutLine: {'line': b'Consolidate compiler generated dependencies of target yahboomcar_msgs__rosidl_typesupport_fastrtps_cpp\n'}
[6.523913] (-) TimerEvent: {}
[6.540853] (yahboomcar_msgs) StdoutLine: {'line': b'[ 25%] Building CXX object CMakeFiles/yahboomcar_msgs__rosidl_typesupport_fastrtps_cpp.dir/rosidl_typesupport_fastrtps_cpp/yahboomcar_msgs/msg/detail/dds_fastrtps/arm_joint__type_support.cpp.o\n'}
[6.581373] (yahboomcar_msgs) StdoutLine: {'line': b'Consolidate compiler generated dependencies of target yahboomcar_msgs__rosidl_typesupport_c\n'}
[6.609301] (yahboomcar_msgs) StdoutLine: {'line': b'[ 26%] Building CXX object CMakeFiles/yahboomcar_msgs__rosidl_typesupport_c.dir/rosidl_typesupport_c/yahboomcar_msgs/msg/arm_joint__type_support.cpp.o\n'}
[6.624119] (-) TimerEvent: {}
[6.689642] (yahboomcar_msgs) StdoutLine: {'line': b'[ 28%] Building CXX object CMakeFiles/yahboomcar_msgs__rosidl_typesupport_c.dir/rosidl_typesupport_c/yahboomcar_msgs/msg/image_msg__type_support.cpp.o\n'}
[6.708044] (yahboomcar_msgs) StdoutLine: {'line': b'Consolidate compiler generated dependencies of target yahboomcar_msgs__rosidl_typesupport_introspection_c\n'}
[6.724347] (-) TimerEvent: {}
[6.749590] (yahboomcar_msgs) StdoutLine: {'line': b'[ 29%] Building C object CMakeFiles/yahboomcar_msgs__rosidl_typesupport_introspection_c.dir/rosidl_typesupport_introspection_c/yahboomcar_msgs/msg/detail/arm_joint__type_support.c.o\n'}
[6.763796] (yahboomcar_msgs) StdoutLine: {'line': b'[ 30%] Building CXX object CMakeFiles/yahboomcar_msgs__rosidl_typesupport_c.dir/rosidl_typesupport_c/yahboomcar_msgs/msg/point_array__type_support.cpp.o\n'}
[6.774570] (yahboomcar_msgs) StdoutLine: {'line': b'[ 32%] Building CXX object CMakeFiles/yahboomcar_msgs__rosidl_typesupport_cpp.dir/rosidl_typesupport_cpp/yahboomcar_msgs/msg/image_msg__type_support.cpp.o\n'}
[6.782117] (yahboomcar_msgs) StdoutLine: {'line': b'Consolidate compiler generated dependencies of target yahboomcar_msgs__rosidl_typesupport_fastrtps_c\n'}
[6.811032] (yahboomcar_msgs) StdoutLine: {'line': b'[ 33%] Building CXX object CMakeFiles/yahboomcar_msgs__rosidl_typesupport_fastrtps_c.dir/rosidl_typesupport_fastrtps_c/yahboomcar_msgs/msg/detail/arm_joint__type_support_c.cpp.o\n'}
[6.824545] (-) TimerEvent: {}
[6.833976] (yahboomcar_msgs) StdoutLine: {'line': b'[ 35%] Building CXX object CMakeFiles/yahboomcar_msgs__rosidl_typesupport_c.dir/rosidl_typesupport_c/yahboomcar_msgs/msg/position__type_support.cpp.o\n'}
[6.836544] (yahboomcar_msgs) StdoutLine: {'line': b'[ 36%] Building C object CMakeFiles/yahboomcar_msgs__rosidl_typesupport_introspection_c.dir/rosidl_typesupport_introspection_c/yahboomcar_msgs/msg/detail/image_msg__type_support.c.o\n'}
[6.908828] (yahboomcar_msgs) StdoutLine: {'line': b'[ 38%] Building CXX object CMakeFiles/yahboomcar_msgs__rosidl_typesupport_c.dir/rosidl_typesupport_c/yahboomcar_msgs/msg/target__type_support.cpp.o\n'}
[6.918934] (yahboomcar_msgs) StdoutLine: {'line': b'[ 39%] Building C object CMakeFiles/yahboomcar_msgs__rosidl_typesupport_introspection_c.dir/rosidl_typesupport_introspection_c/yahboomcar_msgs/msg/detail/point_array__type_support.c.o\n'}
[6.924750] (-) TimerEvent: {}
[6.992064] (yahboomcar_msgs) StdoutLine: {'line': b'[ 40%] Building CXX object CMakeFiles/yahboomcar_msgs__rosidl_typesupport_c.dir/rosidl_typesupport_c/yahboomcar_msgs/msg/target_array__type_support.cpp.o\n'}
[7.013859] (yahboomcar_msgs) StdoutLine: {'line': b'[ 42%] Building C object CMakeFiles/yahboomcar_msgs__rosidl_typesupport_introspection_c.dir/rosidl_typesupport_introspection_c/yahboomcar_msgs/msg/detail/position__type_support.c.o\n'}
[7.024957] (-) TimerEvent: {}
[7.064810] (yahboomcar_msgs) StdoutLine: {'line': b'[ 43%] Linking CXX shared library libyahboomcar_msgs__rosidl_typesupport_c.so\n'}
[7.100003] (yahboomcar_msgs) StdoutLine: {'line': b'[ 45%] Building C object CMakeFiles/yahboomcar_msgs__rosidl_typesupport_introspection_c.dir/rosidl_typesupport_introspection_c/yahboomcar_msgs/msg/detail/target__type_support.c.o\n'}
[7.125178] (-) TimerEvent: {}
[7.157391] (yahboomcar_msgs) StdoutLine: {'line': b'[ 45%] Built target yahboomcar_msgs__rosidl_typesupport_c\n'}
[7.181434] (yahboomcar_msgs) StdoutLine: {'line': b'[ 46%] Building C object CMakeFiles/yahboomcar_msgs__rosidl_typesupport_introspection_c.dir/rosidl_typesupport_introspection_c/yahboomcar_msgs/msg/detail/target_array__type_support.c.o\n'}
[7.189258] (yahboomcar_msgs) StdoutLine: {'line': b'[ 47%] Building CXX object CMakeFiles/yahboomcar_msgs__rosidl_typesupport_introspection_cpp.dir/rosidl_typesupport_introspection_cpp/yahboomcar_msgs/msg/detail/image_msg__type_support.cpp.o\n'}
[7.225376] (-) TimerEvent: {}
[7.267536] (yahboomcar_msgs) StdoutLine: {'line': b'[ 49%] Linking C shared library libyahboomcar_msgs__rosidl_typesupport_introspection_c.so\n'}
[7.325591] (-) TimerEvent: {}
[7.342342] (yahboomcar_msgs) StdoutLine: {'line': b'[ 49%] Built target yahboomcar_msgs__rosidl_typesupport_introspection_c\n'}
[7.348603] (yahboomcar_msgs) StdoutLine: {'line': b'[ 50%] Building CXX object CMakeFiles/yahboomcar_msgs__rosidl_typesupport_introspection_cpp.dir/rosidl_typesupport_introspection_cpp/yahboomcar_msgs/msg/detail/point_array__type_support.cpp.o\n'}
[7.362308] (yahboomcar_msgs) StdoutLine: {'line': b'[ 53%] Building CXX object CMakeFiles/yahboomcar_msgs__rosidl_typesupport_cpp.dir/rosidl_typesupport_cpp/yahboomcar_msgs/msg/point_array__type_support.cpp.o\n'}
[7.362752] (yahboomcar_msgs) StdoutLine: {'line': b'[ 53%] Building CXX object CMakeFiles/yahboomcar_msgs__rosidl_typesupport_fastrtps_cpp.dir/rosidl_typesupport_fastrtps_cpp/yahboomcar_msgs/msg/detail/dds_fastrtps/image_msg__type_support.cpp.o\n'}
[7.425785] (-) TimerEvent: {}
[7.465574] (yahboomcar_msgs) StdoutLine: {'line': b'[ 54%] Building CXX object CMakeFiles/yahboomcar_msgs__rosidl_typesupport_cpp.dir/rosidl_typesupport_cpp/yahboomcar_msgs/msg/position__type_support.cpp.o\n'}
[7.493046] (yahboomcar_msgs) StdoutLine: {'line': b'[ 56%] Building CXX object CMakeFiles/yahboomcar_msgs__rosidl_typesupport_fastrtps_c.dir/rosidl_typesupport_fastrtps_c/yahboomcar_msgs/msg/detail/image_msg__type_support_c.cpp.o\n'}
[7.526021] (-) TimerEvent: {}
[7.626456] (-) TimerEvent: {}
[7.726929] (-) TimerEvent: {}
[7.827418] (-) TimerEvent: {}
[7.927923] (-) TimerEvent: {}
[8.028411] (-) TimerEvent: {}
[8.036175] (yahboomcar_msgs) StdoutLine: {'line': b'[ 57%] Building CXX object CMakeFiles/yahboomcar_msgs__rosidl_typesupport_cpp.dir/rosidl_typesupport_cpp/yahboomcar_msgs/msg/target__type_support.cpp.o\n'}
[8.087100] (yahboomcar_msgs) StdoutLine: {'line': b'[ 59%] Building CXX object CMakeFiles/yahboomcar_msgs__rosidl_typesupport_cpp.dir/rosidl_typesupport_cpp/yahboomcar_msgs/msg/target_array__type_support.cpp.o\n'}
[8.128625] (-) TimerEvent: {}
[8.138524] (yahboomcar_msgs) StdoutLine: {'line': b'[ 60%] Building CXX object CMakeFiles/yahboomcar_msgs__rosidl_typesupport_fastrtps_c.dir/rosidl_typesupport_fastrtps_c/yahboomcar_msgs/msg/detail/point_array__type_support_c.cpp.o\n'}
[8.216606] (yahboomcar_msgs) StdoutLine: {'line': b'[ 61%] Building CXX object CMakeFiles/yahboomcar_msgs__rosidl_typesupport_introspection_cpp.dir/rosidl_typesupport_introspection_cpp/yahboomcar_msgs/msg/detail/position__type_support.cpp.o\n'}
[8.228843] (-) TimerEvent: {}
[8.282491] (yahboomcar_msgs) StdoutLine: {'line': b'[ 63%] Building CXX object CMakeFiles/yahboomcar_msgs__rosidl_typesupport_introspection_cpp.dir/rosidl_typesupport_introspection_cpp/yahboomcar_msgs/msg/detail/target__type_support.cpp.o\n'}
[8.317561] (yahboomcar_msgs) StdoutLine: {'line': b'[ 64%] Building CXX object CMakeFiles/yahboomcar_msgs__rosidl_typesupport_fastrtps_cpp.dir/rosidl_typesupport_fastrtps_cpp/yahboomcar_msgs/msg/detail/dds_fastrtps/point_array__type_support.cpp.o\n'}
[8.329058] (-) TimerEvent: {}
[8.429535] (-) TimerEvent: {}
[8.530064] (-) TimerEvent: {}
[8.576619] (yahboomcar_msgs) StdoutLine: {'line': b'[ 66%] Building CXX object CMakeFiles/yahboomcar_msgs__rosidl_typesupport_fastrtps_c.dir/rosidl_typesupport_fastrtps_c/yahboomcar_msgs/msg/detail/position__type_support_c.cpp.o\n'}
[8.630265] (-) TimerEvent: {}
[8.677623] (yahboomcar_msgs) StdoutLine: {'line': b'[ 67%] Linking CXX shared library libyahboomcar_msgs__rosidl_typesupport_cpp.so\n'}
[8.730456] (-) TimerEvent: {}
[8.777540] (yahboomcar_msgs) StdoutLine: {'line': b'[ 67%] Built target yahboomcar_msgs__rosidl_typesupport_cpp\n'}
[8.802985] (yahboomcar_msgs) StdoutLine: {'line': b'[ 69%] Building CXX object CMakeFiles/yahboomcar_msgs__rosidl_typesupport_fastrtps_c.dir/rosidl_typesupport_fastrtps_c/yahboomcar_msgs/msg/detail/target__type_support_c.cpp.o\n'}
[8.830645] (-) TimerEvent: {}
[8.879703] (yahboomcar_msgs) StdoutLine: {'line': b'[ 70%] Building CXX object CMakeFiles/yahboomcar_msgs__rosidl_typesupport_fastrtps_c.dir/rosidl_typesupport_fastrtps_c/yahboomcar_msgs/msg/detail/target_array__type_support_c.cpp.o\n'}
[8.930854] (-) TimerEvent: {}
[9.006330] (yahboomcar_msgs) StdoutLine: {'line': b'[ 71%] Building CXX object CMakeFiles/yahboomcar_msgs__rosidl_typesupport_introspection_cpp.dir/rosidl_typesupport_introspection_cpp/yahboomcar_msgs/msg/detail/target_array__type_support.cpp.o\n'}
[9.031048] (-) TimerEvent: {}
[9.047282] (yahboomcar_msgs) StdoutLine: {'line': b'[ 73%] Building CXX object CMakeFiles/yahboomcar_msgs__rosidl_typesupport_fastrtps_cpp.dir/rosidl_typesupport_fastrtps_cpp/yahboomcar_msgs/msg/detail/dds_fastrtps/position__type_support.cpp.o\n'}
[9.131260] (-) TimerEvent: {}
[9.226960] (yahboomcar_msgs) StdoutLine: {'line': b'[ 74%] Building CXX object CMakeFiles/yahboomcar_msgs__rosidl_typesupport_fastrtps_cpp.dir/rosidl_typesupport_fastrtps_cpp/yahboomcar_msgs/msg/detail/dds_fastrtps/target__type_support.cpp.o\n'}
[9.231456] (-) TimerEvent: {}
[9.241032] (yahboomcar_msgs) StdoutLine: {'line': b'[ 76%] Building CXX object CMakeFiles/yahboomcar_msgs__rosidl_typesupport_fastrtps_cpp.dir/rosidl_typesupport_fastrtps_cpp/yahboomcar_msgs/msg/detail/dds_fastrtps/target_array__type_support.cpp.o\n'}
[9.331669] (-) TimerEvent: {}
[9.432142] (-) TimerEvent: {}
[9.532616] (-) TimerEvent: {}
[9.588314] (yahboomcar_msgs) StdoutLine: {'line': b'[ 77%] Linking CXX shared library libyahboomcar_msgs__rosidl_typesupport_fastrtps_c.so\n'}
[9.632808] (-) TimerEvent: {}
[9.733275] (-) TimerEvent: {}
[9.755278] (yahboomcar_msgs) StdoutLine: {'line': b'[ 77%] Built target yahboomcar_msgs__rosidl_typesupport_fastrtps_c\n'}
[9.834109] (-) TimerEvent: {}
[9.924117] (yahboomcar_msgs) StdoutLine: {'line': b'[ 78%] Linking CXX shared library libyahboomcar_msgs__rosidl_typesupport_introspection_cpp.so\n'}
[9.934696] (-) TimerEvent: {}
[10.035109] (-) TimerEvent: {}
[10.089162] (yahboomcar_msgs) StdoutLine: {'line': b'[ 78%] Built target yahboomcar_msgs__rosidl_typesupport_introspection_cpp\n'}
[10.122205] (yahboomcar_msgs) StdoutLine: {'line': b'[ 80%] Linking CXX shared library libyahboomcar_msgs__rosidl_typesupport_fastrtps_cpp.so\n'}
[10.135232] (-) TimerEvent: {}
[10.235588] (-) TimerEvent: {}
[10.276476] (yahboomcar_msgs) StdoutLine: {'line': b'[ 80%] Built target yahboomcar_msgs__rosidl_typesupport_fastrtps_cpp\n'}
[10.332207] (yahboomcar_msgs) StdoutLine: {'line': b'[ 80%] Built target yahboomcar_msgs\n'}
[10.335691] (-) TimerEvent: {}
[10.389010] (yahboomcar_msgs) StdoutLine: {'line': b'[ 81%] Generating Python code for ROS interfaces\n'}
[10.435858] (-) TimerEvent: {}
[10.536203] (-) TimerEvent: {}
[10.636560] (-) TimerEvent: {}
[10.736911] (-) TimerEvent: {}
[10.837260] (-) TimerEvent: {}
[10.937594] (-) TimerEvent: {}
[11.037892] (-) TimerEvent: {}
[11.138229] (-) TimerEvent: {}
[11.238529] (-) TimerEvent: {}
[11.338843] (-) TimerEvent: {}
[11.439161] (-) TimerEvent: {}
[11.539494] (-) TimerEvent: {}
[11.639829] (-) TimerEvent: {}
[11.740261] (-) TimerEvent: {}
[11.761276] (yahboomcar_msgs) StdoutLine: {'line': b'[ 81%] Built target yahboomcar_msgs__py\n'}
[11.798956] (yahboomcar_msgs) StdoutLine: {'line': b'Consolidate compiler generated dependencies of target yahboomcar_msgs__rosidl_generator_py\n'}
[11.829872] (yahboomcar_msgs) StdoutLine: {'line': b'[ 85%] Building C object CMakeFiles/yahboomcar_msgs__rosidl_generator_py.dir/rosidl_generator_py/yahboomcar_msgs/msg/_image_msg_s.c.o\n'}
[11.830346] (yahboomcar_msgs) StdoutLine: {'line': b'[ 85%] Building C object CMakeFiles/yahboomcar_msgs__rosidl_generator_py.dir/rosidl_generator_py/yahboomcar_msgs/msg/_position_s.c.o\n'}
[11.830496] (yahboomcar_msgs) StdoutLine: {'line': b'[ 85%] Building C object CMakeFiles/yahboomcar_msgs__rosidl_generator_py.dir/rosidl_generator_py/yahboomcar_msgs/msg/_arm_joint_s.c.o\n'}
[11.830624] (yahboomcar_msgs) StdoutLine: {'line': b'[ 87%] Building C object CMakeFiles/yahboomcar_msgs__rosidl_generator_py.dir/rosidl_generator_py/yahboomcar_msgs/msg/_point_array_s.c.o\n'}
[11.832087] (yahboomcar_msgs) StdoutLine: {'line': b'[ 90%] Building C object CMakeFiles/yahboomcar_msgs__rosidl_generator_py.dir/rosidl_generator_py/yahboomcar_msgs/msg/_target_s.c.o\n'}
[11.832255] (yahboomcar_msgs) StdoutLine: {'line': b'[ 90%] Building C object CMakeFiles/yahboomcar_msgs__rosidl_generator_py.dir/rosidl_generator_py/yahboomcar_msgs/msg/_target_array_s.c.o\n'}
[11.840438] (-) TimerEvent: {}
[11.940838] (-) TimerEvent: {}
[12.041302] (-) TimerEvent: {}
[12.074729] (yahboomcar_msgs) StdoutLine: {'line': b'[ 91%] Linking C shared library rosidl_generator_py/yahboomcar_msgs/libyahboomcar_msgs__rosidl_generator_py.so\n'}
[12.141477] (-) TimerEvent: {}
[12.176367] (yahboomcar_msgs) StdoutLine: {'line': b'[ 91%] Built target yahboomcar_msgs__rosidl_generator_py\n'}
[12.204723] (yahboomcar_msgs) StdoutLine: {'line': b'Consolidate compiler generated dependencies of target yahboomcar_msgs__rosidl_typesupport_c__pyext\n'}
[12.205932] (yahboomcar_msgs) StdoutLine: {'line': b'Consolidate compiler generated dependencies of target yahboomcar_msgs__rosidl_typesupport_fastrtps_c__pyext\n'}
[12.206187] (yahboomcar_msgs) StdoutLine: {'line': b'Consolidate compiler generated dependencies of target yahboomcar_msgs__rosidl_typesupport_introspection_c__pyext\n'}
[12.233712] (yahboomcar_msgs) StdoutLine: {'line': b'[ 95%] Building C object CMakeFiles/yahboomcar_msgs__rosidl_typesupport_fastrtps_c__pyext.dir/rosidl_generator_py/yahboomcar_msgs/_yahboomcar_msgs_s.ep.rosidl_typesupport_fastrtps_c.c.o\n'}
[12.234405] (yahboomcar_msgs) StdoutLine: {'line': b'[ 95%] Building C object CMakeFiles/yahboomcar_msgs__rosidl_typesupport_c__pyext.dir/rosidl_generator_py/yahboomcar_msgs/_yahboomcar_msgs_s.ep.rosidl_typesupport_c.c.o\n'}
[12.234572] (yahboomcar_msgs) StdoutLine: {'line': b'[ 95%] Building C object CMakeFiles/yahboomcar_msgs__rosidl_typesupport_introspection_c__pyext.dir/rosidl_generator_py/yahboomcar_msgs/_yahboomcar_msgs_s.ep.rosidl_typesupport_introspection_c.c.o\n'}
[12.241579] (-) TimerEvent: {}
[12.341976] (-) TimerEvent: {}
[12.442408] (-) TimerEvent: {}
[12.451968] (yahboomcar_msgs) StdoutLine: {'line': b'[ 97%] Linking C shared library rosidl_generator_py/yahboomcar_msgs/yahboomcar_msgs_s__rosidl_typesupport_fastrtps_c.cpython-310-aarch64-linux-gnu.so\n'}
[12.454929] (yahboomcar_msgs) StdoutLine: {'line': b'[ 98%] Linking C shared library rosidl_generator_py/yahboomcar_msgs/yahboomcar_msgs_s__rosidl_typesupport_introspection_c.cpython-310-aarch64-linux-gnu.so\n'}
[12.463198] (yahboomcar_msgs) StdoutLine: {'line': b'[100%] Linking C shared library rosidl_generator_py/yahboomcar_msgs/yahboomcar_msgs_s__rosidl_typesupport_c.cpython-310-aarch64-linux-gnu.so\n'}
[12.542274] (yahboomcar_msgs) StdoutLine: {'line': b'[100%] Built target yahboomcar_msgs__rosidl_typesupport_fastrtps_c__pyext\n'}
[12.542718] (-) TimerEvent: {}
[12.547525] (yahboomcar_msgs) StdoutLine: {'line': b'[100%] Built target yahboomcar_msgs__rosidl_typesupport_introspection_c__pyext\n'}
[12.554814] (yahboomcar_msgs) StdoutLine: {'line': b'[100%] Built target yahboomcar_msgs__rosidl_typesupport_c__pyext\n'}
[12.585485] (yahboomcar_msgs) CommandEnded: {'returncode': 0}
[12.588063] (yahboomcar_msgs) JobProgress: {'identifier': 'yahboomcar_msgs', 'progress': 'install'}
[12.612031] (yahboomcar_msgs) Command: {'cmd': ['/usr/bin/cmake', '--install', '/home/jetson/yahboomcar_ros2_ws_new/yahboomcar_ws/build/yahboomcar_msgs'], 'cwd': '/home/jetson/yahboomcar_ros2_ws_new/yahboomcar_ws/build/yahboomcar_msgs', 'env': OrderedDict([('LESSOPEN', '| /usr/bin/lesspipe %s'), ('VSCODE_CWD', '/home/jetson'), ('VSCODE_ESM_ENTRYPOINT', 'vs/workbench/api/node/extensionHostProcess'), ('LANGUAGE', 'en_US:en'), ('USER', 'jetson'), ('SSH_CLIENT', '192.168.1.226 60141 22'), ('LC_TIME', 'en_US.UTF-8'), ('VSCODE_NLS_CONFIG', '{"userLocale":"en","osLocale":"en","resolvedLanguage":"en","defaultMessagesFile":"/home/jetson/.cursor-server/cli/servers/Stable-20adc1003928b0f1b99305dbaf845656ff81f5d0/server/out/nls.messages.json","locale":"en","availableLanguages":{}}'), ('JETSON_MODEL_NAME', 'JETSON_ORIN_NANO'), ('CAMERA_TYPE', 'astraplus'), ('VSCODE_HANDLES_UNCAUGHT_ERRORS', 'true'), ('XDG_SESSION_TYPE', 'tty'), ('SHLVL', '1'), ('LD_LIBRARY_PATH', '/home/jetson/yahboomcar_ros2_ws_new/yahboomcar_ws/install/yahboomcar_msgs/lib:/home/jetson/yahboomcar_ros2_ws_new/yahboomcar_ws/install/yahboom_web_savmap_interfaces/lib:/usr/local/lib:/home/jetson/yahboomcar_ros2_ws/software/ORB_SLAM2/lib:/home/jetson/yahboomcar_ros2_ws/software/ORB_SLAM2/Thirdparty/DBoW2/lib:/home/jetson/yahboomcar_ros2_ws/software/ORB_SLAM2/Thirdparty/g2o/lib:/home/jetson/yahboomcar_ws/install/yahboomcar_astra/usr/local/lib/yahboomcar_astra:/usr/local/lib:/usr/local/cuda-12.6/lib64:/usr/local/lib:/home/jetson/yahboomcar_ros2_ws/software/ORB_SLAM2/lib:/home/jetson/yahboomcar_ros2_ws/software/ORB_SLAM2/Thirdparty/DBoW2/lib:/home/jetson/yahboomcar_ros2_ws/software/ORB_SLAM2/Thirdparty/g2o/lib:/home/jetson/yahboomcar_ws/install/yahboomcar_astra/usr/local/lib/yahboomcar_astra:/home/jetson/yahboomcar_ws/install/yahboomcar_astra/lib:/home/jetson/yahboomcar_ws/install/yahboomcar_msgs/lib:/home/jetson/yahboomcar_ws/install/cv_bridge/lib:/home/jetson/yahboomcar_ros2_ws/software/library_ws/install/teb_local_planner/lib:/home/jetson/yahboomcar_ros2_ws/software/library_ws/install/teb_msgs/lib:/home/jetson/yahboomcar_ros2_ws/software/library_ws/install/robot_localization/lib:/home/jetson/yahboomcar_ros2_ws/software/library_ws/install/openslam_gmapping/lib:/home/jetson/yahboomcar_ros2_ws/software/library_ws/install/costmap_converter/lib:/home/jetson/yahboomcar_ros2_ws/software/library_ws/install/costmap_converter_msgs/lib:/home/jetson/yahboomcar_ros2_ws/software/library_ws/install/astra_camera/lib:/home/jetson/yahboomcar_ros2_ws/software/library_ws/install/astra_camera_msgs/lib:/opt/ros/humble/opt/rviz_ogre_vendor/lib:/opt/ros/humble/lib/aarch64-linux-gnu:/opt/ros/humble/lib:/usr/local/lib:/usr/local/cuda-12.6/lib64:'), ('BROWSER', '/home/jetson/.cursor-server/cli/servers/Stable-20adc1003928b0f1b99305dbaf845656ff81f5d0/server/bin/helpers/browser.sh'), ('MOTD_SHOWN', 'pam'), ('HOME', '/home/jetson'), ('OLDPWD', '/home/jetson/yahboomcar_ros2_ws_new/yahboomcar_ws'), ('VSCODE_IPC_HOOK_CLI', '/run/user/1000/vscode-ipc-5cf9c34a-e51a-4f64-bbc3-a0af9493af19.sock'), ('JETSON_L4T', '36.4.4'), ('ROS_PYTHON_VERSION', '3'), ('JETSON_MODEL', 'NVIDIA Jetson Orin Nano Engineering Reference Developer Kit Super'), ('LC_MONETARY', 'en_US.UTF-8'), ('SSL_CERT_FILE', '/usr/lib/ssl/certs/ca-certificates.crt'), ('NO_COLOR', '1'), ('DBUS_SESSION_BUS_ADDRESS', 'unix:path=/run/user/1000/bus'), ('NODE_TLS_REJECT_UNAUTHORIZED', 'undefined'), ('ROBOT_TYPE', 'x3'), ('VSCODE_L10N_BUNDLE_LOCATION', ''), ('COLCON_PREFIX_PATH', '/home/jetson/yahboomcar_ros2_ws_new/yahboomcar_ws/install:/home/jetson/yahboomcar_ws/install:/home/jetson/yahboomcar_ros2_ws/software/library_ws/install'), ('ROS_DISTRO', 'humble'), ('LOGNAME', 'jetson'), ('FORCE_COLOR', '0'), ('JETSON_MODULE', 'NVIDIA Jetson Orin Nano (Developer kit)'), ('JETSON_SERIAL_NUMBER', '1424124390160'), ('VSCODE_HANDLES_SIGPIPE', 'true'), ('_', '/usr/bin/colcon'), ('ROS_VERSION', '2'), ('XDG_SESSION_CLASS', 'user'), ('TERM', 'dumb'), ('EVERYSPHERE_RIPGREP_PATH', '/home/jetson/.cursor-server/cli/servers/Stable-20adc1003928b0f1b99305dbaf845656ff81f5d0/server/node_modules/@vscode/ripgrep/bin/rg'), ('XDG_SESSION_ID', '176'), ('VSCODE_CLI_REQUIRE_TOKEN', '08e96213-580c-46e6-a640-b2da760a3ef4'), ('ROS_LOCALHOST_ONLY', '0'), ('COMPOSER_NO_INTERACTION', '1'), ('PATH', '/home/jetson/.local/bin:/usr/local/cuda-12.6/bin:/home/jetson/.cursor-server/cli/servers/Stable-20adc1003928b0f1b99305dbaf845656ff81f5d0/server/bin/remote-cli:/home/jetson/.local/bin:/home/jetson/yahboomcar_ros2_ws/software/library_ws/install/costmap_converter/bin:/opt/ros/humble/bin:/usr/local/cuda-12.6/bin:/usr/local/sbin:/usr/local/bin:/usr/sbin:/usr/bin:/sbin:/bin:/usr/games:/usr/local/games:/snap/bin'), ('VSCODE_AGENT_FOLDER', '/home/jetson/.cursor-server'), ('PAPERSIZE', 'letter'), ('LC_ADDRESS', 'en_US.UTF-8'), ('XDG_RUNTIME_DIR', '/run/user/1000'), ('SSL_CERT_DIR', '/usr/lib/ssl/certs'), ('CURSOR_AGENT', '1'), ('LANG', 'en_US.UTF-8'), ('LC_TELEPHONE', 'en_US.UTF-8'), ('LS_COLORS', ''), ('JETSON_SOC', 'tegra234'), ('ROS_DOMAIN_ID', '28'), ('AMENT_PREFIX_PATH', '/home/jetson/yahboomcar_ros2_ws_new/yahboomcar_ws/install/yahboomcar_voice_ctrl:/home/jetson/yahboomcar_ros2_ws_new/yahboomcar_ws/install/yahboomcar_visual:/home/jetson/yahboomcar_ros2_ws_new/yahboomcar_ws/install/yahboomcar_slam:/home/jetson/yahboomcar_ros2_ws_new/yahboomcar_ws/install/yahboomcar_rviz:/home/jetson/yahboomcar_ros2_ws_new/yahboomcar_ws/install/yahboomcar_point:/home/jetson/yahboomcar_ros2_ws_new/yahboomcar_ws/install/yahboomcar_nav:/home/jetson/yahboomcar_ros2_ws_new/yahboomcar_ws/install/yahboomcar_multi:/home/jetson/yahboomcar_ros2_ws_new/yahboomcar_ws/install/arm_autopilot:/home/jetson/yahboomcar_ros2_ws_new/yahboomcar_ws/install/yahboomcar_msgs:/home/jetson/yahboomcar_ros2_ws_new/yahboomcar_ws/install/yahboomcar_mediapipe:/home/jetson/yahboomcar_ros2_ws_new/yahboomcar_ws/install/yahboomcar_linefollow:/home/jetson/yahboomcar_ros2_ws_new/yahboomcar_ws/install/yahboomcar_laser:/home/jetson/yahboomcar_ros2_ws_new/yahboomcar_ws/install/yahboomcar_description_x1:/home/jetson/yahboomcar_ros2_ws_new/yahboomcar_ws/install/yahboomcar_description:/home/jetson/yahboomcar_ros2_ws_new/yahboomcar_ws/install/yahboomcar_ctrl:/home/jetson/yahboomcar_ros2_ws_new/yahboomcar_ws/install/yahboomcar_bringup:/home/jetson/yahboomcar_ros2_ws_new/yahboomcar_ws/install/yahboomcar_base_node:/home/jetson/yahboomcar_ros2_ws_new/yahboomcar_ws/install/yahboomcar_astra:/home/jetson/yahboomcar_ros2_ws_new/yahboomcar_ws/install/yahboomcar_KCFTracker:/home/jetson/yahboomcar_ros2_ws_new/yahboomcar_ws/install/yahboom_web_savmap_interfaces:/home/jetson/yahboomcar_ros2_ws_new/yahboomcar_ws/install/yahboom_app_save_map:/home/jetson/yahboomcar_ros2_ws_new/yahboomcar_ws/install/robot_pose_publisher_ros2:/home/jetson/yahboomcar_ros2_ws_new/yahboomcar_ws/install/laserscan_to_point_pulisher:/home/jetson/yahboomcar_ws/install/yahboomcar_voice_ctrl:/home/jetson/yahboomcar_ws/install/yahboomcar_slam:/home/jetson/yahboomcar_ws/install/yahboomcar_nav:/home/jetson/yahboomcar_ws/install/yahboomcar_astra:/home/jetson/yahboomcar_ws/install/yahboomcar_ctrl:/home/jetson/yahboomcar_ws/install/yahboomcar_bringup:/home/jetson/yahboomcar_ws/install/yahboomcar_msgs:/home/jetson/yahboomcar_ws/install/yahboomcar_linefollw:/home/jetson/yahboomcar_ws/install/yahboomcar_laser:/home/jetson/yahboomcar_ws/install/yahboomcar_description:/home/jetson/yahboomcar_ws/install/ros2_orbslam:/home/jetson/yahboomcar_ws/install/cv_bridge:/home/jetson/yahboomcar_ros2_ws/software/library_ws/install/ydlidar_ros2_driver:/home/jetson/yahboomcar_ros2_ws/software/library_ws/install/web_video_server:/home/jetson/yahboomcar_ros2_ws/software/library_ws/install/teb_local_planner:/home/jetson/yahboomcar_ros2_ws/software/library_ws/install/teb_msgs:/home/jetson/yahboomcar_ros2_ws/software/library_ws/install/sllidar_ros2:/home/jetson/yahboomcar_ros2_ws/software/library_ws/install/slam_gmapping:/home/jetson/yahboomcar_ros2_ws/software/library_ws/install/robot_localization:/home/jetson/yahboomcar_ros2_ws/software/library_ws/install/openslam_gmapping:/home/jetson/yahboomcar_ros2_ws/software/library_ws/install/costmap_converter:/home/jetson/yahboomcar_ros2_ws/software/library_ws/install/costmap_converter_msgs:/home/jetson/yahboomcar_ros2_ws/software/library_ws/install/astra_camera:/home/jetson/yahboomcar_ros2_ws/software/library_ws/install/astra_camera_msgs:/opt/ros/humble'), ('SHELL', '/bin/bash'), ('LC_NAME', 'en_US.UTF-8'), ('LESSCLOSE', '/usr/bin/lesspipe %s %s'), ('LC_MEASUREMENT', 'en_US.UTF-8'), ('LC_IDENTIFICATION', 'en_US.UTF-8'), ('RPLIDAR_TYPE', 'a1'), ('JETSON_CUDA_ARCH_BIN', '8.7'), ('PWD', '/home/jetson/yahboomcar_ros2_ws_new/yahboomcar_ws/build/yahboomcar_msgs'), ('SSH_CONNECTION', '192.168.1.226 60141 192.168.1.85 22'), ('XDG_DATA_DIRS', '/usr/share/gnome:/home/jetson/.local/share/flatpak/exports/share:/var/lib/flatpak/exports/share:/usr/local/share:/usr/share:/var/lib/snapd/desktop:/var/lib/flatpak/exports/share:/home/jetson/.local/share/flatpak/exports/share:/var/lib/flatpak/exports/share:/home/jetson/.local/share/flatpak/exports/share'), ('PYTHONPATH', '/home/jetson/yahboomcar_ros2_ws_new/yahboomcar_ws/build/yahboomcar_voice_ctrl:/home/jetson/yahboomcar_ros2_ws_new/yahboomcar_ws/install/yahboomcar_voice_ctrl/lib/python3.10/site-packages:/home/jetson/yahboomcar_ros2_ws_new/yahboomcar_ws/build/yahboomcar_visual:/home/jetson/yahboomcar_ros2_ws_new/yahboomcar_ws/install/yahboomcar_visual/lib/python3.10/site-packages:/home/jetson/yahboomcar_ros2_ws_new/yahboomcar_ws/build/yahboomcar_rviz:/home/jetson/yahboomcar_ros2_ws_new/yahboomcar_ws/install/yahboomcar_rviz/lib/python3.10/site-packages:/home/jetson/yahboomcar_ros2_ws_new/yahboomcar_ws/build/yahboomcar_nav:/home/jetson/yahboomcar_ros2_ws_new/yahboomcar_ws/install/yahboomcar_nav/lib/python3.10/site-packages:/home/jetson/yahboomcar_ros2_ws_new/yahboomcar_ws/build/yahboomcar_multi:/home/jetson/yahboomcar_ros2_ws_new/yahboomcar_ws/install/yahboomcar_multi/lib/python3.10/site-packages:/home/jetson/yahboomcar_ros2_ws_new/yahboomcar_ws/install/arm_autopilot/local/lib/python3.10/dist-packages:/home/jetson/yahboomcar_ros2_ws_new/yahboomcar_ws/install/yahboomcar_msgs/local/lib/python3.10/dist-packages:/home/jetson/yahboomcar_ros2_ws_new/yahboomcar_ws/build/yahboomcar_mediapipe:/home/jetson/yahboomcar_ros2_ws_new/yahboomcar_ws/install/yahboomcar_mediapipe/lib/python3.10/site-packages:/home/jetson/yahboomcar_ros2_ws_new/yahboomcar_ws/build/yahboomcar_linefollow:/home/jetson/yahboomcar_ros2_ws_new/yahboomcar_ws/install/yahboomcar_linefollow/lib/python3.10/site-packages:/home/jetson/yahboomcar_ros2_ws_new/yahboomcar_ws/build/yahboomcar_laser:/home/jetson/yahboomcar_ros2_ws_new/yahboomcar_ws/install/yahboomcar_laser/lib/python3.10/site-packages:/home/jetson/yahboomcar_ros2_ws_new/yahboomcar_ws/build/yahboomcar_description_x1:/home/jetson/yahboomcar_ros2_ws_new/yahboomcar_ws/install/yahboomcar_description_x1/lib/python3.10/site-packages:/home/jetson/yahboomcar_ros2_ws_new/yahboomcar_ws/build/yahboomcar_description:/home/jetson/yahboomcar_ros2_ws_new/yahboomcar_ws/install/yahboomcar_description/lib/python3.10/site-packages:/home/jetson/yahboomcar_ros2_ws_new/yahboomcar_ws/build/yahboomcar_ctrl:/home/jetson/yahboomcar_ros2_ws_new/yahboomcar_ws/install/yahboomcar_ctrl/lib/python3.10/site-packages:/home/jetson/yahboomcar_ros2_ws_new/yahboomcar_ws/build/yahboomcar_bringup:/home/jetson/yahboomcar_ros2_ws_new/yahboomcar_ws/install/yahboomcar_bringup/lib/python3.10/site-packages:/home/jetson/yahboomcar_ros2_ws_new/yahboomcar_ws/build/yahboomcar_astra:/home/jetson/yahboomcar_ros2_ws_new/yahboomcar_ws/install/yahboomcar_astra/lib/python3.10/site-packages:/home/jetson/yahboomcar_ros2_ws_new/yahboomcar_ws/install/yahboom_web_savmap_interfaces/local/lib/python3.10/dist-packages:/home/jetson/yahboomcar_ros2_ws_new/yahboomcar_ws/build/yahboom_app_save_map:/home/jetson/yahboomcar_ros2_ws_new/yahboomcar_ws/install/yahboom_app_save_map/lib/python3.10/site-packages:/home/jetson/yahboomcar_ros2_ws_new/yahboomcar_ws/build/laserscan_to_point_pulisher:/home/jetson/yahboomcar_ros2_ws_new/yahboomcar_ws/install/laserscan_to_point_pulisher/lib/python3.10/site-packages:/usr/local/lib/python3.10/site-packages/:/home/jetson/yahboomcar_ws/install/yahboomcar_msgs/local/lib/python3.10/dist-packages:/home/jetson/yahboomcar_ws/install/cv_bridge/local/lib/python3.10/dist-packages:/home/jetson/yahboomcar_ros2_ws/software/library_ws/install/teb_msgs/local/lib/python3.10/dist-packages:/home/jetson/yahboomcar_ros2_ws/software/library_ws/install/robot_localization/local/lib/python3.10/dist-packages:/home/jetson/yahboomcar_ros2_ws/software/library_ws/install/costmap_converter_msgs/local/lib/python3.10/dist-packages:/home/jetson/yahboomcar_ros2_ws/software/library_ws/install/astra_camera_msgs/local/lib/python3.10/dist-packages:/opt/ros/humble/lib/python3.10/site-packages:/opt/ros/humble/local/lib/python3.10/dist-packages:/usr/local/lib/python3.10/site-packages/:'), ('LC_NUMERIC', 'en_US.UTF-8'), ('LC_PAPER', 'en_US.UTF-8'), ('COLCON', '1'), ('_ZO_DOCTOR', '0'), ('JETSON_JETPACK', ''), ('CMAKE_PREFIX_PATH', '/home/jetson/yahboomcar_ros2_ws_new/yahboomcar_ws/install/yahboomcar_slam:/home/jetson/yahboomcar_ros2_ws_new/yahboomcar_ws/install/yahboomcar_point:/home/jetson/yahboomcar_ros2_ws_new/yahboomcar_ws/install/arm_autopilot:/home/jetson/yahboomcar_ros2_ws_new/yahboomcar_ws/install/yahboomcar_msgs:/home/jetson/yahboomcar_ros2_ws_new/yahboomcar_ws/install/yahboomcar_base_node:/home/jetson/yahboomcar_ros2_ws_new/yahboomcar_ws/install/yahboomcar_KCFTracker:/home/jetson/yahboomcar_ros2_ws_new/yahboomcar_ws/install/yahboom_web_savmap_interfaces:/home/jetson/yahboomcar_ros2_ws_new/yahboomcar_ws/install/robot_pose_publisher_ros2:/home/jetson/yahboomcar_ws/install/yahboomcar_voice_ctrl:/home/jetson/yahboomcar_ws/install/yahboomcar_slam:/home/jetson/yahboomcar_ws/install/yahboomcar_nav:/home/jetson/yahboomcar_ws/install/yahboomcar_astra:/home/jetson/yahboomcar_ws/install/yahboomcar_ctrl:/home/jetson/yahboomcar_ws/install/yahboomcar_bringup:/home/jetson/yahboomcar_ws/install/yahboomcar_msgs:/home/jetson/yahboomcar_ws/install/yahboomcar_linefollw:/home/jetson/yahboomcar_ws/install/yahboomcar_laser:/home/jetson/yahboomcar_ws/install/yahboomcar_description:/home/jetson/yahboomcar_ws/install/ros2_orbslam:/home/jetson/yahboomcar_ws/install/cv_bridge:/home/jetson/yahboomcar_ros2_ws/software/library_ws/install/ydlidar_ros2_driver:/home/jetson/yahboomcar_ros2_ws/software/library_ws/install/web_video_server:/home/jetson/yahboomcar_ros2_ws/software/library_ws/install/teb_local_planner:/home/jetson/yahboomcar_ros2_ws/software/library_ws/install/teb_msgs:/home/jetson/yahboomcar_ros2_ws/software/library_ws/install/sllidar_ros2:/home/jetson/yahboomcar_ros2_ws/software/library_ws/install/slam_gmapping:/home/jetson/yahboomcar_ros2_ws/software/library_ws/install/robot_localization:/home/jetson/yahboomcar_ros2_ws/software/library_ws/install/openslam_gmapping:/home/jetson/yahboomcar_ros2_ws/software/library_ws/install/costmap_converter:/home/jetson/yahboomcar_ros2_ws/software/library_ws/install/costmap_converter_msgs:/home/jetson/yahboomcar_ros2_ws/software/library_ws/install/astra_camera:/home/jetson/yahboomcar_ros2_ws/software/library_ws/install/astra_camera_msgs:/home/jetson/yahboomcar_ros2_ws_new/yahboomcar_ws/install/yahboomcar_voice_ctrl:/home/jetson/yahboomcar_ros2_ws_new/yahboomcar_ws/install/yahboomcar_visual:/home/jetson/yahboomcar_ros2_ws_new/yahboomcar_ws/install/yahboomcar_rviz:/home/jetson/yahboomcar_ros2_ws_new/yahboomcar_ws/install/yahboomcar_nav:/home/jetson/yahboomcar_ros2_ws_new/yahboomcar_ws/install/yahboomcar_multi:/home/jetson/yahboomcar_ros2_ws_new/yahboomcar_ws/install/yahboomcar_mediapipe:/home/jetson/yahboomcar_ros2_ws_new/yahboomcar_ws/install/yahboomcar_linefollow:/home/jetson/yahboomcar_ros2_ws_new/yahboomcar_ws/install/yahboomcar_laser:/home/jetson/yahboomcar_ros2_ws_new/yahboomcar_ws/install/yahboomcar_description_x1:/home/jetson/yahboomcar_ros2_ws_new/yahboomcar_ws/install/yahboomcar_description:/home/jetson/yahboomcar_ros2_ws_new/yahboomcar_ws/install/yahboomcar_ctrl:/home/jetson/yahboomcar_ros2_ws_new/yahboomcar_ws/install/yahboomcar_bringup:/home/jetson/yahboomcar_ros2_ws_new/yahboomcar_ws/install/yahboomcar_astra:/home/jetson/yahboomcar_ros2_ws_new/yahboomcar_ws/install/yahboom_app_save_map:/home/jetson/yahboomcar_ros2_ws_new/yahboomcar_ws/install/laserscan_to_point_pulisher:/opt/ros/humble'), ('JETSON_P_NUMBER', 'p3767-0005')]), 'shell': False}
[12.635495] (yahboomcar_msgs) StdoutLine: {'line': b'-- Install configuration: ""\n'}
[12.636598] (yahboomcar_msgs) StdoutLine: {'line': b'-- Execute custom install script\n'}
[12.637085] (yahboomcar_msgs) StdoutLine: {'line': b'-- Up-to-date symlink: /home/jetson/yahboomcar_ros2_ws_new/yahboomcar_ws/install/yahboomcar_msgs/share/ament_index/resource_index/rosidl_interfaces/yahboomcar_msgs\n'}
[12.638289] (yahboomcar_msgs) StdoutLine: {'line': b'-- Symlinking: /home/jetson/yahboomcar_ros2_ws_new/yahboomcar_ws/install/yahboomcar_msgs/include/yahboomcar_msgs/yahboomcar_msgs/msg/arm_joint.h\n'}
[12.642833] (-) TimerEvent: {}
[12.660901] (yahboomcar_msgs) StdoutLine: {'line': b'-- Symlinking: /home/jetson/yahboomcar_ros2_ws_new/yahboomcar_ws/install/yahboomcar_msgs/include/yahboomcar_msgs/yahboomcar_msgs/msg/detail/arm_joint__functions.h\n'}
[12.683033] (yahboomcar_msgs) StdoutLine: {'line': b'-- Symlinking: /home/jetson/yahboomcar_ros2_ws_new/yahboomcar_ws/install/yahboomcar_msgs/include/yahboomcar_msgs/yahboomcar_msgs/msg/detail/arm_joint__struct.h\n'}
[12.706088] (yahboomcar_msgs) StdoutLine: {'line': b'-- Symlinking: /home/jetson/yahboomcar_ros2_ws_new/yahboomcar_ws/install/yahboomcar_msgs/include/yahboomcar_msgs/yahboomcar_msgs/msg/detail/arm_joint__type_support.h\n'}
[12.729115] (yahboomcar_msgs) StdoutLine: {'line': b'-- Up-to-date symlink: /home/jetson/yahboomcar_ros2_ws_new/yahboomcar_ws/install/yahboomcar_msgs/include/yahboomcar_msgs/yahboomcar_msgs/msg/detail/image_msg__functions.h\n'}
[12.729738] (yahboomcar_msgs) StdoutLine: {'line': b'-- Up-to-date symlink: /home/jetson/yahboomcar_ros2_ws_new/yahboomcar_ws/install/yahboomcar_msgs/include/yahboomcar_msgs/yahboomcar_msgs/msg/detail/image_msg__struct.h\n'}
[12.730062] (yahboomcar_msgs) StdoutLine: {'line': b'-- Up-to-date symlink: /home/jetson/yahboomcar_ros2_ws_new/yahboomcar_ws/install/yahboomcar_msgs/include/yahboomcar_msgs/yahboomcar_msgs/msg/detail/image_msg__type_support.h\n'}
[12.730347] (yahboomcar_msgs) StdoutLine: {'line': b'-- Up-to-date symlink: /home/jetson/yahboomcar_ros2_ws_new/yahboomcar_ws/install/yahboomcar_msgs/include/yahboomcar_msgs/yahboomcar_msgs/msg/detail/point_array__functions.h\n'}
[12.730518] (yahboomcar_msgs) StdoutLine: {'line': b'-- Up-to-date symlink: /home/jetson/yahboomcar_ros2_ws_new/yahboomcar_ws/install/yahboomcar_msgs/include/yahboomcar_msgs/yahboomcar_msgs/msg/detail/point_array__struct.h\n'}
[12.731010] (yahboomcar_msgs) StdoutLine: {'line': b'-- Up-to-date symlink: /home/jetson/yahboomcar_ros2_ws_new/yahboomcar_ws/install/yahboomcar_msgs/include/yahboomcar_msgs/yahboomcar_msgs/msg/detail/point_array__type_support.h\n'}
[12.731488] (yahboomcar_msgs) StdoutLine: {'line': b'-- Up-to-date symlink: /home/jetson/yahboomcar_ros2_ws_new/yahboomcar_ws/install/yahboomcar_msgs/include/yahboomcar_msgs/yahboomcar_msgs/msg/detail/position__functions.h\n'}
[12.731909] (yahboomcar_msgs) StdoutLine: {'line': b'-- Up-to-date symlink: /home/jetson/yahboomcar_ros2_ws_new/yahboomcar_ws/install/yahboomcar_msgs/include/yahboomcar_msgs/yahboomcar_msgs/msg/detail/position__struct.h\n'}
[12.732358] (yahboomcar_msgs) StdoutLine: {'line': b'-- Up-to-date symlink: /home/jetson/yahboomcar_ros2_ws_new/yahboomcar_ws/install/yahboomcar_msgs/include/yahboomcar_msgs/yahboomcar_msgs/msg/detail/position__type_support.h\n'}
[12.732817] (yahboomcar_msgs) StdoutLine: {'line': b'-- Up-to-date symlink: /home/jetson/yahboomcar_ros2_ws_new/yahboomcar_ws/install/yahboomcar_msgs/include/yahboomcar_msgs/yahboomcar_msgs/msg/detail/target__functions.h\n'}
[12.733336] (yahboomcar_msgs) StdoutLine: {'line': b'-- Up-to-date symlink: /home/jetson/yahboomcar_ros2_ws_new/yahboomcar_ws/install/yahboomcar_msgs/include/yahboomcar_msgs/yahboomcar_msgs/msg/detail/target__struct.h\n'}
[12.733643] (yahboomcar_msgs) StdoutLine: {'line': b'-- Up-to-date symlink: /home/jetson/yahboomcar_ros2_ws_new/yahboomcar_ws/install/yahboomcar_msgs/include/yahboomcar_msgs/yahboomcar_msgs/msg/detail/target__type_support.h\n'}
[12.734001] (yahboomcar_msgs) StdoutLine: {'line': b'-- Up-to-date symlink: /home/jetson/yahboomcar_ros2_ws_new/yahboomcar_ws/install/yahboomcar_msgs/include/yahboomcar_msgs/yahboomcar_msgs/msg/detail/target_array__functions.h\n'}
[12.734416] (yahboomcar_msgs) StdoutLine: {'line': b'-- Up-to-date symlink: /home/jetson/yahboomcar_ros2_ws_new/yahboomcar_ws/install/yahboomcar_msgs/include/yahboomcar_msgs/yahboomcar_msgs/msg/detail/target_array__struct.h\n'}
[12.734812] (yahboomcar_msgs) StdoutLine: {'line': b'-- Up-to-date symlink: /home/jetson/yahboomcar_ros2_ws_new/yahboomcar_ws/install/yahboomcar_msgs/include/yahboomcar_msgs/yahboomcar_msgs/msg/detail/target_array__type_support.h\n'}
[12.735171] (yahboomcar_msgs) StdoutLine: {'line': b'-- Up-to-date symlink: /home/jetson/yahboomcar_ros2_ws_new/yahboomcar_ws/install/yahboomcar_msgs/include/yahboomcar_msgs/yahboomcar_msgs/msg/image_msg.h\n'}
[12.735630] (yahboomcar_msgs) StdoutLine: {'line': b'-- Up-to-date symlink: /home/jetson/yahboomcar_ros2_ws_new/yahboomcar_ws/install/yahboomcar_msgs/include/yahboomcar_msgs/yahboomcar_msgs/msg/point_array.h\n'}
[12.735861] (yahboomcar_msgs) StdoutLine: {'line': b'-- Up-to-date symlink: /home/jetson/yahboomcar_ros2_ws_new/yahboomcar_ws/install/yahboomcar_msgs/include/yahboomcar_msgs/yahboomcar_msgs/msg/position.h\n'}
[12.736091] (yahboomcar_msgs) StdoutLine: {'line': b'-- Up-to-date symlink: /home/jetson/yahboomcar_ros2_ws_new/yahboomcar_ws/install/yahboomcar_msgs/include/yahboomcar_msgs/yahboomcar_msgs/msg/rosidl_generator_c__visibility_control.h\n'}
[12.736373] (yahboomcar_msgs) StdoutLine: {'line': b'-- Up-to-date symlink: /home/jetson/yahboomcar_ros2_ws_new/yahboomcar_ws/install/yahboomcar_msgs/include/yahboomcar_msgs/yahboomcar_msgs/msg/target.h\n'}
[12.736645] (yahboomcar_msgs) StdoutLine: {'line': b'-- Up-to-date symlink: /home/jetson/yahboomcar_ros2_ws_new/yahboomcar_ws/install/yahboomcar_msgs/include/yahboomcar_msgs/yahboomcar_msgs/msg/target_array.h\n'}
[12.737010] (yahboomcar_msgs) StdoutLine: {'line': b'-- Up-to-date symlink: /home/jetson/yahboomcar_ros2_ws_new/yahboomcar_ws/install/yahboomcar_msgs/share/yahboomcar_msgs/environment/library_path.sh\n'}
[12.737263] (yahboomcar_msgs) StdoutLine: {'line': b'-- Up-to-date symlink: /home/jetson/yahboomcar_ros2_ws_new/yahboomcar_ws/install/yahboomcar_msgs/share/yahboomcar_msgs/environment/library_path.dsv\n'}
[12.738549] (yahboomcar_msgs) StdoutLine: {'line': b'-- Symlinking: /home/jetson/yahboomcar_ros2_ws_new/yahboomcar_ws/install/yahboomcar_msgs/include/yahboomcar_msgs/yahboomcar_msgs/msg/detail/arm_joint__rosidl_typesupport_fastrtps_c.h\n'}
[12.742929] (-) TimerEvent: {}
[12.762462] (yahboomcar_msgs) StdoutLine: {'line': b'-- Up-to-date symlink: /home/jetson/yahboomcar_ros2_ws_new/yahboomcar_ws/install/yahboomcar_msgs/include/yahboomcar_msgs/yahboomcar_msgs/msg/detail/image_msg__rosidl_typesupport_fastrtps_c.h\n'}
[12.763024] (yahboomcar_msgs) StdoutLine: {'line': b'-- Up-to-date symlink: /home/jetson/yahboomcar_ros2_ws_new/yahboomcar_ws/install/yahboomcar_msgs/include/yahboomcar_msgs/yahboomcar_msgs/msg/detail/point_array__rosidl_typesupport_fastrtps_c.h\n'}
[12.763204] (yahboomcar_msgs) StdoutLine: {'line': b'-- Up-to-date symlink: /home/jetson/yahboomcar_ros2_ws_new/yahboomcar_ws/install/yahboomcar_msgs/include/yahboomcar_msgs/yahboomcar_msgs/msg/detail/position__rosidl_typesupport_fastrtps_c.h\n'}
[12.763858] (yahboomcar_msgs) StdoutLine: {'line': b'-- Up-to-date symlink: /home/jetson/yahboomcar_ros2_ws_new/yahboomcar_ws/install/yahboomcar_msgs/include/yahboomcar_msgs/yahboomcar_msgs/msg/detail/target__rosidl_typesupport_fastrtps_c.h\n'}
[12.764187] (yahboomcar_msgs) StdoutLine: {'line': b'-- Up-to-date symlink: /home/jetson/yahboomcar_ros2_ws_new/yahboomcar_ws/install/yahboomcar_msgs/include/yahboomcar_msgs/yahboomcar_msgs/msg/detail/target_array__rosidl_typesupport_fastrtps_c.h\n'}
[12.764609] (yahboomcar_msgs) StdoutLine: {'line': b'-- Up-to-date symlink: /home/jetson/yahboomcar_ros2_ws_new/yahboomcar_ws/install/yahboomcar_msgs/include/yahboomcar_msgs/yahboomcar_msgs/msg/rosidl_typesupport_fastrtps_c__visibility_control.h\n'}
[12.765805] (yahboomcar_msgs) StdoutLine: {'line': b'-- Symlinking: /home/jetson/yahboomcar_ros2_ws_new/yahboomcar_ws/install/yahboomcar_msgs/include/yahboomcar_msgs/yahboomcar_msgs/msg/detail/arm_joint__rosidl_typesupport_introspection_c.h\n'}
[12.789493] (yahboomcar_msgs) StdoutLine: {'line': b'-- Up-to-date symlink: /home/jetson/yahboomcar_ros2_ws_new/yahboomcar_ws/install/yahboomcar_msgs/include/yahboomcar_msgs/yahboomcar_msgs/msg/detail/image_msg__rosidl_typesupport_introspection_c.h\n'}
[12.790127] (yahboomcar_msgs) StdoutLine: {'line': b'-- Up-to-date symlink: /home/jetson/yahboomcar_ros2_ws_new/yahboomcar_ws/install/yahboomcar_msgs/include/yahboomcar_msgs/yahboomcar_msgs/msg/detail/point_array__rosidl_typesupport_introspection_c.h\n'}
[12.790390] (yahboomcar_msgs) StdoutLine: {'line': b'-- Up-to-date symlink: /home/jetson/yahboomcar_ros2_ws_new/yahboomcar_ws/install/yahboomcar_msgs/include/yahboomcar_msgs/yahboomcar_msgs/msg/detail/position__rosidl_typesupport_introspection_c.h\n'}
[12.791072] (yahboomcar_msgs) StdoutLine: {'line': b'-- Up-to-date symlink: /home/jetson/yahboomcar_ros2_ws_new/yahboomcar_ws/install/yahboomcar_msgs/include/yahboomcar_msgs/yahboomcar_msgs/msg/detail/target__rosidl_typesupport_introspection_c.h\n'}
[12.791492] (yahboomcar_msgs) StdoutLine: {'line': b'-- Up-to-date symlink: /home/jetson/yahboomcar_ros2_ws_new/yahboomcar_ws/install/yahboomcar_msgs/include/yahboomcar_msgs/yahboomcar_msgs/msg/detail/target_array__rosidl_typesupport_introspection_c.h\n'}
[12.791763] (yahboomcar_msgs) StdoutLine: {'line': b'-- Up-to-date symlink: /home/jetson/yahboomcar_ros2_ws_new/yahboomcar_ws/install/yahboomcar_msgs/include/yahboomcar_msgs/yahboomcar_msgs/msg/rosidl_typesupport_introspection_c__visibility_control.h\n'}
[12.793498] (yahboomcar_msgs) StdoutLine: {'line': b'-- Symlinking: /home/jetson/yahboomcar_ros2_ws_new/yahboomcar_ws/install/yahboomcar_msgs/include/yahboomcar_msgs/yahboomcar_msgs/msg/arm_joint.hpp\n'}
[12.817322] (yahboomcar_msgs) StdoutLine: {'line': b'-- Symlinking: /home/jetson/yahboomcar_ros2_ws_new/yahboomcar_ws/install/yahboomcar_msgs/include/yahboomcar_msgs/yahboomcar_msgs/msg/detail/arm_joint__builder.hpp\n'}
[12.840077] (yahboomcar_msgs) StdoutLine: {'line': b'-- Symlinking: /home/jetson/yahboomcar_ros2_ws_new/yahboomcar_ws/install/yahboomcar_msgs/include/yahboomcar_msgs/yahboomcar_msgs/msg/detail/arm_joint__struct.hpp\n'}
[12.843032] (-) TimerEvent: {}
[12.862864] (yahboomcar_msgs) StdoutLine: {'line': b'-- Symlinking: /home/jetson/yahboomcar_ros2_ws_new/yahboomcar_ws/install/yahboomcar_msgs/include/yahboomcar_msgs/yahboomcar_msgs/msg/detail/arm_joint__traits.hpp\n'}
[12.885031] (yahboomcar_msgs) StdoutLine: {'line': b'-- Symlinking: /home/jetson/yahboomcar_ros2_ws_new/yahboomcar_ws/install/yahboomcar_msgs/include/yahboomcar_msgs/yahboomcar_msgs/msg/detail/arm_joint__type_support.hpp\n'}
[12.907320] (yahboomcar_msgs) StdoutLine: {'line': b'-- Up-to-date symlink: /home/jetson/yahboomcar_ros2_ws_new/yahboomcar_ws/install/yahboomcar_msgs/include/yahboomcar_msgs/yahboomcar_msgs/msg/detail/image_msg__builder.hpp\n'}
[12.907957] (yahboomcar_msgs) StdoutLine: {'line': b'-- Up-to-date symlink: /home/jetson/yahboomcar_ros2_ws_new/yahboomcar_ws/install/yahboomcar_msgs/include/yahboomcar_msgs/yahboomcar_msgs/msg/detail/image_msg__struct.hpp\n'}
[12.908448] (yahboomcar_msgs) StdoutLine: {'line': b'-- Up-to-date symlink: /home/jetson/yahboomcar_ros2_ws_new/yahboomcar_ws/install/yahboomcar_msgs/include/yahboomcar_msgs/yahboomcar_msgs/msg/detail/image_msg__traits.hpp\n'}
[12.908882] (yahboomcar_msgs) StdoutLine: {'line': b'-- Up-to-date symlink: /home/jetson/yahboomcar_ros2_ws_new/yahboomcar_ws/install/yahboomcar_msgs/include/yahboomcar_msgs/yahboomcar_msgs/msg/detail/image_msg__type_support.hpp\n'}
[12.909298] (yahboomcar_msgs) StdoutLine: {'line': b'-- Up-to-date symlink: /home/jetson/yahboomcar_ros2_ws_new/yahboomcar_ws/install/yahboomcar_msgs/include/yahboomcar_msgs/yahboomcar_msgs/msg/detail/point_array__builder.hpp\n'}
[12.909702] (yahboomcar_msgs) StdoutLine: {'line': b'-- Up-to-date symlink: /home/jetson/yahboomcar_ros2_ws_new/yahboomcar_ws/install/yahboomcar_msgs/include/yahboomcar_msgs/yahboomcar_msgs/msg/detail/point_array__struct.hpp\n'}
[12.910151] (yahboomcar_msgs) StdoutLine: {'line': b'-- Up-to-date symlink: /home/jetson/yahboomcar_ros2_ws_new/yahboomcar_ws/install/yahboomcar_msgs/include/yahboomcar_msgs/yahboomcar_msgs/msg/detail/point_array__traits.hpp\n'}
[12.910597] (yahboomcar_msgs) StdoutLine: {'line': b'-- Up-to-date symlink: /home/jetson/yahboomcar_ros2_ws_new/yahboomcar_ws/install/yahboomcar_msgs/include/yahboomcar_msgs/yahboomcar_msgs/msg/detail/point_array__type_support.hpp\n'}
[12.911114] (yahboomcar_msgs) StdoutLine: {'line': b'-- Up-to-date symlink: /home/jetson/yahboomcar_ros2_ws_new/yahboomcar_ws/install/yahboomcar_msgs/include/yahboomcar_msgs/yahboomcar_msgs/msg/detail/position__builder.hpp\n'}
[12.911649] (yahboomcar_msgs) StdoutLine: {'line': b'-- Up-to-date symlink: /home/jetson/yahboomcar_ros2_ws_new/yahboomcar_ws/install/yahboomcar_msgs/include/yahboomcar_msgs/yahboomcar_msgs/msg/detail/position__struct.hpp\n'}
[12.912204] (yahboomcar_msgs) StdoutLine: {'line': b'-- Up-to-date symlink: /home/jetson/yahboomcar_ros2_ws_new/yahboomcar_ws/install/yahboomcar_msgs/include/yahboomcar_msgs/yahboomcar_msgs/msg/detail/position__traits.hpp\n'}
[12.912742] (yahboomcar_msgs) StdoutLine: {'line': b'-- Up-to-date symlink: /home/jetson/yahboomcar_ros2_ws_new/yahboomcar_ws/install/yahboomcar_msgs/include/yahboomcar_msgs/yahboomcar_msgs/msg/detail/position__type_support.hpp\n'}
[12.913271] (yahboomcar_msgs) StdoutLine: {'line': b'-- Up-to-date symlink: /home/jetson/yahboomcar_ros2_ws_new/yahboomcar_ws/install/yahboomcar_msgs/include/yahboomcar_msgs/yahboomcar_msgs/msg/detail/target__builder.hpp\n'}
[12.913840] (yahboomcar_msgs) StdoutLine: {'line': b'-- Up-to-date symlink: /home/jetson/yahboomcar_ros2_ws_new/yahboomcar_ws/install/yahboomcar_msgs/include/yahboomcar_msgs/yahboomcar_msgs/msg/detail/target__struct.hpp\n'}
[12.914682] (yahboomcar_msgs) StdoutLine: {'line': b'-- Up-to-date symlink: /home/jetson/yahboomcar_ros2_ws_new/yahboomcar_ws/install/yahboomcar_msgs/include/yahboomcar_msgs/yahboomcar_msgs/msg/detail/target__traits.hpp\n'}
[12.915133] (yahboomcar_msgs) StdoutLine: {'line': b'-- Up-to-date symlink: /home/jetson/yahboomcar_ros2_ws_new/yahboomcar_ws/install/yahboomcar_msgs/include/yahboomcar_msgs/yahboomcar_msgs/msg/detail/target__type_support.hpp\n'}
[12.915626] (yahboomcar_msgs) StdoutLine: {'line': b'-- Up-to-date symlink: /home/jetson/yahboomcar_ros2_ws_new/yahboomcar_ws/install/yahboomcar_msgs/include/yahboomcar_msgs/yahboomcar_msgs/msg/detail/target_array__builder.hpp\n'}
[12.916157] (yahboomcar_msgs) StdoutLine: {'line': b'-- Up-to-date symlink: /home/jetson/yahboomcar_ros2_ws_new/yahboomcar_ws/install/yahboomcar_msgs/include/yahboomcar_msgs/yahboomcar_msgs/msg/detail/target_array__struct.hpp\n'}
[12.916697] (yahboomcar_msgs) StdoutLine: {'line': b'-- Up-to-date symlink: /home/jetson/yahboomcar_ros2_ws_new/yahboomcar_ws/install/yahboomcar_msgs/include/yahboomcar_msgs/yahboomcar_msgs/msg/detail/target_array__traits.hpp\n'}
[12.917253] (yahboomcar_msgs) StdoutLine: {'line': b'-- Up-to-date symlink: /home/jetson/yahboomcar_ros2_ws_new/yahboomcar_ws/install/yahboomcar_msgs/include/yahboomcar_msgs/yahboomcar_msgs/msg/detail/target_array__type_support.hpp\n'}
[12.917793] (yahboomcar_msgs) StdoutLine: {'line': b'-- Up-to-date symlink: /home/jetson/yahboomcar_ros2_ws_new/yahboomcar_ws/install/yahboomcar_msgs/include/yahboomcar_msgs/yahboomcar_msgs/msg/image_msg.hpp\n'}
[12.918255] (yahboomcar_msgs) StdoutLine: {'line': b'-- Up-to-date symlink: /home/jetson/yahboomcar_ros2_ws_new/yahboomcar_ws/install/yahboomcar_msgs/include/yahboomcar_msgs/yahboomcar_msgs/msg/point_array.hpp\n'}
[12.918783] (yahboomcar_msgs) StdoutLine: {'line': b'-- Up-to-date symlink: /home/jetson/yahboomcar_ros2_ws_new/yahboomcar_ws/install/yahboomcar_msgs/include/yahboomcar_msgs/yahboomcar_msgs/msg/position.hpp\n'}
[12.919206] (yahboomcar_msgs) StdoutLine: {'line': b'-- Up-to-date symlink: /home/jetson/yahboomcar_ros2_ws_new/yahboomcar_ws/install/yahboomcar_msgs/include/yahboomcar_msgs/yahboomcar_msgs/msg/rosidl_generator_cpp__visibility_control.hpp\n'}
[12.919736] (yahboomcar_msgs) StdoutLine: {'line': b'-- Up-to-date symlink: /home/jetson/yahboomcar_ros2_ws_new/yahboomcar_ws/install/yahboomcar_msgs/include/yahboomcar_msgs/yahboomcar_msgs/msg/target.hpp\n'}
[12.920271] (yahboomcar_msgs) StdoutLine: {'line': b'-- Up-to-date symlink: /home/jetson/yahboomcar_ros2_ws_new/yahboomcar_ws/install/yahboomcar_msgs/include/yahboomcar_msgs/yahboomcar_msgs/msg/target_array.hpp\n'}
[12.922692] (yahboomcar_msgs) StdoutLine: {'line': b'-- Symlinking: /home/jetson/yahboomcar_ros2_ws_new/yahboomcar_ws/install/yahboomcar_msgs/include/yahboomcar_msgs/yahboomcar_msgs/msg/detail/arm_joint__rosidl_typesupport_fastrtps_cpp.hpp\n'}
[12.943187] (-) TimerEvent: {}
[12.946268] (yahboomcar_msgs) StdoutLine: {'line': b'-- Up-to-date symlink: /home/jetson/yahboomcar_ros2_ws_new/yahboomcar_ws/install/yahboomcar_msgs/include/yahboomcar_msgs/yahboomcar_msgs/msg/detail/image_msg__rosidl_typesupport_fastrtps_cpp.hpp\n'}
[12.946789] (yahboomcar_msgs) StdoutLine: {'line': b'-- Up-to-date symlink: /home/jetson/yahboomcar_ros2_ws_new/yahboomcar_ws/install/yahboomcar_msgs/include/yahboomcar_msgs/yahboomcar_msgs/msg/detail/point_array__rosidl_typesupport_fastrtps_cpp.hpp\n'}
[12.947060] (yahboomcar_msgs) StdoutLine: {'line': b'-- Up-to-date symlink: /home/jetson/yahboomcar_ros2_ws_new/yahboomcar_ws/install/yahboomcar_msgs/include/yahboomcar_msgs/yahboomcar_msgs/msg/detail/position__rosidl_typesupport_fastrtps_cpp.hpp\n'}
[12.947886] (yahboomcar_msgs) StdoutLine: {'line': b'-- Up-to-date symlink: /home/jetson/yahboomcar_ros2_ws_new/yahboomcar_ws/install/yahboomcar_msgs/include/yahboomcar_msgs/yahboomcar_msgs/msg/detail/target__rosidl_typesupport_fastrtps_cpp.hpp\n'}
[12.948180] (yahboomcar_msgs) StdoutLine: {'line': b'-- Up-to-date symlink: /home/jetson/yahboomcar_ros2_ws_new/yahboomcar_ws/install/yahboomcar_msgs/include/yahboomcar_msgs/yahboomcar_msgs/msg/detail/target_array__rosidl_typesupport_fastrtps_cpp.hpp\n'}
[12.948597] (yahboomcar_msgs) StdoutLine: {'line': b'-- Up-to-date symlink: /home/jetson/yahboomcar_ros2_ws_new/yahboomcar_ws/install/yahboomcar_msgs/include/yahboomcar_msgs/yahboomcar_msgs/msg/rosidl_typesupport_fastrtps_cpp__visibility_control.h\n'}
[12.949738] (yahboomcar_msgs) StdoutLine: {'line': b'-- Symlinking: /home/jetson/yahboomcar_ros2_ws_new/yahboomcar_ws/install/yahboomcar_msgs/include/yahboomcar_msgs/yahboomcar_msgs/msg/detail/arm_joint__rosidl_typesupport_introspection_cpp.hpp\n'}
[12.973364] (yahboomcar_msgs) StdoutLine: {'line': b'-- Up-to-date symlink: /home/jetson/yahboomcar_ros2_ws_new/yahboomcar_ws/install/yahboomcar_msgs/include/yahboomcar_msgs/yahboomcar_msgs/msg/detail/image_msg__rosidl_typesupport_introspection_cpp.hpp\n'}
[12.973850] (yahboomcar_msgs) StdoutLine: {'line': b'-- Up-to-date symlink: /home/jetson/yahboomcar_ros2_ws_new/yahboomcar_ws/install/yahboomcar_msgs/include/yahboomcar_msgs/yahboomcar_msgs/msg/detail/point_array__rosidl_typesupport_introspection_cpp.hpp\n'}
[12.974172] (yahboomcar_msgs) StdoutLine: {'line': b'-- Up-to-date symlink: /home/jetson/yahboomcar_ros2_ws_new/yahboomcar_ws/install/yahboomcar_msgs/include/yahboomcar_msgs/yahboomcar_msgs/msg/detail/position__rosidl_typesupport_introspection_cpp.hpp\n'}
[12.974909] (yahboomcar_msgs) StdoutLine: {'line': b'-- Up-to-date symlink: /home/jetson/yahboomcar_ros2_ws_new/yahboomcar_ws/install/yahboomcar_msgs/include/yahboomcar_msgs/yahboomcar_msgs/msg/detail/target__rosidl_typesupport_introspection_cpp.hpp\n'}
[12.975193] (yahboomcar_msgs) StdoutLine: {'line': b'-- Up-to-date symlink: /home/jetson/yahboomcar_ros2_ws_new/yahboomcar_ws/install/yahboomcar_msgs/include/yahboomcar_msgs/yahboomcar_msgs/msg/detail/target_array__rosidl_typesupport_introspection_cpp.hpp\n'}
[12.975606] (yahboomcar_msgs) StdoutLine: {'line': b'-- Up-to-date symlink: /home/jetson/yahboomcar_ros2_ws_new/yahboomcar_ws/install/yahboomcar_msgs/share/yahboomcar_msgs/environment/pythonpath.sh\n'}
[12.976037] (yahboomcar_msgs) StdoutLine: {'line': b'-- Up-to-date symlink: /home/jetson/yahboomcar_ros2_ws_new/yahboomcar_ws/install/yahboomcar_msgs/share/yahboomcar_msgs/environment/pythonpath.dsv\n'}
[12.977289] (yahboomcar_msgs) StdoutLine: {'line': b'-- Up-to-date symlink: /home/jetson/yahboomcar_ros2_ws_new/yahboomcar_ws/install/yahboomcar_msgs/local/lib/python3.10/dist-packages/yahboomcar_msgs-0.0.0-py3.10.egg-info/PKG-INFO\n'}
[12.977825] (yahboomcar_msgs) StdoutLine: {'line': b'-- Up-to-date symlink: /home/jetson/yahboomcar_ros2_ws_new/yahboomcar_ws/install/yahboomcar_msgs/local/lib/python3.10/dist-packages/yahboomcar_msgs-0.0.0-py3.10.egg-info/SOURCES.txt\n'}
[12.978394] (yahboomcar_msgs) StdoutLine: {'line': b'-- Up-to-date symlink: /home/jetson/yahboomcar_ros2_ws_new/yahboomcar_ws/install/yahboomcar_msgs/local/lib/python3.10/dist-packages/yahboomcar_msgs-0.0.0-py3.10.egg-info/dependency_links.txt\n'}
[12.978929] (yahboomcar_msgs) StdoutLine: {'line': b'-- Up-to-date symlink: /home/jetson/yahboomcar_ros2_ws_new/yahboomcar_ws/install/yahboomcar_msgs/local/lib/python3.10/dist-packages/yahboomcar_msgs-0.0.0-py3.10.egg-info/top_level.txt\n'}
[12.981472] (yahboomcar_msgs) StdoutLine: {'line': b'-- Up-to-date symlink: /home/jetson/yahboomcar_ros2_ws_new/yahboomcar_ws/install/yahboomcar_msgs/local/lib/python3.10/dist-packages/yahboomcar_msgs/__init__.py\n'}
[12.982042] (yahboomcar_msgs) StdoutLine: {'line': b'-- Up-to-date symlink: /home/jetson/yahboomcar_ros2_ws_new/yahboomcar_ws/install/yahboomcar_msgs/local/lib/python3.10/dist-packages/yahboomcar_msgs/_yahboomcar_msgs_s.ep.rosidl_typesupport_c.c\n'}
[12.982612] (yahboomcar_msgs) StdoutLine: {'line': b'-- Up-to-date symlink: /home/jetson/yahboomcar_ros2_ws_new/yahboomcar_ws/install/yahboomcar_msgs/local/lib/python3.10/dist-packages/yahboomcar_msgs/_yahboomcar_msgs_s.ep.rosidl_typesupport_fastrtps_c.c\n'}
[12.983145] (yahboomcar_msgs) StdoutLine: {'line': b'-- Up-to-date symlink: /home/jetson/yahboomcar_ros2_ws_new/yahboomcar_ws/install/yahboomcar_msgs/local/lib/python3.10/dist-packages/yahboomcar_msgs/_yahboomcar_msgs_s.ep.rosidl_typesupport_introspection_c.c\n'}
[12.983659] (yahboomcar_msgs) StdoutLine: {'line': b'-- Up-to-date symlink: /home/jetson/yahboomcar_ros2_ws_new/yahboomcar_ws/install/yahboomcar_msgs/local/lib/python3.10/dist-packages/yahboomcar_msgs/libyahboomcar_msgs__rosidl_generator_py.so\n'}
[12.984119] (yahboomcar_msgs) StdoutLine: {'line': b'-- Up-to-date symlink: /home/jetson/yahboomcar_ros2_ws_new/yahboomcar_ws/install/yahboomcar_msgs/local/lib/python3.10/dist-packages/yahboomcar_msgs/msg/__init__.py\n'}
[12.984534] (yahboomcar_msgs) StdoutLine: {'line': b'-- Symlinking: /home/jetson/yahboomcar_ros2_ws_new/yahboomcar_ws/install/yahboomcar_msgs/local/lib/python3.10/dist-packages/yahboomcar_msgs/msg/_arm_joint.py\n'}
[13.007721] (yahboomcar_msgs) StdoutLine: {'line': b'-- Symlinking: /home/jetson/yahboomcar_ros2_ws_new/yahboomcar_ws/install/yahboomcar_msgs/local/lib/python3.10/dist-packages/yahboomcar_msgs/msg/_arm_joint_s.c\n'}
[13.030409] (yahboomcar_msgs) StdoutLine: {'line': b'-- Up-to-date symlink: /home/jetson/yahboomcar_ros2_ws_new/yahboomcar_ws/install/yahboomcar_msgs/local/lib/python3.10/dist-packages/yahboomcar_msgs/msg/_image_msg.py\n'}
[13.030945] (yahboomcar_msgs) StdoutLine: {'line': b'-- Up-to-date symlink: /home/jetson/yahboomcar_ros2_ws_new/yahboomcar_ws/install/yahboomcar_msgs/local/lib/python3.10/dist-packages/yahboomcar_msgs/msg/_image_msg_s.c\n'}
[13.031214] (yahboomcar_msgs) StdoutLine: {'line': b'-- Up-to-date symlink: /home/jetson/yahboomcar_ros2_ws_new/yahboomcar_ws/install/yahboomcar_msgs/local/lib/python3.10/dist-packages/yahboomcar_msgs/msg/_point_array.py\n'}
[13.031531] (yahboomcar_msgs) StdoutLine: {'line': b'-- Up-to-date symlink: /home/jetson/yahboomcar_ros2_ws_new/yahboomcar_ws/install/yahboomcar_msgs/local/lib/python3.10/dist-packages/yahboomcar_msgs/msg/_point_array_s.c\n'}
[13.031982] (yahboomcar_msgs) StdoutLine: {'line': b'-- Up-to-date symlink: /home/jetson/yahboomcar_ros2_ws_new/yahboomcar_ws/install/yahboomcar_msgs/local/lib/python3.10/dist-packages/yahboomcar_msgs/msg/_position.py\n'}
[13.032461] (yahboomcar_msgs) StdoutLine: {'line': b'-- Up-to-date symlink: /home/jetson/yahboomcar_ros2_ws_new/yahboomcar_ws/install/yahboomcar_msgs/local/lib/python3.10/dist-packages/yahboomcar_msgs/msg/_position_s.c\n'}
[13.032944] (yahboomcar_msgs) StdoutLine: {'line': b'-- Up-to-date symlink: /home/jetson/yahboomcar_ros2_ws_new/yahboomcar_ws/install/yahboomcar_msgs/local/lib/python3.10/dist-packages/yahboomcar_msgs/msg/_target.py\n'}
[13.033352] (yahboomcar_msgs) StdoutLine: {'line': b'-- Up-to-date symlink: /home/jetson/yahboomcar_ros2_ws_new/yahboomcar_ws/install/yahboomcar_msgs/local/lib/python3.10/dist-packages/yahboomcar_msgs/msg/_target_array.py\n'}
[13.033669] (yahboomcar_msgs) StdoutLine: {'line': b'-- Up-to-date symlink: /home/jetson/yahboomcar_ros2_ws_new/yahboomcar_ws/install/yahboomcar_msgs/local/lib/python3.10/dist-packages/yahboomcar_msgs/msg/_target_array_s.c\n'}
[13.034306] (yahboomcar_msgs) StdoutLine: {'line': b'-- Up-to-date symlink: /home/jetson/yahboomcar_ros2_ws_new/yahboomcar_ws/install/yahboomcar_msgs/local/lib/python3.10/dist-packages/yahboomcar_msgs/msg/_target_s.c\n'}
[13.034745] (yahboomcar_msgs) StdoutLine: {'line': b'-- Up-to-date symlink: /home/jetson/yahboomcar_ros2_ws_new/yahboomcar_ws/install/yahboomcar_msgs/local/lib/python3.10/dist-packages/yahboomcar_msgs/yahboomcar_msgs_s__rosidl_typesupport_c.cpython-310-aarch64-linux-gnu.so\n'}
[13.035228] (yahboomcar_msgs) StdoutLine: {'line': b'-- Up-to-date symlink: /home/jetson/yahboomcar_ros2_ws_new/yahboomcar_ws/install/yahboomcar_msgs/local/lib/python3.10/dist-packages/yahboomcar_msgs/yahboomcar_msgs_s__rosidl_typesupport_fastrtps_c.cpython-310-aarch64-linux-gnu.so\n'}
[13.035636] (yahboomcar_msgs) StdoutLine: {'line': b'-- Up-to-date symlink: /home/jetson/yahboomcar_ros2_ws_new/yahboomcar_ws/install/yahboomcar_msgs/local/lib/python3.10/dist-packages/yahboomcar_msgs/yahboomcar_msgs_s__rosidl_typesupport_introspection_c.cpython-310-aarch64-linux-gnu.so\n'}
[13.036669] (yahboomcar_msgs) StdoutLine: {'line': b'-- Up-to-date symlink: /home/jetson/yahboomcar_ros2_ws_new/yahboomcar_ws/install/yahboomcar_msgs/local/lib/python3.10/dist-packages/yahboomcar_msgs/yahboomcar_msgs_s__rosidl_typesupport_fastrtps_c.cpython-310-aarch64-linux-gnu.so\n'}
[13.037548] (yahboomcar_msgs) StdoutLine: {'line': b'-- Up-to-date symlink: /home/jetson/yahboomcar_ros2_ws_new/yahboomcar_ws/install/yahboomcar_msgs/local/lib/python3.10/dist-packages/yahboomcar_msgs/yahboomcar_msgs_s__rosidl_typesupport_introspection_c.cpython-310-aarch64-linux-gnu.so\n'}
[13.038503] (yahboomcar_msgs) StdoutLine: {'line': b'-- Up-to-date symlink: /home/jetson/yahboomcar_ros2_ws_new/yahboomcar_ws/install/yahboomcar_msgs/local/lib/python3.10/dist-packages/yahboomcar_msgs/yahboomcar_msgs_s__rosidl_typesupport_c.cpython-310-aarch64-linux-gnu.so\n'}
[13.039038] (yahboomcar_msgs) StdoutLine: {'line': b'-- Symlinking: /home/jetson/yahboomcar_ros2_ws_new/yahboomcar_ws/install/yahboomcar_msgs/share/yahboomcar_msgs/msg/ArmJoint.idl\n'}
[13.043266] (-) TimerEvent: {}
[13.063772] (yahboomcar_msgs) StdoutLine: {'line': b'-- Up-to-date symlink: /home/jetson/yahboomcar_ros2_ws_new/yahboomcar_ws/install/yahboomcar_msgs/share/yahboomcar_msgs/msg/ImageMsg.idl\n'}
[13.064314] (yahboomcar_msgs) StdoutLine: {'line': b'-- Up-to-date symlink: /home/jetson/yahboomcar_ros2_ws_new/yahboomcar_ws/install/yahboomcar_msgs/share/yahboomcar_msgs/msg/PointArray.idl\n'}
[13.064618] (yahboomcar_msgs) StdoutLine: {'line': b'-- Up-to-date symlink: /home/jetson/yahboomcar_ros2_ws_new/yahboomcar_ws/install/yahboomcar_msgs/share/yahboomcar_msgs/msg/Position.idl\n'}
[13.064874] (yahboomcar_msgs) StdoutLine: {'line': b'-- Up-to-date symlink: /home/jetson/yahboomcar_ros2_ws_new/yahboomcar_ws/install/yahboomcar_msgs/share/yahboomcar_msgs/msg/Target.idl\n'}
[13.065238] (yahboomcar_msgs) StdoutLine: {'line': b'-- Up-to-date symlink: /home/jetson/yahboomcar_ros2_ws_new/yahboomcar_ws/install/yahboomcar_msgs/share/yahboomcar_msgs/msg/TargetArray.idl\n'}
[13.065510] (yahboomcar_msgs) StdoutLine: {'line': b'-- Symlinking: /home/jetson/yahboomcar_ros2_ws_new/yahboomcar_ws/install/yahboomcar_msgs/share/yahboomcar_msgs/msg/ArmJoint.msg\n'}
[13.091780] (yahboomcar_msgs) StdoutLine: {'line': b'-- Up-to-date symlink: /home/jetson/yahboomcar_ros2_ws_new/yahboomcar_ws/install/yahboomcar_msgs/share/yahboomcar_msgs/msg/ImageMsg.msg\n'}
[13.092562] (yahboomcar_msgs) StdoutLine: {'line': b'-- Up-to-date symlink: /home/jetson/yahboomcar_ros2_ws_new/yahboomcar_ws/install/yahboomcar_msgs/share/yahboomcar_msgs/msg/PointArray.msg\n'}
[13.093034] (yahboomcar_msgs) StdoutLine: {'line': b'-- Up-to-date symlink: /home/jetson/yahboomcar_ros2_ws_new/yahboomcar_ws/install/yahboomcar_msgs/share/yahboomcar_msgs/msg/Position.msg\n'}
[13.093532] (yahboomcar_msgs) StdoutLine: {'line': b'-- Up-to-date symlink: /home/jetson/yahboomcar_ros2_ws_new/yahboomcar_ws/install/yahboomcar_msgs/share/yahboomcar_msgs/msg/Target.msg\n'}
[13.094239] (yahboomcar_msgs) StdoutLine: {'line': b'-- Up-to-date symlink: /home/jetson/yahboomcar_ros2_ws_new/yahboomcar_ws/install/yahboomcar_msgs/share/yahboomcar_msgs/msg/TargetArray.msg\n'}
[13.094896] (yahboomcar_msgs) StdoutLine: {'line': b'-- Up-to-date symlink: /home/jetson/yahboomcar_ros2_ws_new/yahboomcar_ws/install/yahboomcar_msgs/share/ament_index/resource_index/package_run_dependencies/yahboomcar_msgs\n'}
[13.095619] (yahboomcar_msgs) StdoutLine: {'line': b'-- Up-to-date symlink: /home/jetson/yahboomcar_ros2_ws_new/yahboomcar_ws/install/yahboomcar_msgs/share/ament_index/resource_index/parent_prefix_path/yahboomcar_msgs\n'}
[13.096227] (yahboomcar_msgs) StdoutLine: {'line': b'-- Up-to-date symlink: /home/jetson/yahboomcar_ros2_ws_new/yahboomcar_ws/install/yahboomcar_msgs/share/yahboomcar_msgs/environment/ament_prefix_path.sh\n'}
[13.096778] (yahboomcar_msgs) StdoutLine: {'line': b'-- Up-to-date symlink: /home/jetson/yahboomcar_ros2_ws_new/yahboomcar_ws/install/yahboomcar_msgs/share/yahboomcar_msgs/environment/ament_prefix_path.dsv\n'}
[13.097342] (yahboomcar_msgs) StdoutLine: {'line': b'-- Up-to-date symlink: /home/jetson/yahboomcar_ros2_ws_new/yahboomcar_ws/install/yahboomcar_msgs/share/yahboomcar_msgs/environment/path.sh\n'}
[13.097891] (yahboomcar_msgs) StdoutLine: {'line': b'-- Up-to-date symlink: /home/jetson/yahboomcar_ros2_ws_new/yahboomcar_ws/install/yahboomcar_msgs/share/yahboomcar_msgs/environment/path.dsv\n'}
[13.098638] (yahboomcar_msgs) StdoutLine: {'line': b'-- Up-to-date symlink: /home/jetson/yahboomcar_ros2_ws_new/yahboomcar_ws/install/yahboomcar_msgs/share/yahboomcar_msgs/local_setup.bash\n'}
[13.099190] (yahboomcar_msgs) StdoutLine: {'line': b'-- Up-to-date symlink: /home/jetson/yahboomcar_ros2_ws_new/yahboomcar_ws/install/yahboomcar_msgs/share/yahboomcar_msgs/local_setup.sh\n'}
[13.099902] (yahboomcar_msgs) StdoutLine: {'line': b'-- Up-to-date symlink: /home/jetson/yahboomcar_ros2_ws_new/yahboomcar_ws/install/yahboomcar_msgs/share/yahboomcar_msgs/local_setup.zsh\n'}
[13.100439] (yahboomcar_msgs) StdoutLine: {'line': b'-- Up-to-date symlink: /home/jetson/yahboomcar_ros2_ws_new/yahboomcar_ws/install/yahboomcar_msgs/share/yahboomcar_msgs/local_setup.dsv\n'}
[13.100876] (yahboomcar_msgs) StdoutLine: {'line': b'-- Symlinking: /home/jetson/yahboomcar_ros2_ws_new/yahboomcar_ws/install/yahboomcar_msgs/share/yahboomcar_msgs/package.dsv\n'}
[13.126129] (yahboomcar_msgs) StdoutLine: {'line': b'-- Up-to-date symlink: /home/jetson/yahboomcar_ros2_ws_new/yahboomcar_ws/install/yahboomcar_msgs/share/ament_index/resource_index/packages/yahboomcar_msgs\n'}
[13.126705] (yahboomcar_msgs) StdoutLine: {'line': b'-- Up-to-date symlink: /home/jetson/yahboomcar_ros2_ws_new/yahboomcar_ws/install/yahboomcar_msgs/share/yahboomcar_msgs/cmake/rosidl_cmake-extras.cmake\n'}
[13.126889] (yahboomcar_msgs) StdoutLine: {'line': b'-- Up-to-date symlink: /home/jetson/yahboomcar_ros2_ws_new/yahboomcar_ws/install/yahboomcar_msgs/share/yahboomcar_msgs/cmake/ament_cmake_export_dependencies-extras.cmake\n'}
[13.127258] (yahboomcar_msgs) StdoutLine: {'line': b'-- Up-to-date symlink: /home/jetson/yahboomcar_ros2_ws_new/yahboomcar_ws/install/yahboomcar_msgs/share/yahboomcar_msgs/cmake/ament_cmake_export_include_directories-extras.cmake\n'}
[13.127732] (yahboomcar_msgs) StdoutLine: {'line': b'-- Up-to-date symlink: /home/jetson/yahboomcar_ros2_ws_new/yahboomcar_ws/install/yahboomcar_msgs/share/yahboomcar_msgs/cmake/ament_cmake_export_libraries-extras.cmake\n'}
[13.128259] (yahboomcar_msgs) StdoutLine: {'line': b'-- Up-to-date symlink: /home/jetson/yahboomcar_ros2_ws_new/yahboomcar_ws/install/yahboomcar_msgs/share/yahboomcar_msgs/cmake/ament_cmake_export_targets-extras.cmake\n'}
[13.128766] (yahboomcar_msgs) StdoutLine: {'line': b'-- Up-to-date symlink: /home/jetson/yahboomcar_ros2_ws_new/yahboomcar_ws/install/yahboomcar_msgs/share/yahboomcar_msgs/cmake/rosidl_cmake_export_typesupport_targets-extras.cmake\n'}
[13.129460] (yahboomcar_msgs) StdoutLine: {'line': b'-- Up-to-date symlink: /home/jetson/yahboomcar_ros2_ws_new/yahboomcar_ws/install/yahboomcar_msgs/share/yahboomcar_msgs/cmake/rosidl_cmake_export_typesupport_libraries-extras.cmake\n'}
[13.130169] (yahboomcar_msgs) StdoutLine: {'line': b'-- Up-to-date symlink: /home/jetson/yahboomcar_ros2_ws_new/yahboomcar_ws/install/yahboomcar_msgs/share/yahboomcar_msgs/cmake/yahboomcar_msgsConfig.cmake\n'}
[13.130700] (yahboomcar_msgs) StdoutLine: {'line': b'-- Up-to-date symlink: /home/jetson/yahboomcar_ros2_ws_new/yahboomcar_ws/install/yahboomcar_msgs/share/yahboomcar_msgs/cmake/yahboomcar_msgsConfig-version.cmake\n'}
[13.131206] (yahboomcar_msgs) StdoutLine: {'line': b'-- Up-to-date symlink: /home/jetson/yahboomcar_ros2_ws_new/yahboomcar_ws/install/yahboomcar_msgs/share/yahboomcar_msgs/package.xml\n'}
[13.131940] (yahboomcar_msgs) StdoutLine: {'line': b'-- Installing: /home/jetson/yahboomcar_ros2_ws_new/yahboomcar_ws/install/yahboomcar_msgs/lib/libyahboomcar_msgs__rosidl_generator_c.so\n'}
[13.133471] (yahboomcar_msgs) StdoutLine: {'line': b'-- Set runtime path of "/home/jetson/yahboomcar_ros2_ws_new/yahboomcar_ws/install/yahboomcar_msgs/lib/libyahboomcar_msgs__rosidl_generator_c.so" to ""\n'}
[13.134085] (yahboomcar_msgs) StdoutLine: {'line': b'-- Installing: /home/jetson/yahboomcar_ros2_ws_new/yahboomcar_ws/install/yahboomcar_msgs/lib/libyahboomcar_msgs__rosidl_typesupport_fastrtps_c.so\n'}
[13.136196] (yahboomcar_msgs) StdoutLine: {'line': b'-- Set runtime path of "/home/jetson/yahboomcar_ros2_ws_new/yahboomcar_ws/install/yahboomcar_msgs/lib/libyahboomcar_msgs__rosidl_typesupport_fastrtps_c.so" to ""\n'}
[13.136689] (yahboomcar_msgs) StdoutLine: {'line': b'-- Installing: /home/jetson/yahboomcar_ros2_ws_new/yahboomcar_ws/install/yahboomcar_msgs/lib/libyahboomcar_msgs__rosidl_typesupport_introspection_c.so\n'}
[13.138548] (yahboomcar_msgs) StdoutLine: {'line': b'-- Set runtime path of "/home/jetson/yahboomcar_ros2_ws_new/yahboomcar_ws/install/yahboomcar_msgs/lib/libyahboomcar_msgs__rosidl_typesupport_introspection_c.so" to ""\n'}
[13.139032] (yahboomcar_msgs) StdoutLine: {'line': b'-- Installing: /home/jetson/yahboomcar_ros2_ws_new/yahboomcar_ws/install/yahboomcar_msgs/lib/libyahboomcar_msgs__rosidl_typesupport_c.so\n'}
[13.139650] (yahboomcar_msgs) StdoutLine: {'line': b'-- Set runtime path of "/home/jetson/yahboomcar_ros2_ws_new/yahboomcar_ws/install/yahboomcar_msgs/lib/libyahboomcar_msgs__rosidl_typesupport_c.so" to ""\n'}
[13.140163] (yahboomcar_msgs) StdoutLine: {'line': b'-- Installing: /home/jetson/yahboomcar_ros2_ws_new/yahboomcar_ws/install/yahboomcar_msgs/lib/libyahboomcar_msgs__rosidl_typesupport_fastrtps_cpp.so\n'}
[13.141957] (yahboomcar_msgs) StdoutLine: {'line': b'-- Set runtime path of "/home/jetson/yahboomcar_ros2_ws_new/yahboomcar_ws/install/yahboomcar_msgs/lib/libyahboomcar_msgs__rosidl_typesupport_fastrtps_cpp.so" to ""\n'}
[13.142522] (yahboomcar_msgs) StdoutLine: {'line': b'-- Installing: /home/jetson/yahboomcar_ros2_ws_new/yahboomcar_ws/install/yahboomcar_msgs/lib/libyahboomcar_msgs__rosidl_typesupport_introspection_cpp.so\n'}
[13.143367] (-) TimerEvent: {}
[13.144300] (yahboomcar_msgs) StdoutLine: {'line': b'-- Set runtime path of "/home/jetson/yahboomcar_ros2_ws_new/yahboomcar_ws/install/yahboomcar_msgs/lib/libyahboomcar_msgs__rosidl_typesupport_introspection_cpp.so" to ""\n'}
[13.144864] (yahboomcar_msgs) StdoutLine: {'line': b'-- Installing: /home/jetson/yahboomcar_ros2_ws_new/yahboomcar_ws/install/yahboomcar_msgs/lib/libyahboomcar_msgs__rosidl_typesupport_cpp.so\n'}
[13.146066] (yahboomcar_msgs) StdoutLine: {'line': b'-- Set runtime path of "/home/jetson/yahboomcar_ros2_ws_new/yahboomcar_ws/install/yahboomcar_msgs/lib/libyahboomcar_msgs__rosidl_typesupport_cpp.so" to ""\n'}
[13.243522] (-) TimerEvent: {}
[13.269269] (yahboomcar_msgs) StdoutLine: {'line': b"Listing '/home/jetson/yahboomcar_ros2_ws_new/yahboomcar_ws/install/yahboomcar_msgs/local/lib/python3.10/dist-packages/yahboomcar_msgs'...\n"}
[13.269641] (yahboomcar_msgs) StdoutLine: {'line': b"Compiling '/home/jetson/yahboomcar_ros2_ws_new/yahboomcar_ws/install/yahboomcar_msgs/local/lib/python3.10/dist-packages/yahboomcar_msgs/__init__.py'...\n"}
[13.269804] (yahboomcar_msgs) StdoutLine: {'line': b"Listing '/home/jetson/yahboomcar_ros2_ws_new/yahboomcar_ws/install/yahboomcar_msgs/local/lib/python3.10/dist-packages/yahboomcar_msgs/msg'...\n"}
[13.269948] (yahboomcar_msgs) StdoutLine: {'line': b"Compiling '/home/jetson/yahboomcar_ros2_ws_new/yahboomcar_ws/install/yahboomcar_msgs/local/lib/python3.10/dist-packages/yahboomcar_msgs/msg/__init__.py'...\n"}
[13.270080] (yahboomcar_msgs) StdoutLine: {'line': b"Compiling '/home/jetson/yahboomcar_ros2_ws_new/yahboomcar_ws/install/yahboomcar_msgs/local/lib/python3.10/dist-packages/yahboomcar_msgs/msg/_arm_joint.py'...\n"}
[13.270193] (yahboomcar_msgs) StdoutLine: {'line': b"Compiling '/home/jetson/yahboomcar_ros2_ws_new/yahboomcar_ws/install/yahboomcar_msgs/local/lib/python3.10/dist-packages/yahboomcar_msgs/msg/_image_msg.py'...\n"}
[13.270301] (yahboomcar_msgs) StdoutLine: {'line': b"Compiling '/home/jetson/yahboomcar_ros2_ws_new/yahboomcar_ws/install/yahboomcar_msgs/local/lib/python3.10/dist-packages/yahboomcar_msgs/msg/_point_array.py'...\n"}
[13.270406] (yahboomcar_msgs) StdoutLine: {'line': b"Compiling '/home/jetson/yahboomcar_ros2_ws_new/yahboomcar_ws/install/yahboomcar_msgs/local/lib/python3.10/dist-packages/yahboomcar_msgs/msg/_position.py'...\n"}
[13.270513] (yahboomcar_msgs) StdoutLine: {'line': b"Compiling '/home/jetson/yahboomcar_ros2_ws_new/yahboomcar_ws/install/yahboomcar_msgs/local/lib/python3.10/dist-packages/yahboomcar_msgs/msg/_target.py'...\n"}
[13.270618] (yahboomcar_msgs) StdoutLine: {'line': b"Compiling '/home/jetson/yahboomcar_ros2_ws_new/yahboomcar_ws/install/yahboomcar_msgs/local/lib/python3.10/dist-packages/yahboomcar_msgs/msg/_target_array.py'...\n"}
[13.280895] (yahboomcar_msgs) StdoutLine: {'line': b'-- Installing: /home/jetson/yahboomcar_ros2_ws_new/yahboomcar_ws/install/yahboomcar_msgs/lib/libyahboomcar_msgs__rosidl_generator_py.so\n'}
[13.281635] (yahboomcar_msgs) StdoutLine: {'line': b'-- Set runtime path of "/home/jetson/yahboomcar_ros2_ws_new/yahboomcar_ws/install/yahboomcar_msgs/lib/libyahboomcar_msgs__rosidl_generator_py.so" to ""\n'}
[13.281849] (yahboomcar_msgs) StdoutLine: {'line': b'-- Up-to-date: /home/jetson/yahboomcar_ros2_ws_new/yahboomcar_ws/install/yahboomcar_msgs/share/yahboomcar_msgs/cmake/export_yahboomcar_msgs__rosidl_generator_cExport.cmake\n'}
[13.282734] (yahboomcar_msgs) StdoutLine: {'line': b'-- Up-to-date: /home/jetson/yahboomcar_ros2_ws_new/yahboomcar_ws/install/yahboomcar_msgs/share/yahboomcar_msgs/cmake/export_yahboomcar_msgs__rosidl_generator_cExport-noconfig.cmake\n'}
[13.283538] (yahboomcar_msgs) StdoutLine: {'line': b'-- Up-to-date: /home/jetson/yahboomcar_ros2_ws_new/yahboomcar_ws/install/yahboomcar_msgs/share/yahboomcar_msgs/cmake/export_yahboomcar_msgs__rosidl_typesupport_fastrtps_cExport.cmake\n'}
[13.283949] (yahboomcar_msgs) StdoutLine: {'line': b'-- Up-to-date: /home/jetson/yahboomcar_ros2_ws_new/yahboomcar_ws/install/yahboomcar_msgs/share/yahboomcar_msgs/cmake/export_yahboomcar_msgs__rosidl_typesupport_fastrtps_cExport-noconfig.cmake\n'}
[13.284460] (yahboomcar_msgs) StdoutLine: {'line': b'-- Up-to-date: /home/jetson/yahboomcar_ros2_ws_new/yahboomcar_ws/install/yahboomcar_msgs/share/yahboomcar_msgs/cmake/yahboomcar_msgs__rosidl_typesupport_introspection_cExport.cmake\n'}
[13.284972] (yahboomcar_msgs) StdoutLine: {'line': b'-- Up-to-date: /home/jetson/yahboomcar_ros2_ws_new/yahboomcar_ws/install/yahboomcar_msgs/share/yahboomcar_msgs/cmake/yahboomcar_msgs__rosidl_typesupport_introspection_cExport-noconfig.cmake\n'}
[13.286376] (yahboomcar_msgs) StdoutLine: {'line': b'-- Up-to-date: /home/jetson/yahboomcar_ros2_ws_new/yahboomcar_ws/install/yahboomcar_msgs/share/yahboomcar_msgs/cmake/yahboomcar_msgs__rosidl_typesupport_cExport.cmake\n'}
[13.286814] (yahboomcar_msgs) StdoutLine: {'line': b'-- Up-to-date: /home/jetson/yahboomcar_ros2_ws_new/yahboomcar_ws/install/yahboomcar_msgs/share/yahboomcar_msgs/cmake/yahboomcar_msgs__rosidl_typesupport_cExport-noconfig.cmake\n'}
[13.287108] (yahboomcar_msgs) StdoutLine: {'line': b'-- Up-to-date: /home/jetson/yahboomcar_ros2_ws_new/yahboomcar_ws/install/yahboomcar_msgs/share/yahboomcar_msgs/cmake/export_yahboomcar_msgs__rosidl_generator_cppExport.cmake\n'}
[13.287406] (yahboomcar_msgs) StdoutLine: {'line': b'-- Up-to-date: /home/jetson/yahboomcar_ros2_ws_new/yahboomcar_ws/install/yahboomcar_msgs/share/yahboomcar_msgs/cmake/export_yahboomcar_msgs__rosidl_typesupport_fastrtps_cppExport.cmake\n'}
[13.287669] (yahboomcar_msgs) StdoutLine: {'line': b'-- Up-to-date: /home/jetson/yahboomcar_ros2_ws_new/yahboomcar_ws/install/yahboomcar_msgs/share/yahboomcar_msgs/cmake/export_yahboomcar_msgs__rosidl_typesupport_fastrtps_cppExport-noconfig.cmake\n'}
[13.287921] (yahboomcar_msgs) StdoutLine: {'line': b'-- Up-to-date: /home/jetson/yahboomcar_ros2_ws_new/yahboomcar_ws/install/yahboomcar_msgs/share/yahboomcar_msgs/cmake/yahboomcar_msgs__rosidl_typesupport_introspection_cppExport.cmake\n'}
[13.288188] (yahboomcar_msgs) StdoutLine: {'line': b'-- Up-to-date: /home/jetson/yahboomcar_ros2_ws_new/yahboomcar_ws/install/yahboomcar_msgs/share/yahboomcar_msgs/cmake/yahboomcar_msgs__rosidl_typesupport_introspection_cppExport-noconfig.cmake\n'}
[13.288432] (yahboomcar_msgs) StdoutLine: {'line': b'-- Up-to-date: /home/jetson/yahboomcar_ros2_ws_new/yahboomcar_ws/install/yahboomcar_msgs/share/yahboomcar_msgs/cmake/yahboomcar_msgs__rosidl_typesupport_cppExport.cmake\n'}
[13.288664] (yahboomcar_msgs) StdoutLine: {'line': b'-- Up-to-date: /home/jetson/yahboomcar_ros2_ws_new/yahboomcar_ws/install/yahboomcar_msgs/share/yahboomcar_msgs/cmake/yahboomcar_msgs__rosidl_typesupport_cppExport-noconfig.cmake\n'}
[13.288894] (yahboomcar_msgs) StdoutLine: {'line': b'-- Up-to-date: /home/jetson/yahboomcar_ros2_ws_new/yahboomcar_ws/install/yahboomcar_msgs/share/yahboomcar_msgs/cmake/export_yahboomcar_msgs__rosidl_generator_pyExport.cmake\n'}
[13.289124] (yahboomcar_msgs) StdoutLine: {'line': b'-- Up-to-date: /home/jetson/yahboomcar_ros2_ws_new/yahboomcar_ws/install/yahboomcar_msgs/share/yahboomcar_msgs/cmake/export_yahboomcar_msgs__rosidl_generator_pyExport-noconfig.cmake\n'}
[13.292307] (yahboomcar_msgs) CommandEnded: {'returncode': 0}
[13.344209] (-) TimerEvent: {}
[13.367548] (yahboomcar_msgs) JobEnded: {'identifier': 'yahboomcar_msgs', 'rc': 0}
[13.370555] (arm_autopilot) JobStarted: {'identifier': 'arm_autopilot'}
[13.402537] (arm_autopilot) JobProgress: {'identifier': 'arm_autopilot', 'progress': 'cmake'}
[13.403989] (arm_autopilot) JobProgress: {'identifier': 'arm_autopilot', 'progress': 'build'}
[13.404827] (arm_autopilot) Command: {'cmd': ['/usr/bin/cmake', '--build', '/home/jetson/yahboomcar_ros2_ws_new/yahboomcar_ws/build/arm_autopilot', '--', '-j6', '-l6'], 'cwd': '/home/jetson/yahboomcar_ros2_ws_new/yahboomcar_ws/build/arm_autopilot', 'env': OrderedDict([('LESSOPEN', '| /usr/bin/lesspipe %s'), ('VSCODE_CWD', '/home/jetson'), ('VSCODE_ESM_ENTRYPOINT', 'vs/workbench/api/node/extensionHostProcess'), ('LANGUAGE', 'en_US:en'), ('USER', 'jetson'), ('SSH_CLIENT', '192.168.1.226 60141 22'), ('LC_TIME', 'en_US.UTF-8'), ('VSCODE_NLS_CONFIG', '{"userLocale":"en","osLocale":"en","resolvedLanguage":"en","defaultMessagesFile":"/home/jetson/.cursor-server/cli/servers/Stable-20adc1003928b0f1b99305dbaf845656ff81f5d0/server/out/nls.messages.json","locale":"en","availableLanguages":{}}'), ('JETSON_MODEL_NAME', 'JETSON_ORIN_NANO'), ('CAMERA_TYPE', 'astraplus'), ('VSCODE_HANDLES_UNCAUGHT_ERRORS', 'true'), ('XDG_SESSION_TYPE', 'tty'), ('SHLVL', '1'), ('LD_LIBRARY_PATH', '/home/jetson/yahboomcar_ros2_ws_new/yahboomcar_ws/install/yahboomcar_msgs/lib:/home/jetson/yahboomcar_ros2_ws_new/yahboomcar_ws/install/yahboom_web_savmap_interfaces/lib:/usr/local/lib:/home/jetson/yahboomcar_ros2_ws/software/ORB_SLAM2/lib:/home/jetson/yahboomcar_ros2_ws/software/ORB_SLAM2/Thirdparty/DBoW2/lib:/home/jetson/yahboomcar_ros2_ws/software/ORB_SLAM2/Thirdparty/g2o/lib:/home/jetson/yahboomcar_ws/install/yahboomcar_astra/usr/local/lib/yahboomcar_astra:/usr/local/lib:/usr/local/cuda-12.6/lib64:/usr/local/lib:/home/jetson/yahboomcar_ros2_ws/software/ORB_SLAM2/lib:/home/jetson/yahboomcar_ros2_ws/software/ORB_SLAM2/Thirdparty/DBoW2/lib:/home/jetson/yahboomcar_ros2_ws/software/ORB_SLAM2/Thirdparty/g2o/lib:/home/jetson/yahboomcar_ws/install/yahboomcar_astra/usr/local/lib/yahboomcar_astra:/home/jetson/yahboomcar_ws/install/yahboomcar_astra/lib:/home/jetson/yahboomcar_ws/install/yahboomcar_msgs/lib:/home/jetson/yahboomcar_ws/install/cv_bridge/lib:/home/jetson/yahboomcar_ros2_ws/software/library_ws/install/teb_local_planner/lib:/home/jetson/yahboomcar_ros2_ws/software/library_ws/install/teb_msgs/lib:/home/jetson/yahboomcar_ros2_ws/software/library_ws/install/robot_localization/lib:/home/jetson/yahboomcar_ros2_ws/software/library_ws/install/openslam_gmapping/lib:/home/jetson/yahboomcar_ros2_ws/software/library_ws/install/costmap_converter/lib:/home/jetson/yahboomcar_ros2_ws/software/library_ws/install/costmap_converter_msgs/lib:/home/jetson/yahboomcar_ros2_ws/software/library_ws/install/astra_camera/lib:/home/jetson/yahboomcar_ros2_ws/software/library_ws/install/astra_camera_msgs/lib:/opt/ros/humble/opt/rviz_ogre_vendor/lib:/opt/ros/humble/lib/aarch64-linux-gnu:/opt/ros/humble/lib:/usr/local/lib:/usr/local/cuda-12.6/lib64'), ('BROWSER', '/home/jetson/.cursor-server/cli/servers/Stable-20adc1003928b0f1b99305dbaf845656ff81f5d0/server/bin/helpers/browser.sh'), ('MOTD_SHOWN', 'pam'), ('HOME', '/home/jetson'), ('OLDPWD', '/home/jetson/yahboomcar_ros2_ws_new/yahboomcar_ws'), ('VSCODE_IPC_HOOK_CLI', '/run/user/1000/vscode-ipc-5cf9c34a-e51a-4f64-bbc3-a0af9493af19.sock'), ('JETSON_L4T', '36.4.4'), ('ROS_PYTHON_VERSION', '3'), ('JETSON_MODEL', 'NVIDIA Jetson Orin Nano Engineering Reference Developer Kit Super'), ('LC_MONETARY', 'en_US.UTF-8'), ('SSL_CERT_FILE', '/usr/lib/ssl/certs/ca-certificates.crt'), ('NO_COLOR', '1'), ('DBUS_SESSION_BUS_ADDRESS', 'unix:path=/run/user/1000/bus'), ('NODE_TLS_REJECT_UNAUTHORIZED', 'undefined'), ('ROBOT_TYPE', 'x3'), ('VSCODE_L10N_BUNDLE_LOCATION', ''), ('COLCON_PREFIX_PATH', '/home/jetson/yahboomcar_ros2_ws_new/yahboomcar_ws/install:/home/jetson/yahboomcar_ws/install:/home/jetson/yahboomcar_ros2_ws/software/library_ws/install'), ('ROS_DISTRO', 'humble'), ('LOGNAME', 'jetson'), ('FORCE_COLOR', '0'), ('JETSON_MODULE', 'NVIDIA Jetson Orin Nano (Developer kit)'), ('JETSON_SERIAL_NUMBER', '1424124390160'), ('VSCODE_HANDLES_SIGPIPE', 'true'), ('_', '/usr/bin/colcon'), ('ROS_VERSION', '2'), ('XDG_SESSION_CLASS', 'user'), ('TERM', 'dumb'), ('EVERYSPHERE_RIPGREP_PATH', '/home/jetson/.cursor-server/cli/servers/Stable-20adc1003928b0f1b99305dbaf845656ff81f5d0/server/node_modules/@vscode/ripgrep/bin/rg'), ('XDG_SESSION_ID', '176'), ('VSCODE_CLI_REQUIRE_TOKEN', '08e96213-580c-46e6-a640-b2da760a3ef4'), ('ROS_LOCALHOST_ONLY', '0'), ('COMPOSER_NO_INTERACTION', '1'), ('PATH', '/home/jetson/.local/bin:/usr/local/cuda-12.6/bin:/home/jetson/.cursor-server/cli/servers/Stable-20adc1003928b0f1b99305dbaf845656ff81f5d0/server/bin/remote-cli:/home/jetson/.local/bin:/home/jetson/yahboomcar_ros2_ws/software/library_ws/install/costmap_converter/bin:/opt/ros/humble/bin:/usr/local/cuda-12.6/bin:/usr/local/sbin:/usr/local/bin:/usr/sbin:/usr/bin:/sbin:/bin:/usr/games:/usr/local/games:/snap/bin'), ('VSCODE_AGENT_FOLDER', '/home/jetson/.cursor-server'), ('PAPERSIZE', 'letter'), ('LC_ADDRESS', 'en_US.UTF-8'), ('XDG_RUNTIME_DIR', '/run/user/1000'), ('SSL_CERT_DIR', '/usr/lib/ssl/certs'), ('CURSOR_AGENT', '1'), ('LANG', 'en_US.UTF-8'), ('LC_TELEPHONE', 'en_US.UTF-8'), ('LS_COLORS', ''), ('JETSON_SOC', 'tegra234'), ('ROS_DOMAIN_ID', '28'), ('AMENT_PREFIX_PATH', '/home/jetson/yahboomcar_ros2_ws_new/yahboomcar_ws/install/yahboomcar_voice_ctrl:/home/jetson/yahboomcar_ros2_ws_new/yahboomcar_ws/install/yahboomcar_visual:/home/jetson/yahboomcar_ros2_ws_new/yahboomcar_ws/install/yahboomcar_slam:/home/jetson/yahboomcar_ros2_ws_new/yahboomcar_ws/install/yahboomcar_rviz:/home/jetson/yahboomcar_ros2_ws_new/yahboomcar_ws/install/yahboomcar_point:/home/jetson/yahboomcar_ros2_ws_new/yahboomcar_ws/install/yahboomcar_nav:/home/jetson/yahboomcar_ros2_ws_new/yahboomcar_ws/install/yahboomcar_multi:/home/jetson/yahboomcar_ros2_ws_new/yahboomcar_ws/install/arm_autopilot:/home/jetson/yahboomcar_ros2_ws_new/yahboomcar_ws/install/yahboomcar_msgs:/home/jetson/yahboomcar_ros2_ws_new/yahboomcar_ws/install/yahboomcar_mediapipe:/home/jetson/yahboomcar_ros2_ws_new/yahboomcar_ws/install/yahboomcar_linefollow:/home/jetson/yahboomcar_ros2_ws_new/yahboomcar_ws/install/yahboomcar_laser:/home/jetson/yahboomcar_ros2_ws_new/yahboomcar_ws/install/yahboomcar_description_x1:/home/jetson/yahboomcar_ros2_ws_new/yahboomcar_ws/install/yahboomcar_description:/home/jetson/yahboomcar_ros2_ws_new/yahboomcar_ws/install/yahboomcar_ctrl:/home/jetson/yahboomcar_ros2_ws_new/yahboomcar_ws/install/yahboomcar_bringup:/home/jetson/yahboomcar_ros2_ws_new/yahboomcar_ws/install/yahboomcar_base_node:/home/jetson/yahboomcar_ros2_ws_new/yahboomcar_ws/install/yahboomcar_astra:/home/jetson/yahboomcar_ros2_ws_new/yahboomcar_ws/install/yahboomcar_KCFTracker:/home/jetson/yahboomcar_ros2_ws_new/yahboomcar_ws/install/yahboom_web_savmap_interfaces:/home/jetson/yahboomcar_ros2_ws_new/yahboomcar_ws/install/yahboom_app_save_map:/home/jetson/yahboomcar_ros2_ws_new/yahboomcar_ws/install/robot_pose_publisher_ros2:/home/jetson/yahboomcar_ros2_ws_new/yahboomcar_ws/install/laserscan_to_point_pulisher:/home/jetson/yahboomcar_ws/install/yahboomcar_voice_ctrl:/home/jetson/yahboomcar_ws/install/yahboomcar_slam:/home/jetson/yahboomcar_ws/install/yahboomcar_nav:/home/jetson/yahboomcar_ws/install/yahboomcar_astra:/home/jetson/yahboomcar_ws/install/yahboomcar_ctrl:/home/jetson/yahboomcar_ws/install/yahboomcar_bringup:/home/jetson/yahboomcar_ws/install/yahboomcar_msgs:/home/jetson/yahboomcar_ws/install/yahboomcar_linefollw:/home/jetson/yahboomcar_ws/install/yahboomcar_laser:/home/jetson/yahboomcar_ws/install/yahboomcar_description:/home/jetson/yahboomcar_ws/install/ros2_orbslam:/home/jetson/yahboomcar_ws/install/cv_bridge:/home/jetson/yahboomcar_ros2_ws/software/library_ws/install/ydlidar_ros2_driver:/home/jetson/yahboomcar_ros2_ws/software/library_ws/install/web_video_server:/home/jetson/yahboomcar_ros2_ws/software/library_ws/install/teb_local_planner:/home/jetson/yahboomcar_ros2_ws/software/library_ws/install/teb_msgs:/home/jetson/yahboomcar_ros2_ws/software/library_ws/install/sllidar_ros2:/home/jetson/yahboomcar_ros2_ws/software/library_ws/install/slam_gmapping:/home/jetson/yahboomcar_ros2_ws/software/library_ws/install/robot_localization:/home/jetson/yahboomcar_ros2_ws/software/library_ws/install/openslam_gmapping:/home/jetson/yahboomcar_ros2_ws/software/library_ws/install/costmap_converter:/home/jetson/yahboomcar_ros2_ws/software/library_ws/install/costmap_converter_msgs:/home/jetson/yahboomcar_ros2_ws/software/library_ws/install/astra_camera:/home/jetson/yahboomcar_ros2_ws/software/library_ws/install/astra_camera_msgs:/opt/ros/humble'), ('SHELL', '/bin/bash'), ('LC_NAME', 'en_US.UTF-8'), ('LESSCLOSE', '/usr/bin/lesspipe %s %s'), ('LC_MEASUREMENT', 'en_US.UTF-8'), ('LC_IDENTIFICATION', 'en_US.UTF-8'), ('RPLIDAR_TYPE', 'a1'), ('JETSON_CUDA_ARCH_BIN', '8.7'), ('PWD', '/home/jetson/yahboomcar_ros2_ws_new/yahboomcar_ws/build/arm_autopilot'), ('SSH_CONNECTION', '192.168.1.226 60141 192.168.1.85 22'), ('XDG_DATA_DIRS', '/usr/share/gnome:/home/jetson/.local/share/flatpak/exports/share:/var/lib/flatpak/exports/share:/usr/local/share:/usr/share:/var/lib/snapd/desktop:/var/lib/flatpak/exports/share:/home/jetson/.local/share/flatpak/exports/share:/var/lib/flatpak/exports/share:/home/jetson/.local/share/flatpak/exports/share'), ('PYTHONPATH', '/home/jetson/yahboomcar_ros2_ws_new/yahboomcar_ws/build/yahboomcar_voice_ctrl:/home/jetson/yahboomcar_ros2_ws_new/yahboomcar_ws/install/yahboomcar_voice_ctrl/lib/python3.10/site-packages:/home/jetson/yahboomcar_ros2_ws_new/yahboomcar_ws/build/yahboomcar_visual:/home/jetson/yahboomcar_ros2_ws_new/yahboomcar_ws/install/yahboomcar_visual/lib/python3.10/site-packages:/home/jetson/yahboomcar_ros2_ws_new/yahboomcar_ws/build/yahboomcar_rviz:/home/jetson/yahboomcar_ros2_ws_new/yahboomcar_ws/install/yahboomcar_rviz/lib/python3.10/site-packages:/home/jetson/yahboomcar_ros2_ws_new/yahboomcar_ws/build/yahboomcar_nav:/home/jetson/yahboomcar_ros2_ws_new/yahboomcar_ws/install/yahboomcar_nav/lib/python3.10/site-packages:/home/jetson/yahboomcar_ros2_ws_new/yahboomcar_ws/build/yahboomcar_multi:/home/jetson/yahboomcar_ros2_ws_new/yahboomcar_ws/install/yahboomcar_multi/lib/python3.10/site-packages:/home/jetson/yahboomcar_ros2_ws_new/yahboomcar_ws/install/arm_autopilot/local/lib/python3.10/dist-packages:/home/jetson/yahboomcar_ros2_ws_new/yahboomcar_ws/install/yahboomcar_msgs/local/lib/python3.10/dist-packages:/home/jetson/yahboomcar_ros2_ws_new/yahboomcar_ws/build/yahboomcar_mediapipe:/home/jetson/yahboomcar_ros2_ws_new/yahboomcar_ws/install/yahboomcar_mediapipe/lib/python3.10/site-packages:/home/jetson/yahboomcar_ros2_ws_new/yahboomcar_ws/build/yahboomcar_linefollow:/home/jetson/yahboomcar_ros2_ws_new/yahboomcar_ws/install/yahboomcar_linefollow/lib/python3.10/site-packages:/home/jetson/yahboomcar_ros2_ws_new/yahboomcar_ws/build/yahboomcar_laser:/home/jetson/yahboomcar_ros2_ws_new/yahboomcar_ws/install/yahboomcar_laser/lib/python3.10/site-packages:/home/jetson/yahboomcar_ros2_ws_new/yahboomcar_ws/build/yahboomcar_description_x1:/home/jetson/yahboomcar_ros2_ws_new/yahboomcar_ws/install/yahboomcar_description_x1/lib/python3.10/site-packages:/home/jetson/yahboomcar_ros2_ws_new/yahboomcar_ws/build/yahboomcar_description:/home/jetson/yahboomcar_ros2_ws_new/yahboomcar_ws/install/yahboomcar_description/lib/python3.10/site-packages:/home/jetson/yahboomcar_ros2_ws_new/yahboomcar_ws/build/yahboomcar_ctrl:/home/jetson/yahboomcar_ros2_ws_new/yahboomcar_ws/install/yahboomcar_ctrl/lib/python3.10/site-packages:/home/jetson/yahboomcar_ros2_ws_new/yahboomcar_ws/build/yahboomcar_bringup:/home/jetson/yahboomcar_ros2_ws_new/yahboomcar_ws/install/yahboomcar_bringup/lib/python3.10/site-packages:/home/jetson/yahboomcar_ros2_ws_new/yahboomcar_ws/build/yahboomcar_astra:/home/jetson/yahboomcar_ros2_ws_new/yahboomcar_ws/install/yahboomcar_astra/lib/python3.10/site-packages:/home/jetson/yahboomcar_ros2_ws_new/yahboomcar_ws/install/yahboom_web_savmap_interfaces/local/lib/python3.10/dist-packages:/home/jetson/yahboomcar_ros2_ws_new/yahboomcar_ws/build/yahboom_app_save_map:/home/jetson/yahboomcar_ros2_ws_new/yahboomcar_ws/install/yahboom_app_save_map/lib/python3.10/site-packages:/home/jetson/yahboomcar_ros2_ws_new/yahboomcar_ws/build/laserscan_to_point_pulisher:/home/jetson/yahboomcar_ros2_ws_new/yahboomcar_ws/install/laserscan_to_point_pulisher/lib/python3.10/site-packages:/usr/local/lib/python3.10/site-packages/:/home/jetson/yahboomcar_ws/install/yahboomcar_msgs/local/lib/python3.10/dist-packages:/home/jetson/yahboomcar_ws/install/cv_bridge/local/lib/python3.10/dist-packages:/home/jetson/yahboomcar_ros2_ws/software/library_ws/install/teb_msgs/local/lib/python3.10/dist-packages:/home/jetson/yahboomcar_ros2_ws/software/library_ws/install/robot_localization/local/lib/python3.10/dist-packages:/home/jetson/yahboomcar_ros2_ws/software/library_ws/install/costmap_converter_msgs/local/lib/python3.10/dist-packages:/home/jetson/yahboomcar_ros2_ws/software/library_ws/install/astra_camera_msgs/local/lib/python3.10/dist-packages:/opt/ros/humble/lib/python3.10/site-packages:/opt/ros/humble/local/lib/python3.10/dist-packages:/usr/local/lib/python3.10/site-packages/:'), ('LC_NUMERIC', 'en_US.UTF-8'), ('LC_PAPER', 'en_US.UTF-8'), ('COLCON', '1'), ('_ZO_DOCTOR', '0'), ('JETSON_JETPACK', ''), ('CMAKE_PREFIX_PATH', '/home/jetson/yahboomcar_ros2_ws_new/yahboomcar_ws/install/yahboomcar_msgs:/home/jetson/yahboomcar_ros2_ws_new/yahboomcar_ws/install/yahboomcar_slam:/home/jetson/yahboomcar_ros2_ws_new/yahboomcar_ws/install/yahboomcar_point:/home/jetson/yahboomcar_ros2_ws_new/yahboomcar_ws/install/arm_autopilot:/home/jetson/yahboomcar_ros2_ws_new/yahboomcar_ws/install/yahboomcar_base_node:/home/jetson/yahboomcar_ros2_ws_new/yahboomcar_ws/install/yahboomcar_KCFTracker:/home/jetson/yahboomcar_ros2_ws_new/yahboomcar_ws/install/yahboom_web_savmap_interfaces:/home/jetson/yahboomcar_ros2_ws_new/yahboomcar_ws/install/robot_pose_publisher_ros2:/home/jetson/yahboomcar_ws/install/yahboomcar_voice_ctrl:/home/jetson/yahboomcar_ws/install/yahboomcar_slam:/home/jetson/yahboomcar_ws/install/yahboomcar_nav:/home/jetson/yahboomcar_ws/install/yahboomcar_astra:/home/jetson/yahboomcar_ws/install/yahboomcar_ctrl:/home/jetson/yahboomcar_ws/install/yahboomcar_bringup:/home/jetson/yahboomcar_ws/install/yahboomcar_msgs:/home/jetson/yahboomcar_ws/install/yahboomcar_linefollw:/home/jetson/yahboomcar_ws/install/yahboomcar_laser:/home/jetson/yahboomcar_ws/install/yahboomcar_description:/home/jetson/yahboomcar_ws/install/ros2_orbslam:/home/jetson/yahboomcar_ws/install/cv_bridge:/home/jetson/yahboomcar_ros2_ws/software/library_ws/install/ydlidar_ros2_driver:/home/jetson/yahboomcar_ros2_ws/software/library_ws/install/web_video_server:/home/jetson/yahboomcar_ros2_ws/software/library_ws/install/teb_local_planner:/home/jetson/yahboomcar_ros2_ws/software/library_ws/install/teb_msgs:/home/jetson/yahboomcar_ros2_ws/software/library_ws/install/sllidar_ros2:/home/jetson/yahboomcar_ros2_ws/software/library_ws/install/slam_gmapping:/home/jetson/yahboomcar_ros2_ws/software/library_ws/install/robot_localization:/home/jetson/yahboomcar_ros2_ws/software/library_ws/install/openslam_gmapping:/home/jetson/yahboomcar_ros2_ws/software/library_ws/install/costmap_converter:/home/jetson/yahboomcar_ros2_ws/software/library_ws/install/costmap_converter_msgs:/home/jetson/yahboomcar_ros2_ws/software/library_ws/install/astra_camera:/home/jetson/yahboomcar_ros2_ws/software/library_ws/install/astra_camera_msgs:/home/jetson/yahboomcar_ros2_ws_new/yahboomcar_ws/install/yahboomcar_voice_ctrl:/home/jetson/yahboomcar_ros2_ws_new/yahboomcar_ws/install/yahboomcar_visual:/home/jetson/yahboomcar_ros2_ws_new/yahboomcar_ws/install/yahboomcar_rviz:/home/jetson/yahboomcar_ros2_ws_new/yahboomcar_ws/install/yahboomcar_nav:/home/jetson/yahboomcar_ros2_ws_new/yahboomcar_ws/install/yahboomcar_multi:/home/jetson/yahboomcar_ros2_ws_new/yahboomcar_ws/install/yahboomcar_mediapipe:/home/jetson/yahboomcar_ros2_ws_new/yahboomcar_ws/install/yahboomcar_linefollow:/home/jetson/yahboomcar_ros2_ws_new/yahboomcar_ws/install/yahboomcar_laser:/home/jetson/yahboomcar_ros2_ws_new/yahboomcar_ws/install/yahboomcar_description_x1:/home/jetson/yahboomcar_ros2_ws_new/yahboomcar_ws/install/yahboomcar_description:/home/jetson/yahboomcar_ros2_ws_new/yahboomcar_ws/install/yahboomcar_ctrl:/home/jetson/yahboomcar_ros2_ws_new/yahboomcar_ws/install/yahboomcar_bringup:/home/jetson/yahboomcar_ros2_ws_new/yahboomcar_ws/install/yahboomcar_astra:/home/jetson/yahboomcar_ros2_ws_new/yahboomcar_ws/install/yahboom_app_save_map:/home/jetson/yahboomcar_ros2_ws_new/yahboomcar_ws/install/laserscan_to_point_pulisher:/opt/ros/humble'), ('JETSON_P_NUMBER', 'p3767-0005')]), 'shell': False}
[13.444436] (-) TimerEvent: {}
[13.466881] (arm_autopilot) StdoutLine: {'line': b'-- Found ament_cmake: 1.3.11 (/opt/ros/humble/share/ament_cmake/cmake)\n'}
[13.544554] (-) TimerEvent: {}
[13.644869] (-) TimerEvent: {}
[13.745207] (-) TimerEvent: {}
[13.820788] (arm_autopilot) StdoutLine: {'line': b'-- Override CMake install command with custom implementation using symlinks instead of copying resources\n'}
[13.839838] (arm_autopilot) StdoutLine: {'line': b'-- Found rclpy: 3.3.16 (/opt/ros/humble/share/rclpy/cmake)\n'}
[13.840632] (arm_autopilot) StdoutLine: {'line': b'-- Found std_msgs: 4.8.0 (/opt/ros/humble/share/std_msgs/cmake)\n'}
[13.845290] (-) TimerEvent: {}
[13.901737] (arm_autopilot) StdoutLine: {'line': b'-- Found rosidl_generator_c: 3.1.6 (/opt/ros/humble/share/rosidl_generator_c/cmake)\n'}
[13.905872] (arm_autopilot) StdoutLine: {'line': b'-- Found rosidl_adapter: 3.1.6 (/opt/ros/humble/share/rosidl_adapter/cmake)\n'}
[13.915798] (arm_autopilot) StdoutLine: {'line': b'-- Found rosidl_generator_cpp: 3.1.6 (/opt/ros/humble/share/rosidl_generator_cpp/cmake)\n'}
[13.934186] (arm_autopilot) StdoutLine: {'line': b'-- Using all available rosidl_typesupport_c: rosidl_typesupport_fastrtps_c;rosidl_typesupport_introspection_c\n'}
[13.945491] (-) TimerEvent: {}
[13.956688] (arm_autopilot) StdoutLine: {'line': b'-- Using all available rosidl_typesupport_cpp: rosidl_typesupport_fastrtps_cpp;rosidl_typesupport_introspection_cpp\n'}
[13.996067] (arm_autopilot) StdoutLine: {'line': b'-- Found geometry_msgs: 4.8.0 (/opt/ros/humble/share/geometry_msgs/cmake)\n'}
[14.015375] (arm_autopilot) StdoutLine: {'line': b'-- Found sensor_msgs: 4.8.0 (/opt/ros/humble/share/sensor_msgs/cmake)\n'}
[14.041461] (arm_autopilot) StdoutLine: {'line': b'-- Found cv_bridge: 3.2.1 (/home/jetson/yahboomcar_ws/install/cv_bridge/share/cv_bridge/cmake)\n'}
[14.045587] (-) TimerEvent: {}
[14.054787] (arm_autopilot) StdoutLine: {'line': b'-- Found yahboomcar_msgs: 0.0.0 (/home/jetson/yahboomcar_ros2_ws_new/yahboomcar_ws/install/yahboomcar_msgs/share/yahboomcar_msgs/cmake)\n'}
[14.145813] (-) TimerEvent: {}
[14.246318] (-) TimerEvent: {}
[14.248000] (arm_autopilot) StdoutLine: {'line': b'-- Found ament_lint_auto: 0.12.12 (/opt/ros/humble/share/ament_lint_auto/cmake)\n'}
[14.346490] (-) TimerEvent: {}
[14.436473] (arm_autopilot) StdoutLine: {'line': b"-- Added test 'copyright' to check source files copyright and LICENSE\n"}
[14.439975] (arm_autopilot) StdoutLine: {'line': b"-- Added test 'flake8' to check Python code syntax and style conventions\n"}
[14.440766] (arm_autopilot) StdoutLine: {'line': b"-- Added test 'lint_cmake' to check CMake code style\n"}
[14.441443] (arm_autopilot) StdoutLine: {'line': b"-- Added test 'pep257' to check Python code against some of the docstring style conventions in PEP 257\n"}
[14.443416] (arm_autopilot) StdoutLine: {'line': b"-- Added test 'xmllint' to check XML markup files\n"}
[14.445482] (arm_autopilot) StdoutLine: {'line': b'-- Configuring done\n'}
[14.446797] (-) TimerEvent: {}
[14.457214] (arm_autopilot) StdoutLine: {'line': b'-- Generating done\n'}
[14.462824] (arm_autopilot) StdoutLine: {'line': b'-- Build files have been written to: /home/jetson/yahboomcar_ros2_ws_new/yahboomcar_ws/build/arm_autopilot\n'}
[14.546997] (-) TimerEvent: {}
[14.571991] (arm_autopilot) StdoutLine: {'line': b'Built target ament_cmake_python_symlink_arm_autopilot\n'}
[14.647148] (-) TimerEvent: {}
[14.747522] (-) TimerEvent: {}
[14.847895] (-) TimerEvent: {}
[14.948242] (-) TimerEvent: {}
[15.048597] (-) TimerEvent: {}
[15.148946] (-) TimerEvent: {}
[15.181502] (arm_autopilot) StdoutLine: {'line': b'running egg_info\n'}
[15.234146] (arm_autopilot) StdoutLine: {'line': b'writing arm_autopilot.egg-info/PKG-INFO\n'}
[15.235108] (arm_autopilot) StdoutLine: {'line': b'writing dependency_links to arm_autopilot.egg-info/dependency_links.txt\n'}
[15.235705] (arm_autopilot) StdoutLine: {'line': b'writing top-level names to arm_autopilot.egg-info/top_level.txt\n'}
[15.249007] (-) TimerEvent: {}
[15.349264] (-) TimerEvent: {}
[15.388990] (arm_autopilot) StdoutLine: {'line': b"reading manifest file 'arm_autopilot.egg-info/SOURCES.txt'\n"}
[15.390970] (arm_autopilot) StdoutLine: {'line': b"writing manifest file 'arm_autopilot.egg-info/SOURCES.txt'\n"}
[15.449438] (-) TimerEvent: {}
[15.473620] (arm_autopilot) StdoutLine: {'line': b'Built target ament_cmake_python_build_arm_autopilot_egg\n'}
[15.499818] (arm_autopilot) CommandEnded: {'returncode': 0}
[15.503995] (arm_autopilot) JobProgress: {'identifier': 'arm_autopilot', 'progress': 'install'}
[15.505051] (arm_autopilot) Command: {'cmd': ['/usr/bin/cmake', '--install', '/home/jetson/yahboomcar_ros2_ws_new/yahboomcar_ws/build/arm_autopilot'], 'cwd': '/home/jetson/yahboomcar_ros2_ws_new/yahboomcar_ws/build/arm_autopilot', 'env': OrderedDict([('LESSOPEN', '| /usr/bin/lesspipe %s'), ('VSCODE_CWD', '/home/jetson'), ('VSCODE_ESM_ENTRYPOINT', 'vs/workbench/api/node/extensionHostProcess'), ('LANGUAGE', 'en_US:en'), ('USER', 'jetson'), ('SSH_CLIENT', '192.168.1.226 60141 22'), ('LC_TIME', 'en_US.UTF-8'), ('VSCODE_NLS_CONFIG', '{"userLocale":"en","osLocale":"en","resolvedLanguage":"en","defaultMessagesFile":"/home/jetson/.cursor-server/cli/servers/Stable-20adc1003928b0f1b99305dbaf845656ff81f5d0/server/out/nls.messages.json","locale":"en","availableLanguages":{}}'), ('JETSON_MODEL_NAME', 'JETSON_ORIN_NANO'), ('CAMERA_TYPE', 'astraplus'), ('VSCODE_HANDLES_UNCAUGHT_ERRORS', 'true'), ('XDG_SESSION_TYPE', 'tty'), ('SHLVL', '1'), ('LD_LIBRARY_PATH', '/home/jetson/yahboomcar_ros2_ws_new/yahboomcar_ws/install/yahboomcar_msgs/lib:/home/jetson/yahboomcar_ros2_ws_new/yahboomcar_ws/install/yahboom_web_savmap_interfaces/lib:/usr/local/lib:/home/jetson/yahboomcar_ros2_ws/software/ORB_SLAM2/lib:/home/jetson/yahboomcar_ros2_ws/software/ORB_SLAM2/Thirdparty/DBoW2/lib:/home/jetson/yahboomcar_ros2_ws/software/ORB_SLAM2/Thirdparty/g2o/lib:/home/jetson/yahboomcar_ws/install/yahboomcar_astra/usr/local/lib/yahboomcar_astra:/usr/local/lib:/usr/local/cuda-12.6/lib64:/usr/local/lib:/home/jetson/yahboomcar_ros2_ws/software/ORB_SLAM2/lib:/home/jetson/yahboomcar_ros2_ws/software/ORB_SLAM2/Thirdparty/DBoW2/lib:/home/jetson/yahboomcar_ros2_ws/software/ORB_SLAM2/Thirdparty/g2o/lib:/home/jetson/yahboomcar_ws/install/yahboomcar_astra/usr/local/lib/yahboomcar_astra:/home/jetson/yahboomcar_ws/install/yahboomcar_astra/lib:/home/jetson/yahboomcar_ws/install/yahboomcar_msgs/lib:/home/jetson/yahboomcar_ws/install/cv_bridge/lib:/home/jetson/yahboomcar_ros2_ws/software/library_ws/install/teb_local_planner/lib:/home/jetson/yahboomcar_ros2_ws/software/library_ws/install/teb_msgs/lib:/home/jetson/yahboomcar_ros2_ws/software/library_ws/install/robot_localization/lib:/home/jetson/yahboomcar_ros2_ws/software/library_ws/install/openslam_gmapping/lib:/home/jetson/yahboomcar_ros2_ws/software/library_ws/install/costmap_converter/lib:/home/jetson/yahboomcar_ros2_ws/software/library_ws/install/costmap_converter_msgs/lib:/home/jetson/yahboomcar_ros2_ws/software/library_ws/install/astra_camera/lib:/home/jetson/yahboomcar_ros2_ws/software/library_ws/install/astra_camera_msgs/lib:/opt/ros/humble/opt/rviz_ogre_vendor/lib:/opt/ros/humble/lib/aarch64-linux-gnu:/opt/ros/humble/lib:/usr/local/lib:/usr/local/cuda-12.6/lib64'), ('BROWSER', '/home/jetson/.cursor-server/cli/servers/Stable-20adc1003928b0f1b99305dbaf845656ff81f5d0/server/bin/helpers/browser.sh'), ('MOTD_SHOWN', 'pam'), ('HOME', '/home/jetson'), ('OLDPWD', '/home/jetson/yahboomcar_ros2_ws_new/yahboomcar_ws'), ('VSCODE_IPC_HOOK_CLI', '/run/user/1000/vscode-ipc-5cf9c34a-e51a-4f64-bbc3-a0af9493af19.sock'), ('JETSON_L4T', '36.4.4'), ('ROS_PYTHON_VERSION', '3'), ('JETSON_MODEL', 'NVIDIA Jetson Orin Nano Engineering Reference Developer Kit Super'), ('LC_MONETARY', 'en_US.UTF-8'), ('SSL_CERT_FILE', '/usr/lib/ssl/certs/ca-certificates.crt'), ('NO_COLOR', '1'), ('DBUS_SESSION_BUS_ADDRESS', 'unix:path=/run/user/1000/bus'), ('NODE_TLS_REJECT_UNAUTHORIZED', 'undefined'), ('ROBOT_TYPE', 'x3'), ('VSCODE_L10N_BUNDLE_LOCATION', ''), ('COLCON_PREFIX_PATH', '/home/jetson/yahboomcar_ros2_ws_new/yahboomcar_ws/install:/home/jetson/yahboomcar_ws/install:/home/jetson/yahboomcar_ros2_ws/software/library_ws/install'), ('ROS_DISTRO', 'humble'), ('LOGNAME', 'jetson'), ('FORCE_COLOR', '0'), ('JETSON_MODULE', 'NVIDIA Jetson Orin Nano (Developer kit)'), ('JETSON_SERIAL_NUMBER', '1424124390160'), ('VSCODE_HANDLES_SIGPIPE', 'true'), ('_', '/usr/bin/colcon'), ('ROS_VERSION', '2'), ('XDG_SESSION_CLASS', 'user'), ('TERM', 'dumb'), ('EVERYSPHERE_RIPGREP_PATH', '/home/jetson/.cursor-server/cli/servers/Stable-20adc1003928b0f1b99305dbaf845656ff81f5d0/server/node_modules/@vscode/ripgrep/bin/rg'), ('XDG_SESSION_ID', '176'), ('VSCODE_CLI_REQUIRE_TOKEN', '08e96213-580c-46e6-a640-b2da760a3ef4'), ('ROS_LOCALHOST_ONLY', '0'), ('COMPOSER_NO_INTERACTION', '1'), ('PATH', '/home/jetson/.local/bin:/usr/local/cuda-12.6/bin:/home/jetson/.cursor-server/cli/servers/Stable-20adc1003928b0f1b99305dbaf845656ff81f5d0/server/bin/remote-cli:/home/jetson/.local/bin:/home/jetson/yahboomcar_ros2_ws/software/library_ws/install/costmap_converter/bin:/opt/ros/humble/bin:/usr/local/cuda-12.6/bin:/usr/local/sbin:/usr/local/bin:/usr/sbin:/usr/bin:/sbin:/bin:/usr/games:/usr/local/games:/snap/bin'), ('VSCODE_AGENT_FOLDER', '/home/jetson/.cursor-server'), ('PAPERSIZE', 'letter'), ('LC_ADDRESS', 'en_US.UTF-8'), ('XDG_RUNTIME_DIR', '/run/user/1000'), ('SSL_CERT_DIR', '/usr/lib/ssl/certs'), ('CURSOR_AGENT', '1'), ('LANG', 'en_US.UTF-8'), ('LC_TELEPHONE', 'en_US.UTF-8'), ('LS_COLORS', ''), ('JETSON_SOC', 'tegra234'), ('ROS_DOMAIN_ID', '28'), ('AMENT_PREFIX_PATH', '/home/jetson/yahboomcar_ros2_ws_new/yahboomcar_ws/install/yahboomcar_voice_ctrl:/home/jetson/yahboomcar_ros2_ws_new/yahboomcar_ws/install/yahboomcar_visual:/home/jetson/yahboomcar_ros2_ws_new/yahboomcar_ws/install/yahboomcar_slam:/home/jetson/yahboomcar_ros2_ws_new/yahboomcar_ws/install/yahboomcar_rviz:/home/jetson/yahboomcar_ros2_ws_new/yahboomcar_ws/install/yahboomcar_point:/home/jetson/yahboomcar_ros2_ws_new/yahboomcar_ws/install/yahboomcar_nav:/home/jetson/yahboomcar_ros2_ws_new/yahboomcar_ws/install/yahboomcar_multi:/home/jetson/yahboomcar_ros2_ws_new/yahboomcar_ws/install/arm_autopilot:/home/jetson/yahboomcar_ros2_ws_new/yahboomcar_ws/install/yahboomcar_msgs:/home/jetson/yahboomcar_ros2_ws_new/yahboomcar_ws/install/yahboomcar_mediapipe:/home/jetson/yahboomcar_ros2_ws_new/yahboomcar_ws/install/yahboomcar_linefollow:/home/jetson/yahboomcar_ros2_ws_new/yahboomcar_ws/install/yahboomcar_laser:/home/jetson/yahboomcar_ros2_ws_new/yahboomcar_ws/install/yahboomcar_description_x1:/home/jetson/yahboomcar_ros2_ws_new/yahboomcar_ws/install/yahboomcar_description:/home/jetson/yahboomcar_ros2_ws_new/yahboomcar_ws/install/yahboomcar_ctrl:/home/jetson/yahboomcar_ros2_ws_new/yahboomcar_ws/install/yahboomcar_bringup:/home/jetson/yahboomcar_ros2_ws_new/yahboomcar_ws/install/yahboomcar_base_node:/home/jetson/yahboomcar_ros2_ws_new/yahboomcar_ws/install/yahboomcar_astra:/home/jetson/yahboomcar_ros2_ws_new/yahboomcar_ws/install/yahboomcar_KCFTracker:/home/jetson/yahboomcar_ros2_ws_new/yahboomcar_ws/install/yahboom_web_savmap_interfaces:/home/jetson/yahboomcar_ros2_ws_new/yahboomcar_ws/install/yahboom_app_save_map:/home/jetson/yahboomcar_ros2_ws_new/yahboomcar_ws/install/robot_pose_publisher_ros2:/home/jetson/yahboomcar_ros2_ws_new/yahboomcar_ws/install/laserscan_to_point_pulisher:/home/jetson/yahboomcar_ws/install/yahboomcar_voice_ctrl:/home/jetson/yahboomcar_ws/install/yahboomcar_slam:/home/jetson/yahboomcar_ws/install/yahboomcar_nav:/home/jetson/yahboomcar_ws/install/yahboomcar_astra:/home/jetson/yahboomcar_ws/install/yahboomcar_ctrl:/home/jetson/yahboomcar_ws/install/yahboomcar_bringup:/home/jetson/yahboomcar_ws/install/yahboomcar_msgs:/home/jetson/yahboomcar_ws/install/yahboomcar_linefollw:/home/jetson/yahboomcar_ws/install/yahboomcar_laser:/home/jetson/yahboomcar_ws/install/yahboomcar_description:/home/jetson/yahboomcar_ws/install/ros2_orbslam:/home/jetson/yahboomcar_ws/install/cv_bridge:/home/jetson/yahboomcar_ros2_ws/software/library_ws/install/ydlidar_ros2_driver:/home/jetson/yahboomcar_ros2_ws/software/library_ws/install/web_video_server:/home/jetson/yahboomcar_ros2_ws/software/library_ws/install/teb_local_planner:/home/jetson/yahboomcar_ros2_ws/software/library_ws/install/teb_msgs:/home/jetson/yahboomcar_ros2_ws/software/library_ws/install/sllidar_ros2:/home/jetson/yahboomcar_ros2_ws/software/library_ws/install/slam_gmapping:/home/jetson/yahboomcar_ros2_ws/software/library_ws/install/robot_localization:/home/jetson/yahboomcar_ros2_ws/software/library_ws/install/openslam_gmapping:/home/jetson/yahboomcar_ros2_ws/software/library_ws/install/costmap_converter:/home/jetson/yahboomcar_ros2_ws/software/library_ws/install/costmap_converter_msgs:/home/jetson/yahboomcar_ros2_ws/software/library_ws/install/astra_camera:/home/jetson/yahboomcar_ros2_ws/software/library_ws/install/astra_camera_msgs:/opt/ros/humble'), ('SHELL', '/bin/bash'), ('LC_NAME', 'en_US.UTF-8'), ('LESSCLOSE', '/usr/bin/lesspipe %s %s'), ('LC_MEASUREMENT', 'en_US.UTF-8'), ('LC_IDENTIFICATION', 'en_US.UTF-8'), ('RPLIDAR_TYPE', 'a1'), ('JETSON_CUDA_ARCH_BIN', '8.7'), ('PWD', '/home/jetson/yahboomcar_ros2_ws_new/yahboomcar_ws/build/arm_autopilot'), ('SSH_CONNECTION', '192.168.1.226 60141 192.168.1.85 22'), ('XDG_DATA_DIRS', '/usr/share/gnome:/home/jetson/.local/share/flatpak/exports/share:/var/lib/flatpak/exports/share:/usr/local/share:/usr/share:/var/lib/snapd/desktop:/var/lib/flatpak/exports/share:/home/jetson/.local/share/flatpak/exports/share:/var/lib/flatpak/exports/share:/home/jetson/.local/share/flatpak/exports/share'), ('PYTHONPATH', '/home/jetson/yahboomcar_ros2_ws_new/yahboomcar_ws/build/yahboomcar_voice_ctrl:/home/jetson/yahboomcar_ros2_ws_new/yahboomcar_ws/install/yahboomcar_voice_ctrl/lib/python3.10/site-packages:/home/jetson/yahboomcar_ros2_ws_new/yahboomcar_ws/build/yahboomcar_visual:/home/jetson/yahboomcar_ros2_ws_new/yahboomcar_ws/install/yahboomcar_visual/lib/python3.10/site-packages:/home/jetson/yahboomcar_ros2_ws_new/yahboomcar_ws/build/yahboomcar_rviz:/home/jetson/yahboomcar_ros2_ws_new/yahboomcar_ws/install/yahboomcar_rviz/lib/python3.10/site-packages:/home/jetson/yahboomcar_ros2_ws_new/yahboomcar_ws/build/yahboomcar_nav:/home/jetson/yahboomcar_ros2_ws_new/yahboomcar_ws/install/yahboomcar_nav/lib/python3.10/site-packages:/home/jetson/yahboomcar_ros2_ws_new/yahboomcar_ws/build/yahboomcar_multi:/home/jetson/yahboomcar_ros2_ws_new/yahboomcar_ws/install/yahboomcar_multi/lib/python3.10/site-packages:/home/jetson/yahboomcar_ros2_ws_new/yahboomcar_ws/install/arm_autopilot/local/lib/python3.10/dist-packages:/home/jetson/yahboomcar_ros2_ws_new/yahboomcar_ws/install/yahboomcar_msgs/local/lib/python3.10/dist-packages:/home/jetson/yahboomcar_ros2_ws_new/yahboomcar_ws/build/yahboomcar_mediapipe:/home/jetson/yahboomcar_ros2_ws_new/yahboomcar_ws/install/yahboomcar_mediapipe/lib/python3.10/site-packages:/home/jetson/yahboomcar_ros2_ws_new/yahboomcar_ws/build/yahboomcar_linefollow:/home/jetson/yahboomcar_ros2_ws_new/yahboomcar_ws/install/yahboomcar_linefollow/lib/python3.10/site-packages:/home/jetson/yahboomcar_ros2_ws_new/yahboomcar_ws/build/yahboomcar_laser:/home/jetson/yahboomcar_ros2_ws_new/yahboomcar_ws/install/yahboomcar_laser/lib/python3.10/site-packages:/home/jetson/yahboomcar_ros2_ws_new/yahboomcar_ws/build/yahboomcar_description_x1:/home/jetson/yahboomcar_ros2_ws_new/yahboomcar_ws/install/yahboomcar_description_x1/lib/python3.10/site-packages:/home/jetson/yahboomcar_ros2_ws_new/yahboomcar_ws/build/yahboomcar_description:/home/jetson/yahboomcar_ros2_ws_new/yahboomcar_ws/install/yahboomcar_description/lib/python3.10/site-packages:/home/jetson/yahboomcar_ros2_ws_new/yahboomcar_ws/build/yahboomcar_ctrl:/home/jetson/yahboomcar_ros2_ws_new/yahboomcar_ws/install/yahboomcar_ctrl/lib/python3.10/site-packages:/home/jetson/yahboomcar_ros2_ws_new/yahboomcar_ws/build/yahboomcar_bringup:/home/jetson/yahboomcar_ros2_ws_new/yahboomcar_ws/install/yahboomcar_bringup/lib/python3.10/site-packages:/home/jetson/yahboomcar_ros2_ws_new/yahboomcar_ws/build/yahboomcar_astra:/home/jetson/yahboomcar_ros2_ws_new/yahboomcar_ws/install/yahboomcar_astra/lib/python3.10/site-packages:/home/jetson/yahboomcar_ros2_ws_new/yahboomcar_ws/install/yahboom_web_savmap_interfaces/local/lib/python3.10/dist-packages:/home/jetson/yahboomcar_ros2_ws_new/yahboomcar_ws/build/yahboom_app_save_map:/home/jetson/yahboomcar_ros2_ws_new/yahboomcar_ws/install/yahboom_app_save_map/lib/python3.10/site-packages:/home/jetson/yahboomcar_ros2_ws_new/yahboomcar_ws/build/laserscan_to_point_pulisher:/home/jetson/yahboomcar_ros2_ws_new/yahboomcar_ws/install/laserscan_to_point_pulisher/lib/python3.10/site-packages:/usr/local/lib/python3.10/site-packages/:/home/jetson/yahboomcar_ws/install/yahboomcar_msgs/local/lib/python3.10/dist-packages:/home/jetson/yahboomcar_ws/install/cv_bridge/local/lib/python3.10/dist-packages:/home/jetson/yahboomcar_ros2_ws/software/library_ws/install/teb_msgs/local/lib/python3.10/dist-packages:/home/jetson/yahboomcar_ros2_ws/software/library_ws/install/robot_localization/local/lib/python3.10/dist-packages:/home/jetson/yahboomcar_ros2_ws/software/library_ws/install/costmap_converter_msgs/local/lib/python3.10/dist-packages:/home/jetson/yahboomcar_ros2_ws/software/library_ws/install/astra_camera_msgs/local/lib/python3.10/dist-packages:/opt/ros/humble/lib/python3.10/site-packages:/opt/ros/humble/local/lib/python3.10/dist-packages:/usr/local/lib/python3.10/site-packages/:'), ('LC_NUMERIC', 'en_US.UTF-8'), ('LC_PAPER', 'en_US.UTF-8'), ('COLCON', '1'), ('_ZO_DOCTOR', '0'), ('JETSON_JETPACK', ''), ('CMAKE_PREFIX_PATH', '/home/jetson/yahboomcar_ros2_ws_new/yahboomcar_ws/install/yahboomcar_msgs:/home/jetson/yahboomcar_ros2_ws_new/yahboomcar_ws/install/yahboomcar_slam:/home/jetson/yahboomcar_ros2_ws_new/yahboomcar_ws/install/yahboomcar_point:/home/jetson/yahboomcar_ros2_ws_new/yahboomcar_ws/install/arm_autopilot:/home/jetson/yahboomcar_ros2_ws_new/yahboomcar_ws/install/yahboomcar_base_node:/home/jetson/yahboomcar_ros2_ws_new/yahboomcar_ws/install/yahboomcar_KCFTracker:/home/jetson/yahboomcar_ros2_ws_new/yahboomcar_ws/install/yahboom_web_savmap_interfaces:/home/jetson/yahboomcar_ros2_ws_new/yahboomcar_ws/install/robot_pose_publisher_ros2:/home/jetson/yahboomcar_ws/install/yahboomcar_voice_ctrl:/home/jetson/yahboomcar_ws/install/yahboomcar_slam:/home/jetson/yahboomcar_ws/install/yahboomcar_nav:/home/jetson/yahboomcar_ws/install/yahboomcar_astra:/home/jetson/yahboomcar_ws/install/yahboomcar_ctrl:/home/jetson/yahboomcar_ws/install/yahboomcar_bringup:/home/jetson/yahboomcar_ws/install/yahboomcar_msgs:/home/jetson/yahboomcar_ws/install/yahboomcar_linefollw:/home/jetson/yahboomcar_ws/install/yahboomcar_laser:/home/jetson/yahboomcar_ws/install/yahboomcar_description:/home/jetson/yahboomcar_ws/install/ros2_orbslam:/home/jetson/yahboomcar_ws/install/cv_bridge:/home/jetson/yahboomcar_ros2_ws/software/library_ws/install/ydlidar_ros2_driver:/home/jetson/yahboomcar_ros2_ws/software/library_ws/install/web_video_server:/home/jetson/yahboomcar_ros2_ws/software/library_ws/install/teb_local_planner:/home/jetson/yahboomcar_ros2_ws/software/library_ws/install/teb_msgs:/home/jetson/yahboomcar_ros2_ws/software/library_ws/install/sllidar_ros2:/home/jetson/yahboomcar_ros2_ws/software/library_ws/install/slam_gmapping:/home/jetson/yahboomcar_ros2_ws/software/library_ws/install/robot_localization:/home/jetson/yahboomcar_ros2_ws/software/library_ws/install/openslam_gmapping:/home/jetson/yahboomcar_ros2_ws/software/library_ws/install/costmap_converter:/home/jetson/yahboomcar_ros2_ws/software/library_ws/install/costmap_converter_msgs:/home/jetson/yahboomcar_ros2_ws/software/library_ws/install/astra_camera:/home/jetson/yahboomcar_ros2_ws/software/library_ws/install/astra_camera_msgs:/home/jetson/yahboomcar_ros2_ws_new/yahboomcar_ws/install/yahboomcar_voice_ctrl:/home/jetson/yahboomcar_ros2_ws_new/yahboomcar_ws/install/yahboomcar_visual:/home/jetson/yahboomcar_ros2_ws_new/yahboomcar_ws/install/yahboomcar_rviz:/home/jetson/yahboomcar_ros2_ws_new/yahboomcar_ws/install/yahboomcar_nav:/home/jetson/yahboomcar_ros2_ws_new/yahboomcar_ws/install/yahboomcar_multi:/home/jetson/yahboomcar_ros2_ws_new/yahboomcar_ws/install/yahboomcar_mediapipe:/home/jetson/yahboomcar_ros2_ws_new/yahboomcar_ws/install/yahboomcar_linefollow:/home/jetson/yahboomcar_ros2_ws_new/yahboomcar_ws/install/yahboomcar_laser:/home/jetson/yahboomcar_ros2_ws_new/yahboomcar_ws/install/yahboomcar_description_x1:/home/jetson/yahboomcar_ros2_ws_new/yahboomcar_ws/install/yahboomcar_description:/home/jetson/yahboomcar_ros2_ws_new/yahboomcar_ws/install/yahboomcar_ctrl:/home/jetson/yahboomcar_ros2_ws_new/yahboomcar_ws/install/yahboomcar_bringup:/home/jetson/yahboomcar_ros2_ws_new/yahboomcar_ws/install/yahboomcar_astra:/home/jetson/yahboomcar_ros2_ws_new/yahboomcar_ws/install/yahboom_app_save_map:/home/jetson/yahboomcar_ros2_ws_new/yahboomcar_ws/install/laserscan_to_point_pulisher:/opt/ros/humble'), ('JETSON_P_NUMBER', 'p3767-0005')]), 'shell': False}
[15.530363] (arm_autopilot) StdoutLine: {'line': b'-- Install configuration: ""\n'}
[15.531612] (arm_autopilot) StdoutLine: {'line': b'-- Execute custom install script\n'}
[15.532418] (arm_autopilot) StdoutLine: {'line': b'-- Up-to-date symlink: /home/jetson/yahboomcar_ros2_ws_new/yahboomcar_ws/install/arm_autopilot/share/arm_autopilot/environment/pythonpath.sh\n'}
[15.532716] (arm_autopilot) StdoutLine: {'line': b'-- Up-to-date symlink: /home/jetson/yahboomcar_ros2_ws_new/yahboomcar_ws/install/arm_autopilot/share/arm_autopilot/environment/pythonpath.dsv\n'}
[15.533217] (arm_autopilot) StdoutLine: {'line': b'-- Up-to-date symlink: /home/jetson/yahboomcar_ros2_ws_new/yahboomcar_ws/install/arm_autopilot/local/lib/python3.10/dist-packages/arm_autopilot-0.1.0-py3.10.egg-info/PKG-INFO\n'}
[15.533704] (arm_autopilot) StdoutLine: {'line': b'-- Up-to-date symlink: /home/jetson/yahboomcar_ros2_ws_new/yahboomcar_ws/install/arm_autopilot/local/lib/python3.10/dist-packages/arm_autopilot-0.1.0-py3.10.egg-info/SOURCES.txt\n'}
[15.533864] (arm_autopilot) StdoutLine: {'line': b'-- Up-to-date symlink: /home/jetson/yahboomcar_ros2_ws_new/yahboomcar_ws/install/arm_autopilot/local/lib/python3.10/dist-packages/arm_autopilot-0.1.0-py3.10.egg-info/dependency_links.txt\n'}
[15.534048] (arm_autopilot) StdoutLine: {'line': b'-- Up-to-date symlink: /home/jetson/yahboomcar_ros2_ws_new/yahboomcar_ws/install/arm_autopilot/local/lib/python3.10/dist-packages/arm_autopilot-0.1.0-py3.10.egg-info/top_level.txt\n'}
[15.534683] (arm_autopilot) StdoutLine: {'line': b'-- Up-to-date symlink: /home/jetson/yahboomcar_ros2_ws_new/yahboomcar_ws/install/arm_autopilot/local/lib/python3.10/dist-packages/arm_autopilot/__init__.py\n'}
[15.534959] (arm_autopilot) StdoutLine: {'line': b'-- Up-to-date symlink: /home/jetson/yahboomcar_ros2_ws_new/yahboomcar_ws/install/arm_autopilot/local/lib/python3.10/dist-packages/arm_autopilot/autopilot_common.py\n'}
[15.535172] (arm_autopilot) StdoutLine: {'line': b'-- Up-to-date symlink: /home/jetson/yahboomcar_ros2_ws_new/yahboomcar_ws/install/arm_autopilot/local/lib/python3.10/dist-packages/arm_autopilot/autopilot_main.py\n'}
[15.535478] (arm_autopilot) StdoutLine: {'line': b'-- Up-to-date symlink: /home/jetson/yahboomcar_ros2_ws_new/yahboomcar_ws/install/arm_autopilot/lib/arm_autopilot/autopilot_main.py\n'}
[15.536128] (arm_autopilot) StdoutLine: {'line': b'-- Up-to-date symlink: /home/jetson/yahboomcar_ros2_ws_new/yahboomcar_ws/install/arm_autopilot/share/arm_autopilot/launch/arm_autopilot.launch.py\n'}
[15.536566] (arm_autopilot) StdoutLine: {'line': b'-- Up-to-date symlink: /home/jetson/yahboomcar_ros2_ws_new/yahboomcar_ws/install/arm_autopilot/share/arm_autopilot/launch/arm_autopilot_full.launch.py\n'}
[15.537015] (arm_autopilot) StdoutLine: {'line': b'-- Up-to-date symlink: /home/jetson/yahboomcar_ros2_ws_new/yahboomcar_ws/install/arm_autopilot/share/arm_autopilot/config/HSV.yaml\n'}
[15.537566] (arm_autopilot) StdoutLine: {'line': b'-- Up-to-date symlink: /home/jetson/yahboomcar_ros2_ws_new/yahboomcar_ws/install/arm_autopilot/share/ament_index/resource_index/package_run_dependencies/arm_autopilot\n'}
[15.538199] (arm_autopilot) StdoutLine: {'line': b'-- Up-to-date symlink: /home/jetson/yahboomcar_ros2_ws_new/yahboomcar_ws/install/arm_autopilot/share/ament_index/resource_index/parent_prefix_path/arm_autopilot\n'}
[15.538815] (arm_autopilot) StdoutLine: {'line': b'-- Up-to-date symlink: /home/jetson/yahboomcar_ros2_ws_new/yahboomcar_ws/install/arm_autopilot/share/arm_autopilot/environment/ament_prefix_path.sh\n'}
[15.539360] (arm_autopilot) StdoutLine: {'line': b'-- Up-to-date symlink: /home/jetson/yahboomcar_ros2_ws_new/yahboomcar_ws/install/arm_autopilot/share/arm_autopilot/environment/ament_prefix_path.dsv\n'}
[15.539893] (arm_autopilot) StdoutLine: {'line': b'-- Up-to-date symlink: /home/jetson/yahboomcar_ros2_ws_new/yahboomcar_ws/install/arm_autopilot/share/arm_autopilot/environment/path.sh\n'}
[15.540398] (arm_autopilot) StdoutLine: {'line': b'-- Up-to-date symlink: /home/jetson/yahboomcar_ros2_ws_new/yahboomcar_ws/install/arm_autopilot/share/arm_autopilot/environment/path.dsv\n'}
[15.540642] (arm_autopilot) StdoutLine: {'line': b'-- Up-to-date symlink: /home/jetson/yahboomcar_ros2_ws_new/yahboomcar_ws/install/arm_autopilot/share/arm_autopilot/local_setup.bash\n'}
[15.540877] (arm_autopilot) StdoutLine: {'line': b'-- Up-to-date symlink: /home/jetson/yahboomcar_ros2_ws_new/yahboomcar_ws/install/arm_autopilot/share/arm_autopilot/local_setup.sh\n'}
[15.541105] (arm_autopilot) StdoutLine: {'line': b'-- Up-to-date symlink: /home/jetson/yahboomcar_ros2_ws_new/yahboomcar_ws/install/arm_autopilot/share/arm_autopilot/local_setup.zsh\n'}
[15.541334] (arm_autopilot) StdoutLine: {'line': b'-- Up-to-date symlink: /home/jetson/yahboomcar_ros2_ws_new/yahboomcar_ws/install/arm_autopilot/share/arm_autopilot/local_setup.dsv\n'}
[15.541585] (arm_autopilot) StdoutLine: {'line': b'-- Symlinking: /home/jetson/yahboomcar_ros2_ws_new/yahboomcar_ws/install/arm_autopilot/share/arm_autopilot/package.dsv\n'}
[15.549573] (-) TimerEvent: {}
[15.565672] (arm_autopilot) StdoutLine: {'line': b'-- Up-to-date symlink: /home/jetson/yahboomcar_ros2_ws_new/yahboomcar_ws/install/arm_autopilot/share/ament_index/resource_index/packages/arm_autopilot\n'}
[15.566429] (arm_autopilot) StdoutLine: {'line': b'-- Up-to-date symlink: /home/jetson/yahboomcar_ros2_ws_new/yahboomcar_ws/install/arm_autopilot/share/arm_autopilot/cmake/arm_autopilotConfig.cmake\n'}
[15.566623] (arm_autopilot) StdoutLine: {'line': b'-- Up-to-date symlink: /home/jetson/yahboomcar_ros2_ws_new/yahboomcar_ws/install/arm_autopilot/share/arm_autopilot/cmake/arm_autopilotConfig-version.cmake\n'}
[15.566792] (arm_autopilot) StdoutLine: {'line': b'-- Up-to-date symlink: /home/jetson/yahboomcar_ros2_ws_new/yahboomcar_ws/install/arm_autopilot/share/arm_autopilot/package.xml\n'}
[15.649726] (-) TimerEvent: {}
[15.672684] (arm_autopilot) StdoutLine: {'line': b"Listing '/home/jetson/yahboomcar_ros2_ws_new/yahboomcar_ws/install/arm_autopilot/local/lib/python3.10/dist-packages/arm_autopilot'...\n"}
[15.688079] (arm_autopilot) CommandEnded: {'returncode': 0}
[15.727712] (arm_autopilot) JobEnded: {'identifier': 'arm_autopilot', 'rc': 0}
[15.729747] (-) EventReactorShutdown: {}
