[0.261s] colcon DEBUG Command line arguments: ['/usr/bin/colcon', 'build', '--symlink-install']
[0.261s] colcon DEBUG Parsed command line arguments: Namespace(log_base=None, log_level=None, verb_name='build', build_base='build', install_base='install', merge_install=False, symlink_install=True, test_result_base=None, continue_on_error=False, executor='parallel', parallel_workers=6, event_handlers=None, ignore_user_meta=False, metas=['./colcon.meta'], base_paths=['.'], packages_ignore=None, packages_ignore_regex=None, paths=None, packages_up_to=None, packages_up_to_regex=None, packages_above=None, packages_above_and_dependencies=None, packages_above_depth=None, packages_select_by_dep=None, packages_skip_by_dep=None, packages_skip_up_to=None, packages_select_build_failed=False, packages_skip_build_finished=False, packages_select_test_failures=False, packages_skip_test_passed=False, packages_select=None, packages_skip=None, packages_select_regex=None, packages_skip_regex=None, packages_start=None, packages_end=None, allow_overriding=[], cmake_args=None, cmake_target=None, cmake_target_skip_unavailable=False, cmake_clean_cache=False, cmake_clean_first=False, cmake_force_configure=False, ament_cmake_args=None, catkin_cmake_args=None, catkin_skip_building_tests=False, mixin_files=None, mixin=None, verb_parser=<colcon_mixin.mixin.mixin_argument.MixinArgumentDecorator object at 0xffff83e2a1a0>, verb_extension=<colcon_core.verb.build.BuildVerb object at 0xffff83e29c90>, main=<bound method BuildVerb.main of <colcon_core.verb.build.BuildVerb object at 0xffff83e29c90>>, mixin_verb=('build',))
[0.341s] colcon.colcon_core.package_discovery Level 1 discover_packages(colcon_meta) check parameters
[0.341s] colcon.colcon_core.package_discovery Level 1 discover_packages(recursive) check parameters
[0.341s] colcon.colcon_core.package_discovery Level 1 discover_packages(ignore) check parameters
[0.341s] colcon.colcon_core.package_discovery Level 1 discover_packages(path) check parameters
[0.341s] colcon.colcon_core.package_discovery Level 1 discover_packages(colcon_meta) discover
[0.342s] colcon.colcon_core.package_discovery Level 1 discover_packages(recursive) discover
[0.342s] colcon.colcon_core.package_discovery INFO Crawling recursively for packages in '/home/jetson/yahboomcar_ros2_ws_new/yahboomcar_ws'
[0.342s] colcon.colcon_core.package_identification Level 1 _identify(.) by extensions ['ignore', 'ignore_ament_install']
[0.342s] colcon.colcon_core.package_identification Level 1 _identify(.) by extension 'ignore'
[0.343s] colcon.colcon_core.package_identification Level 1 _identify(.) by extension 'ignore_ament_install'
[0.343s] colcon.colcon_core.package_identification Level 1 _identify(.) by extensions ['colcon_pkg']
[0.343s] colcon.colcon_core.package_identification Level 1 _identify(.) by extension 'colcon_pkg'
[0.343s] colcon.colcon_core.package_identification Level 1 _identify(.) by extensions ['colcon_meta']
[0.343s] colcon.colcon_core.package_identification Level 1 _identify(.) by extension 'colcon_meta'
[0.343s] colcon.colcon_core.package_identification Level 1 _identify(.) by extensions ['ros']
[0.343s] colcon.colcon_core.package_identification Level 1 _identify(.) by extension 'ros'
[0.370s] colcon.colcon_core.package_identification Level 1 _identify(.) by extensions ['cmake', 'python']
[0.371s] colcon.colcon_core.package_identification Level 1 _identify(.) by extension 'cmake'
[0.371s] colcon.colcon_core.package_identification Level 1 _identify(.) by extension 'python'
[0.371s] colcon.colcon_core.package_identification Level 1 _identify(.) by extensions ['python_setup_py']
[0.371s] colcon.colcon_core.package_identification Level 1 _identify(.) by extension 'python_setup_py'
[0.371s] colcon.colcon_core.package_identification Level 1 _identify(build) by extensions ['ignore', 'ignore_ament_install']
[0.371s] colcon.colcon_core.package_identification Level 1 _identify(build) by extension 'ignore'
[0.372s] colcon.colcon_core.package_identification Level 1 _identify(build) ignored
[0.372s] colcon.colcon_core.package_identification Level 1 _identify(install) by extensions ['ignore', 'ignore_ament_install']
[0.372s] colcon.colcon_core.package_identification Level 1 _identify(install) by extension 'ignore'
[0.372s] colcon.colcon_core.package_identification Level 1 _identify(install) ignored
[0.372s] colcon.colcon_core.package_identification Level 1 _identify(log) by extensions ['ignore', 'ignore_ament_install']
[0.372s] colcon.colcon_core.package_identification Level 1 _identify(log) by extension 'ignore'
[0.373s] colcon.colcon_core.package_identification Level 1 _identify(log) ignored
[0.373s] colcon.colcon_core.package_identification Level 1 _identify(src) by extensions ['ignore', 'ignore_ament_install']
[0.373s] colcon.colcon_core.package_identification Level 1 _identify(src) by extension 'ignore'
[0.373s] colcon.colcon_core.package_identification Level 1 _identify(src) by extension 'ignore_ament_install'
[0.373s] colcon.colcon_core.package_identification Level 1 _identify(src) by extensions ['colcon_pkg']
[0.373s] colcon.colcon_core.package_identification Level 1 _identify(src) by extension 'colcon_pkg'
[0.373s] colcon.colcon_core.package_identification Level 1 _identify(src) by extensions ['colcon_meta']
[0.373s] colcon.colcon_core.package_identification Level 1 _identify(src) by extension 'colcon_meta'
[0.373s] colcon.colcon_core.package_identification Level 1 _identify(src) by extensions ['ros']
[0.373s] colcon.colcon_core.package_identification Level 1 _identify(src) by extension 'ros'
[0.374s] colcon.colcon_core.package_identification Level 1 _identify(src) by extensions ['cmake', 'python']
[0.374s] colcon.colcon_core.package_identification Level 1 _identify(src) by extension 'cmake'
[0.374s] colcon.colcon_core.package_identification Level 1 _identify(src) by extension 'python'
[0.374s] colcon.colcon_core.package_identification Level 1 _identify(src) by extensions ['python_setup_py']
[0.374s] colcon.colcon_core.package_identification Level 1 _identify(src) by extension 'python_setup_py'
[0.374s] colcon.colcon_core.package_identification Level 1 _identify(src/laserscan_to_point_pulisher) by extensions ['ignore', 'ignore_ament_install']
[0.374s] colcon.colcon_core.package_identification Level 1 _identify(src/laserscan_to_point_pulisher) by extension 'ignore'
[0.374s] colcon.colcon_core.package_identification Level 1 _identify(src/laserscan_to_point_pulisher) by extension 'ignore_ament_install'
[0.374s] colcon.colcon_core.package_identification Level 1 _identify(src/laserscan_to_point_pulisher) by extensions ['colcon_pkg']
[0.374s] colcon.colcon_core.package_identification Level 1 _identify(src/laserscan_to_point_pulisher) by extension 'colcon_pkg'
[0.375s] colcon.colcon_core.package_identification Level 1 _identify(src/laserscan_to_point_pulisher) by extensions ['colcon_meta']
[0.375s] colcon.colcon_core.package_identification Level 1 _identify(src/laserscan_to_point_pulisher) by extension 'colcon_meta'
[0.375s] colcon.colcon_core.package_identification Level 1 _identify(src/laserscan_to_point_pulisher) by extensions ['ros']
[0.375s] colcon.colcon_core.package_identification Level 1 _identify(src/laserscan_to_point_pulisher) by extension 'ros'
[0.382s] colcon.colcon_core.package_identification DEBUG Package 'src/laserscan_to_point_pulisher' with type 'ros.ament_python' and name 'laserscan_to_point_pulisher'
[0.382s] colcon.colcon_core.package_identification Level 1 _identify(src/robot_pose_publisher_ros2) by extensions ['ignore', 'ignore_ament_install']
[0.383s] colcon.colcon_core.package_identification Level 1 _identify(src/robot_pose_publisher_ros2) by extension 'ignore'
[0.383s] colcon.colcon_core.package_identification Level 1 _identify(src/robot_pose_publisher_ros2) by extension 'ignore_ament_install'
[0.383s] colcon.colcon_core.package_identification Level 1 _identify(src/robot_pose_publisher_ros2) by extensions ['colcon_pkg']
[0.383s] colcon.colcon_core.package_identification Level 1 _identify(src/robot_pose_publisher_ros2) by extension 'colcon_pkg'
[0.383s] colcon.colcon_core.package_identification Level 1 _identify(src/robot_pose_publisher_ros2) by extensions ['colcon_meta']
[0.383s] colcon.colcon_core.package_identification Level 1 _identify(src/robot_pose_publisher_ros2) by extension 'colcon_meta'
[0.383s] colcon.colcon_core.package_identification Level 1 _identify(src/robot_pose_publisher_ros2) by extensions ['ros']
[0.383s] colcon.colcon_core.package_identification Level 1 _identify(src/robot_pose_publisher_ros2) by extension 'ros'
[0.385s] colcon.colcon_core.package_identification DEBUG Package 'src/robot_pose_publisher_ros2' with type 'ros.ament_cmake' and name 'robot_pose_publisher_ros2'
[0.385s] colcon.colcon_core.package_identification Level 1 _identify(src/yahboom_app_save_map) by extensions ['ignore', 'ignore_ament_install']
[0.385s] colcon.colcon_core.package_identification Level 1 _identify(src/yahboom_app_save_map) by extension 'ignore'
[0.385s] colcon.colcon_core.package_identification Level 1 _identify(src/yahboom_app_save_map) by extension 'ignore_ament_install'
[0.385s] colcon.colcon_core.package_identification Level 1 _identify(src/yahboom_app_save_map) by extensions ['colcon_pkg']
[0.385s] colcon.colcon_core.package_identification Level 1 _identify(src/yahboom_app_save_map) by extension 'colcon_pkg'
[0.386s] colcon.colcon_core.package_identification Level 1 _identify(src/yahboom_app_save_map) by extensions ['colcon_meta']
[0.386s] colcon.colcon_core.package_identification Level 1 _identify(src/yahboom_app_save_map) by extension 'colcon_meta'
[0.386s] colcon.colcon_core.package_identification Level 1 _identify(src/yahboom_app_save_map) by extensions ['ros']
[0.386s] colcon.colcon_core.package_identification Level 1 _identify(src/yahboom_app_save_map) by extension 'ros'
[0.387s] colcon.colcon_core.package_identification DEBUG Package 'src/yahboom_app_save_map' with type 'ros.ament_python' and name 'yahboom_app_save_map'
[0.387s] colcon.colcon_core.package_identification Level 1 _identify(src/yahboom_web_savmap_interfaces) by extensions ['ignore', 'ignore_ament_install']
[0.387s] colcon.colcon_core.package_identification Level 1 _identify(src/yahboom_web_savmap_interfaces) by extension 'ignore'
[0.387s] colcon.colcon_core.package_identification Level 1 _identify(src/yahboom_web_savmap_interfaces) by extension 'ignore_ament_install'
[0.387s] colcon.colcon_core.package_identification Level 1 _identify(src/yahboom_web_savmap_interfaces) by extensions ['colcon_pkg']
[0.387s] colcon.colcon_core.package_identification Level 1 _identify(src/yahboom_web_savmap_interfaces) by extension 'colcon_pkg'
[0.387s] colcon.colcon_core.package_identification Level 1 _identify(src/yahboom_web_savmap_interfaces) by extensions ['colcon_meta']
[0.387s] colcon.colcon_core.package_identification Level 1 _identify(src/yahboom_web_savmap_interfaces) by extension 'colcon_meta'
[0.388s] colcon.colcon_core.package_identification Level 1 _identify(src/yahboom_web_savmap_interfaces) by extensions ['ros']
[0.388s] colcon.colcon_core.package_identification Level 1 _identify(src/yahboom_web_savmap_interfaces) by extension 'ros'
[0.389s] colcon.colcon_core.package_identification DEBUG Package 'src/yahboom_web_savmap_interfaces' with type 'ros.ament_cmake' and name 'yahboom_web_savmap_interfaces'
[0.389s] colcon.colcon_core.package_identification Level 1 _identify(src/yahboomcar_KCFTracker) by extensions ['ignore', 'ignore_ament_install']
[0.389s] colcon.colcon_core.package_identification Level 1 _identify(src/yahboomcar_KCFTracker) by extension 'ignore'
[0.389s] colcon.colcon_core.package_identification Level 1 _identify(src/yahboomcar_KCFTracker) by extension 'ignore_ament_install'
[0.389s] colcon.colcon_core.package_identification Level 1 _identify(src/yahboomcar_KCFTracker) by extensions ['colcon_pkg']
[0.390s] colcon.colcon_core.package_identification Level 1 _identify(src/yahboomcar_KCFTracker) by extension 'colcon_pkg'
[0.390s] colcon.colcon_core.package_identification Level 1 _identify(src/yahboomcar_KCFTracker) by extensions ['colcon_meta']
[0.390s] colcon.colcon_core.package_identification Level 1 _identify(src/yahboomcar_KCFTracker) by extension 'colcon_meta'
[0.390s] colcon.colcon_core.package_identification Level 1 _identify(src/yahboomcar_KCFTracker) by extensions ['ros']
[0.390s] colcon.colcon_core.package_identification Level 1 _identify(src/yahboomcar_KCFTracker) by extension 'ros'
[0.391s] colcon.colcon_core.package_identification DEBUG Package 'src/yahboomcar_KCFTracker' with type 'ros.ament_cmake' and name 'yahboomcar_KCFTracker'
[0.392s] colcon.colcon_core.package_identification Level 1 _identify(src/yahboomcar_astra) by extensions ['ignore', 'ignore_ament_install']
[0.392s] colcon.colcon_core.package_identification Level 1 _identify(src/yahboomcar_astra) by extension 'ignore'
[0.392s] colcon.colcon_core.package_identification Level 1 _identify(src/yahboomcar_astra) by extension 'ignore_ament_install'
[0.392s] colcon.colcon_core.package_identification Level 1 _identify(src/yahboomcar_astra) by extensions ['colcon_pkg']
[0.392s] colcon.colcon_core.package_identification Level 1 _identify(src/yahboomcar_astra) by extension 'colcon_pkg'
[0.392s] colcon.colcon_core.package_identification Level 1 _identify(src/yahboomcar_astra) by extensions ['colcon_meta']
[0.392s] colcon.colcon_core.package_identification Level 1 _identify(src/yahboomcar_astra) by extension 'colcon_meta'
[0.392s] colcon.colcon_core.package_identification Level 1 _identify(src/yahboomcar_astra) by extensions ['ros']
[0.392s] colcon.colcon_core.package_identification Level 1 _identify(src/yahboomcar_astra) by extension 'ros'
[0.393s] colcon.colcon_core.package_identification DEBUG Package 'src/yahboomcar_astra' with type 'ros.ament_python' and name 'yahboomcar_astra'
[0.394s] colcon.colcon_core.package_identification Level 1 _identify(src/yahboomcar_base_node) by extensions ['ignore', 'ignore_ament_install']
[0.394s] colcon.colcon_core.package_identification Level 1 _identify(src/yahboomcar_base_node) by extension 'ignore'
[0.394s] colcon.colcon_core.package_identification Level 1 _identify(src/yahboomcar_base_node) by extension 'ignore_ament_install'
[0.394s] colcon.colcon_core.package_identification Level 1 _identify(src/yahboomcar_base_node) by extensions ['colcon_pkg']
[0.394s] colcon.colcon_core.package_identification Level 1 _identify(src/yahboomcar_base_node) by extension 'colcon_pkg'
[0.394s] colcon.colcon_core.package_identification Level 1 _identify(src/yahboomcar_base_node) by extensions ['colcon_meta']
[0.394s] colcon.colcon_core.package_identification Level 1 _identify(src/yahboomcar_base_node) by extension 'colcon_meta'
[0.394s] colcon.colcon_core.package_identification Level 1 _identify(src/yahboomcar_base_node) by extensions ['ros']
[0.394s] colcon.colcon_core.package_identification Level 1 _identify(src/yahboomcar_base_node) by extension 'ros'
[0.396s] colcon.colcon_core.package_identification DEBUG Package 'src/yahboomcar_base_node' with type 'ros.ament_cmake' and name 'yahboomcar_base_node'
[0.396s] colcon.colcon_core.package_identification Level 1 _identify(src/yahboomcar_bringup) by extensions ['ignore', 'ignore_ament_install']
[0.397s] colcon.colcon_core.package_identification Level 1 _identify(src/yahboomcar_bringup) by extension 'ignore'
[0.397s] colcon.colcon_core.package_identification Level 1 _identify(src/yahboomcar_bringup) by extension 'ignore_ament_install'
[0.397s] colcon.colcon_core.package_identification Level 1 _identify(src/yahboomcar_bringup) by extensions ['colcon_pkg']
[0.397s] colcon.colcon_core.package_identification Level 1 _identify(src/yahboomcar_bringup) by extension 'colcon_pkg'
[0.397s] colcon.colcon_core.package_identification Level 1 _identify(src/yahboomcar_bringup) by extensions ['colcon_meta']
[0.397s] colcon.colcon_core.package_identification Level 1 _identify(src/yahboomcar_bringup) by extension 'colcon_meta'
[0.397s] colcon.colcon_core.package_identification Level 1 _identify(src/yahboomcar_bringup) by extensions ['ros']
[0.397s] colcon.colcon_core.package_identification Level 1 _identify(src/yahboomcar_bringup) by extension 'ros'
[0.398s] colcon.colcon_core.package_identification DEBUG Package 'src/yahboomcar_bringup' with type 'ros.ament_python' and name 'yahboomcar_bringup'
[0.399s] colcon.colcon_core.package_identification Level 1 _identify(src/yahboomcar_ctrl) by extensions ['ignore', 'ignore_ament_install']
[0.399s] colcon.colcon_core.package_identification Level 1 _identify(src/yahboomcar_ctrl) by extension 'ignore'
[0.399s] colcon.colcon_core.package_identification Level 1 _identify(src/yahboomcar_ctrl) by extension 'ignore_ament_install'
[0.399s] colcon.colcon_core.package_identification Level 1 _identify(src/yahboomcar_ctrl) by extensions ['colcon_pkg']
[0.399s] colcon.colcon_core.package_identification Level 1 _identify(src/yahboomcar_ctrl) by extension 'colcon_pkg'
[0.399s] colcon.colcon_core.package_identification Level 1 _identify(src/yahboomcar_ctrl) by extensions ['colcon_meta']
[0.399s] colcon.colcon_core.package_identification Level 1 _identify(src/yahboomcar_ctrl) by extension 'colcon_meta'
[0.399s] colcon.colcon_core.package_identification Level 1 _identify(src/yahboomcar_ctrl) by extensions ['ros']
[0.399s] colcon.colcon_core.package_identification Level 1 _identify(src/yahboomcar_ctrl) by extension 'ros'
[0.400s] colcon.colcon_core.package_identification DEBUG Package 'src/yahboomcar_ctrl' with type 'ros.ament_python' and name 'yahboomcar_ctrl'
[0.400s] colcon.colcon_core.package_identification Level 1 _identify(src/yahboomcar_description) by extensions ['ignore', 'ignore_ament_install']
[0.401s] colcon.colcon_core.package_identification Level 1 _identify(src/yahboomcar_description) by extension 'ignore'
[0.401s] colcon.colcon_core.package_identification Level 1 _identify(src/yahboomcar_description) by extension 'ignore_ament_install'
[0.401s] colcon.colcon_core.package_identification Level 1 _identify(src/yahboomcar_description) by extensions ['colcon_pkg']
[0.401s] colcon.colcon_core.package_identification Level 1 _identify(src/yahboomcar_description) by extension 'colcon_pkg'
[0.401s] colcon.colcon_core.package_identification Level 1 _identify(src/yahboomcar_description) by extensions ['colcon_meta']
[0.401s] colcon.colcon_core.package_identification Level 1 _identify(src/yahboomcar_description) by extension 'colcon_meta'
[0.401s] colcon.colcon_core.package_identification Level 1 _identify(src/yahboomcar_description) by extensions ['ros']
[0.401s] colcon.colcon_core.package_identification Level 1 _identify(src/yahboomcar_description) by extension 'ros'
[0.402s] colcon.colcon_core.package_identification DEBUG Package 'src/yahboomcar_description' with type 'ros.ament_python' and name 'yahboomcar_description'
[0.402s] colcon.colcon_core.package_identification Level 1 _identify(src/yahboomcar_description_x1) by extensions ['ignore', 'ignore_ament_install']
[0.402s] colcon.colcon_core.package_identification Level 1 _identify(src/yahboomcar_description_x1) by extension 'ignore'
[0.402s] colcon.colcon_core.package_identification Level 1 _identify(src/yahboomcar_description_x1) by extension 'ignore_ament_install'
[0.403s] colcon.colcon_core.package_identification Level 1 _identify(src/yahboomcar_description_x1) by extensions ['colcon_pkg']
[0.403s] colcon.colcon_core.package_identification Level 1 _identify(src/yahboomcar_description_x1) by extension 'colcon_pkg'
[0.403s] colcon.colcon_core.package_identification Level 1 _identify(src/yahboomcar_description_x1) by extensions ['colcon_meta']
[0.403s] colcon.colcon_core.package_identification Level 1 _identify(src/yahboomcar_description_x1) by extension 'colcon_meta'
[0.403s] colcon.colcon_core.package_identification Level 1 _identify(src/yahboomcar_description_x1) by extensions ['ros']
[0.403s] colcon.colcon_core.package_identification Level 1 _identify(src/yahboomcar_description_x1) by extension 'ros'
[0.404s] colcon.colcon_core.package_identification DEBUG Package 'src/yahboomcar_description_x1' with type 'ros.ament_python' and name 'yahboomcar_description_x1'
[0.404s] colcon.colcon_core.package_identification Level 1 _identify(src/yahboomcar_laser) by extensions ['ignore', 'ignore_ament_install']
[0.405s] colcon.colcon_core.package_identification Level 1 _identify(src/yahboomcar_laser) by extension 'ignore'
[0.405s] colcon.colcon_core.package_identification Level 1 _identify(src/yahboomcar_laser) by extension 'ignore_ament_install'
[0.405s] colcon.colcon_core.package_identification Level 1 _identify(src/yahboomcar_laser) by extensions ['colcon_pkg']
[0.405s] colcon.colcon_core.package_identification Level 1 _identify(src/yahboomcar_laser) by extension 'colcon_pkg'
[0.405s] colcon.colcon_core.package_identification Level 1 _identify(src/yahboomcar_laser) by extensions ['colcon_meta']
[0.405s] colcon.colcon_core.package_identification Level 1 _identify(src/yahboomcar_laser) by extension 'colcon_meta'
[0.405s] colcon.colcon_core.package_identification Level 1 _identify(src/yahboomcar_laser) by extensions ['ros']
[0.405s] colcon.colcon_core.package_identification Level 1 _identify(src/yahboomcar_laser) by extension 'ros'
[0.406s] colcon.colcon_core.package_identification DEBUG Package 'src/yahboomcar_laser' with type 'ros.ament_python' and name 'yahboomcar_laser'
[0.406s] colcon.colcon_core.package_identification Level 1 _identify(src/yahboomcar_linefollow) by extensions ['ignore', 'ignore_ament_install']
[0.406s] colcon.colcon_core.package_identification Level 1 _identify(src/yahboomcar_linefollow) by extension 'ignore'
[0.406s] colcon.colcon_core.package_identification Level 1 _identify(src/yahboomcar_linefollow) by extension 'ignore_ament_install'
[0.407s] colcon.colcon_core.package_identification Level 1 _identify(src/yahboomcar_linefollow) by extensions ['colcon_pkg']
[0.407s] colcon.colcon_core.package_identification Level 1 _identify(src/yahboomcar_linefollow) by extension 'colcon_pkg'
[0.407s] colcon.colcon_core.package_identification Level 1 _identify(src/yahboomcar_linefollow) by extensions ['colcon_meta']
[0.407s] colcon.colcon_core.package_identification Level 1 _identify(src/yahboomcar_linefollow) by extension 'colcon_meta'
[0.407s] colcon.colcon_core.package_identification Level 1 _identify(src/yahboomcar_linefollow) by extensions ['ros']
[0.407s] colcon.colcon_core.package_identification Level 1 _identify(src/yahboomcar_linefollow) by extension 'ros'
[0.408s] colcon.colcon_core.package_identification DEBUG Package 'src/yahboomcar_linefollow' with type 'ros.ament_python' and name 'yahboomcar_linefollow'
[0.408s] colcon.colcon_core.package_identification Level 1 _identify(src/yahboomcar_mediapipe) by extensions ['ignore', 'ignore_ament_install']
[0.408s] colcon.colcon_core.package_identification Level 1 _identify(src/yahboomcar_mediapipe) by extension 'ignore'
[0.408s] colcon.colcon_core.package_identification Level 1 _identify(src/yahboomcar_mediapipe) by extension 'ignore_ament_install'
[0.408s] colcon.colcon_core.package_identification Level 1 _identify(src/yahboomcar_mediapipe) by extensions ['colcon_pkg']
[0.408s] colcon.colcon_core.package_identification Level 1 _identify(src/yahboomcar_mediapipe) by extension 'colcon_pkg'
[0.409s] colcon.colcon_core.package_identification Level 1 _identify(src/yahboomcar_mediapipe) by extensions ['colcon_meta']
[0.409s] colcon.colcon_core.package_identification Level 1 _identify(src/yahboomcar_mediapipe) by extension 'colcon_meta'
[0.409s] colcon.colcon_core.package_identification Level 1 _identify(src/yahboomcar_mediapipe) by extensions ['ros']
[0.409s] colcon.colcon_core.package_identification Level 1 _identify(src/yahboomcar_mediapipe) by extension 'ros'
[0.410s] colcon.colcon_core.package_identification DEBUG Package 'src/yahboomcar_mediapipe' with type 'ros.ament_python' and name 'yahboomcar_mediapipe'
[0.410s] colcon.colcon_core.package_identification Level 1 _identify(src/yahboomcar_msgs) by extensions ['ignore', 'ignore_ament_install']
[0.410s] colcon.colcon_core.package_identification Level 1 _identify(src/yahboomcar_msgs) by extension 'ignore'
[0.410s] colcon.colcon_core.package_identification Level 1 _identify(src/yahboomcar_msgs) by extension 'ignore_ament_install'
[0.410s] colcon.colcon_core.package_identification Level 1 _identify(src/yahboomcar_msgs) by extensions ['colcon_pkg']
[0.410s] colcon.colcon_core.package_identification Level 1 _identify(src/yahboomcar_msgs) by extension 'colcon_pkg'
[0.410s] colcon.colcon_core.package_identification Level 1 _identify(src/yahboomcar_msgs) by extensions ['colcon_meta']
[0.411s] colcon.colcon_core.package_identification Level 1 _identify(src/yahboomcar_msgs) by extension 'colcon_meta'
[0.411s] colcon.colcon_core.package_identification Level 1 _identify(src/yahboomcar_msgs) by extensions ['ros']
[0.411s] colcon.colcon_core.package_identification Level 1 _identify(src/yahboomcar_msgs) by extension 'ros'
[0.412s] colcon.colcon_core.package_identification DEBUG Package 'src/yahboomcar_msgs' with type 'ros.ament_cmake' and name 'yahboomcar_msgs'
[0.412s] colcon.colcon_core.package_identification Level 1 _identify(src/yahboomcar_multi) by extensions ['ignore', 'ignore_ament_install']
[0.412s] colcon.colcon_core.package_identification Level 1 _identify(src/yahboomcar_multi) by extension 'ignore'
[0.412s] colcon.colcon_core.package_identification Level 1 _identify(src/yahboomcar_multi) by extension 'ignore_ament_install'
[0.413s] colcon.colcon_core.package_identification Level 1 _identify(src/yahboomcar_multi) by extensions ['colcon_pkg']
[0.413s] colcon.colcon_core.package_identification Level 1 _identify(src/yahboomcar_multi) by extension 'colcon_pkg'
[0.413s] colcon.colcon_core.package_identification Level 1 _identify(src/yahboomcar_multi) by extensions ['colcon_meta']
[0.413s] colcon.colcon_core.package_identification Level 1 _identify(src/yahboomcar_multi) by extension 'colcon_meta'
[0.413s] colcon.colcon_core.package_identification Level 1 _identify(src/yahboomcar_multi) by extensions ['ros']
[0.413s] colcon.colcon_core.package_identification Level 1 _identify(src/yahboomcar_multi) by extension 'ros'
[0.414s] colcon.colcon_core.package_identification DEBUG Package 'src/yahboomcar_multi' with type 'ros.ament_python' and name 'yahboomcar_multi'
[0.414s] colcon.colcon_core.package_identification Level 1 _identify(src/yahboomcar_nav) by extensions ['ignore', 'ignore_ament_install']
[0.414s] colcon.colcon_core.package_identification Level 1 _identify(src/yahboomcar_nav) by extension 'ignore'
[0.414s] colcon.colcon_core.package_identification Level 1 _identify(src/yahboomcar_nav) by extension 'ignore_ament_install'
[0.414s] colcon.colcon_core.package_identification Level 1 _identify(src/yahboomcar_nav) by extensions ['colcon_pkg']
[0.414s] colcon.colcon_core.package_identification Level 1 _identify(src/yahboomcar_nav) by extension 'colcon_pkg'
[0.414s] colcon.colcon_core.package_identification Level 1 _identify(src/yahboomcar_nav) by extensions ['colcon_meta']
[0.415s] colcon.colcon_core.package_identification Level 1 _identify(src/yahboomcar_nav) by extension 'colcon_meta'
[0.415s] colcon.colcon_core.package_identification Level 1 _identify(src/yahboomcar_nav) by extensions ['ros']
[0.415s] colcon.colcon_core.package_identification Level 1 _identify(src/yahboomcar_nav) by extension 'ros'
[0.416s] colcon.colcon_core.package_identification DEBUG Package 'src/yahboomcar_nav' with type 'ros.ament_python' and name 'yahboomcar_nav'
[0.416s] colcon.colcon_core.package_identification Level 1 _identify(src/yahboomcar_point) by extensions ['ignore', 'ignore_ament_install']
[0.416s] colcon.colcon_core.package_identification Level 1 _identify(src/yahboomcar_point) by extension 'ignore'
[0.416s] colcon.colcon_core.package_identification Level 1 _identify(src/yahboomcar_point) by extension 'ignore_ament_install'
[0.417s] colcon.colcon_core.package_identification Level 1 _identify(src/yahboomcar_point) by extensions ['colcon_pkg']
[0.417s] colcon.colcon_core.package_identification Level 1 _identify(src/yahboomcar_point) by extension 'colcon_pkg'
[0.417s] colcon.colcon_core.package_identification Level 1 _identify(src/yahboomcar_point) by extensions ['colcon_meta']
[0.417s] colcon.colcon_core.package_identification Level 1 _identify(src/yahboomcar_point) by extension 'colcon_meta'
[0.417s] colcon.colcon_core.package_identification Level 1 _identify(src/yahboomcar_point) by extensions ['ros']
[0.417s] colcon.colcon_core.package_identification Level 1 _identify(src/yahboomcar_point) by extension 'ros'
[0.419s] colcon.colcon_core.package_identification DEBUG Package 'src/yahboomcar_point' with type 'ros.ament_cmake' and name 'yahboomcar_point'
[0.419s] colcon.colcon_core.package_identification Level 1 _identify(src/yahboomcar_rviz) by extensions ['ignore', 'ignore_ament_install']
[0.419s] colcon.colcon_core.package_identification Level 1 _identify(src/yahboomcar_rviz) by extension 'ignore'
[0.419s] colcon.colcon_core.package_identification Level 1 _identify(src/yahboomcar_rviz) by extension 'ignore_ament_install'
[0.419s] colcon.colcon_core.package_identification Level 1 _identify(src/yahboomcar_rviz) by extensions ['colcon_pkg']
[0.419s] colcon.colcon_core.package_identification Level 1 _identify(src/yahboomcar_rviz) by extension 'colcon_pkg'
[0.420s] colcon.colcon_core.package_identification Level 1 _identify(src/yahboomcar_rviz) by extensions ['colcon_meta']
[0.420s] colcon.colcon_core.package_identification Level 1 _identify(src/yahboomcar_rviz) by extension 'colcon_meta'
[0.420s] colcon.colcon_core.package_identification Level 1 _identify(src/yahboomcar_rviz) by extensions ['ros']
[0.420s] colcon.colcon_core.package_identification Level 1 _identify(src/yahboomcar_rviz) by extension 'ros'
[0.421s] colcon.colcon_core.package_identification DEBUG Package 'src/yahboomcar_rviz' with type 'ros.ament_python' and name 'yahboomcar_rviz'
[0.421s] colcon.colcon_core.package_identification Level 1 _identify(src/yahboomcar_slam) by extensions ['ignore', 'ignore_ament_install']
[0.421s] colcon.colcon_core.package_identification Level 1 _identify(src/yahboomcar_slam) by extension 'ignore'
[0.421s] colcon.colcon_core.package_identification Level 1 _identify(src/yahboomcar_slam) by extension 'ignore_ament_install'
[0.421s] colcon.colcon_core.package_identification Level 1 _identify(src/yahboomcar_slam) by extensions ['colcon_pkg']
[0.421s] colcon.colcon_core.package_identification Level 1 _identify(src/yahboomcar_slam) by extension 'colcon_pkg'
[0.421s] colcon.colcon_core.package_identification Level 1 _identify(src/yahboomcar_slam) by extensions ['colcon_meta']
[0.421s] colcon.colcon_core.package_identification Level 1 _identify(src/yahboomcar_slam) by extension 'colcon_meta'
[0.421s] colcon.colcon_core.package_identification Level 1 _identify(src/yahboomcar_slam) by extensions ['ros']
[0.421s] colcon.colcon_core.package_identification Level 1 _identify(src/yahboomcar_slam) by extension 'ros'
[0.423s] colcon.colcon_core.package_identification DEBUG Package 'src/yahboomcar_slam' with type 'ros.ament_cmake' and name 'yahboomcar_slam'
[0.424s] colcon.colcon_core.package_identification Level 1 _identify(src/yahboomcar_visual) by extensions ['ignore', 'ignore_ament_install']
[0.424s] colcon.colcon_core.package_identification Level 1 _identify(src/yahboomcar_visual) by extension 'ignore'
[0.424s] colcon.colcon_core.package_identification Level 1 _identify(src/yahboomcar_visual) by extension 'ignore_ament_install'
[0.424s] colcon.colcon_core.package_identification Level 1 _identify(src/yahboomcar_visual) by extensions ['colcon_pkg']
[0.424s] colcon.colcon_core.package_identification Level 1 _identify(src/yahboomcar_visual) by extension 'colcon_pkg'
[0.424s] colcon.colcon_core.package_identification Level 1 _identify(src/yahboomcar_visual) by extensions ['colcon_meta']
[0.424s] colcon.colcon_core.package_identification Level 1 _identify(src/yahboomcar_visual) by extension 'colcon_meta'
[0.424s] colcon.colcon_core.package_identification Level 1 _identify(src/yahboomcar_visual) by extensions ['ros']
[0.424s] colcon.colcon_core.package_identification Level 1 _identify(src/yahboomcar_visual) by extension 'ros'
[0.425s] colcon.colcon_core.package_identification DEBUG Package 'src/yahboomcar_visual' with type 'ros.ament_python' and name 'yahboomcar_visual'
[0.426s] colcon.colcon_core.package_identification Level 1 _identify(src/yahboomcar_voice_ctrl) by extensions ['ignore', 'ignore_ament_install']
[0.426s] colcon.colcon_core.package_identification Level 1 _identify(src/yahboomcar_voice_ctrl) by extension 'ignore'
[0.426s] colcon.colcon_core.package_identification Level 1 _identify(src/yahboomcar_voice_ctrl) by extension 'ignore_ament_install'
[0.426s] colcon.colcon_core.package_identification Level 1 _identify(src/yahboomcar_voice_ctrl) by extensions ['colcon_pkg']
[0.426s] colcon.colcon_core.package_identification Level 1 _identify(src/yahboomcar_voice_ctrl) by extension 'colcon_pkg'
[0.426s] colcon.colcon_core.package_identification Level 1 _identify(src/yahboomcar_voice_ctrl) by extensions ['colcon_meta']
[0.426s] colcon.colcon_core.package_identification Level 1 _identify(src/yahboomcar_voice_ctrl) by extension 'colcon_meta'
[0.426s] colcon.colcon_core.package_identification Level 1 _identify(src/yahboomcar_voice_ctrl) by extensions ['ros']
[0.426s] colcon.colcon_core.package_identification Level 1 _identify(src/yahboomcar_voice_ctrl) by extension 'ros'
[0.427s] colcon.colcon_core.package_identification DEBUG Package 'src/yahboomcar_voice_ctrl' with type 'ros.ament_python' and name 'yahboomcar_voice_ctrl'
[0.427s] colcon.colcon_core.package_discovery Level 1 discover_packages(recursive) using defaults
[0.428s] colcon.colcon_core.package_discovery Level 1 discover_packages(ignore) discover
[0.428s] colcon.colcon_core.package_discovery Level 1 discover_packages(ignore) using defaults
[0.428s] colcon.colcon_core.package_discovery Level 1 discover_packages(path) discover
[0.428s] colcon.colcon_core.package_discovery Level 1 discover_packages(path) using defaults
[0.465s] colcon.colcon_core.package_discovery Level 1 discover_packages(prefix_path) check parameters
[0.465s] colcon.colcon_core.package_discovery Level 1 discover_packages(prefix_path) discover
[0.471s] colcon.colcon_installed_package_information.package_discovery DEBUG Found 13 installed packages in /home/jetson/yahboomcar_ws/install
[0.472s] colcon.colcon_installed_package_information.package_discovery DEBUG Found 12 installed packages in /home/jetson/yahboomcar_ros2_ws/software/library_ws/install
[0.475s] colcon.colcon_installed_package_information.package_discovery DEBUG Found 350 installed packages in /opt/ros/humble
[0.479s] colcon.colcon_core.package_discovery Level 1 discover_packages(prefix_path) using defaults
[0.595s] colcon.colcon_core.verb Level 5 set package 'laserscan_to_point_pulisher' build argument 'cmake_args' from command line to 'None'
[0.595s] colcon.colcon_core.verb Level 5 set package 'laserscan_to_point_pulisher' build argument 'cmake_target' from command line to 'None'
[0.595s] colcon.colcon_core.verb Level 5 set package 'laserscan_to_point_pulisher' build argument 'cmake_target_skip_unavailable' from command line to 'False'
[0.595s] colcon.colcon_core.verb Level 5 set package 'laserscan_to_point_pulisher' build argument 'cmake_clean_cache' from command line to 'False'
[0.595s] colcon.colcon_core.verb Level 5 set package 'laserscan_to_point_pulisher' build argument 'cmake_clean_first' from command line to 'False'
[0.595s] colcon.colcon_core.verb Level 5 set package 'laserscan_to_point_pulisher' build argument 'cmake_force_configure' from command line to 'False'
[0.595s] colcon.colcon_core.verb Level 5 set package 'laserscan_to_point_pulisher' build argument 'ament_cmake_args' from command line to 'None'
[0.595s] colcon.colcon_core.verb Level 5 set package 'laserscan_to_point_pulisher' build argument 'catkin_cmake_args' from command line to 'None'
[0.596s] colcon.colcon_core.verb Level 5 set package 'laserscan_to_point_pulisher' build argument 'catkin_skip_building_tests' from command line to 'False'
[0.596s] colcon.colcon_core.verb DEBUG Building package 'laserscan_to_point_pulisher' with the following arguments: {'ament_cmake_args': None, 'build_base': '/home/jetson/yahboomcar_ros2_ws_new/yahboomcar_ws/build/laserscan_to_point_pulisher', 'catkin_cmake_args': None, 'catkin_skip_building_tests': False, 'cmake_args': None, 'cmake_clean_cache': False, 'cmake_clean_first': False, 'cmake_force_configure': False, 'cmake_target': None, 'cmake_target_skip_unavailable': False, 'install_base': '/home/jetson/yahboomcar_ros2_ws_new/yahboomcar_ws/install/laserscan_to_point_pulisher', 'merge_install': False, 'path': '/home/jetson/yahboomcar_ros2_ws_new/yahboomcar_ws/src/laserscan_to_point_pulisher', 'symlink_install': True, 'test_result_base': None}
[0.596s] colcon.colcon_core.verb Level 5 set package 'robot_pose_publisher_ros2' build argument 'cmake_args' from command line to 'None'
[0.596s] colcon.colcon_core.verb Level 5 set package 'robot_pose_publisher_ros2' build argument 'cmake_target' from command line to 'None'
[0.596s] colcon.colcon_core.verb Level 5 set package 'robot_pose_publisher_ros2' build argument 'cmake_target_skip_unavailable' from command line to 'False'
[0.597s] colcon.colcon_core.verb Level 5 set package 'robot_pose_publisher_ros2' build argument 'cmake_clean_cache' from command line to 'False'
[0.597s] colcon.colcon_core.verb Level 5 set package 'robot_pose_publisher_ros2' build argument 'cmake_clean_first' from command line to 'False'
[0.597s] colcon.colcon_core.verb Level 5 set package 'robot_pose_publisher_ros2' build argument 'cmake_force_configure' from command line to 'False'
[0.597s] colcon.colcon_core.verb Level 5 set package 'robot_pose_publisher_ros2' build argument 'ament_cmake_args' from command line to 'None'
[0.597s] colcon.colcon_core.verb Level 5 set package 'robot_pose_publisher_ros2' build argument 'catkin_cmake_args' from command line to 'None'
[0.597s] colcon.colcon_core.verb Level 5 set package 'robot_pose_publisher_ros2' build argument 'catkin_skip_building_tests' from command line to 'False'
[0.597s] colcon.colcon_core.verb DEBUG Building package 'robot_pose_publisher_ros2' with the following arguments: {'ament_cmake_args': None, 'build_base': '/home/jetson/yahboomcar_ros2_ws_new/yahboomcar_ws/build/robot_pose_publisher_ros2', 'catkin_cmake_args': None, 'catkin_skip_building_tests': False, 'cmake_args': None, 'cmake_clean_cache': False, 'cmake_clean_first': False, 'cmake_force_configure': False, 'cmake_target': None, 'cmake_target_skip_unavailable': False, 'install_base': '/home/jetson/yahboomcar_ros2_ws_new/yahboomcar_ws/install/robot_pose_publisher_ros2', 'merge_install': False, 'path': '/home/jetson/yahboomcar_ros2_ws_new/yahboomcar_ws/src/robot_pose_publisher_ros2', 'symlink_install': True, 'test_result_base': None}
[0.597s] colcon.colcon_core.verb Level 5 set package 'yahboom_app_save_map' build argument 'cmake_args' from command line to 'None'
[0.597s] colcon.colcon_core.verb Level 5 set package 'yahboom_app_save_map' build argument 'cmake_target' from command line to 'None'
[0.598s] colcon.colcon_core.verb Level 5 set package 'yahboom_app_save_map' build argument 'cmake_target_skip_unavailable' from command line to 'False'
[0.598s] colcon.colcon_core.verb Level 5 set package 'yahboom_app_save_map' build argument 'cmake_clean_cache' from command line to 'False'
[0.598s] colcon.colcon_core.verb Level 5 set package 'yahboom_app_save_map' build argument 'cmake_clean_first' from command line to 'False'
[0.598s] colcon.colcon_core.verb Level 5 set package 'yahboom_app_save_map' build argument 'cmake_force_configure' from command line to 'False'
[0.598s] colcon.colcon_core.verb Level 5 set package 'yahboom_app_save_map' build argument 'ament_cmake_args' from command line to 'None'
[0.598s] colcon.colcon_core.verb Level 5 set package 'yahboom_app_save_map' build argument 'catkin_cmake_args' from command line to 'None'
[0.598s] colcon.colcon_core.verb Level 5 set package 'yahboom_app_save_map' build argument 'catkin_skip_building_tests' from command line to 'False'
[0.598s] colcon.colcon_core.verb DEBUG Building package 'yahboom_app_save_map' with the following arguments: {'ament_cmake_args': None, 'build_base': '/home/jetson/yahboomcar_ros2_ws_new/yahboomcar_ws/build/yahboom_app_save_map', 'catkin_cmake_args': None, 'catkin_skip_building_tests': False, 'cmake_args': None, 'cmake_clean_cache': False, 'cmake_clean_first': False, 'cmake_force_configure': False, 'cmake_target': None, 'cmake_target_skip_unavailable': False, 'install_base': '/home/jetson/yahboomcar_ros2_ws_new/yahboomcar_ws/install/yahboom_app_save_map', 'merge_install': False, 'path': '/home/jetson/yahboomcar_ros2_ws_new/yahboomcar_ws/src/yahboom_app_save_map', 'symlink_install': True, 'test_result_base': None}
[0.598s] colcon.colcon_core.verb Level 5 set package 'yahboom_web_savmap_interfaces' build argument 'cmake_args' from command line to 'None'
[0.599s] colcon.colcon_core.verb Level 5 set package 'yahboom_web_savmap_interfaces' build argument 'cmake_target' from command line to 'None'
[0.599s] colcon.colcon_core.verb Level 5 set package 'yahboom_web_savmap_interfaces' build argument 'cmake_target_skip_unavailable' from command line to 'False'
[0.599s] colcon.colcon_core.verb Level 5 set package 'yahboom_web_savmap_interfaces' build argument 'cmake_clean_cache' from command line to 'False'
[0.599s] colcon.colcon_core.verb Level 5 set package 'yahboom_web_savmap_interfaces' build argument 'cmake_clean_first' from command line to 'False'
[0.599s] colcon.colcon_core.verb Level 5 set package 'yahboom_web_savmap_interfaces' build argument 'cmake_force_configure' from command line to 'False'
[0.599s] colcon.colcon_core.verb Level 5 set package 'yahboom_web_savmap_interfaces' build argument 'ament_cmake_args' from command line to 'None'
[0.599s] colcon.colcon_core.verb Level 5 set package 'yahboom_web_savmap_interfaces' build argument 'catkin_cmake_args' from command line to 'None'
[0.599s] colcon.colcon_core.verb Level 5 set package 'yahboom_web_savmap_interfaces' build argument 'catkin_skip_building_tests' from command line to 'False'
[0.599s] colcon.colcon_core.verb DEBUG Building package 'yahboom_web_savmap_interfaces' with the following arguments: {'ament_cmake_args': None, 'build_base': '/home/jetson/yahboomcar_ros2_ws_new/yahboomcar_ws/build/yahboom_web_savmap_interfaces', 'catkin_cmake_args': None, 'catkin_skip_building_tests': False, 'cmake_args': None, 'cmake_clean_cache': False, 'cmake_clean_first': False, 'cmake_force_configure': False, 'cmake_target': None, 'cmake_target_skip_unavailable': False, 'install_base': '/home/jetson/yahboomcar_ros2_ws_new/yahboomcar_ws/install/yahboom_web_savmap_interfaces', 'merge_install': False, 'path': '/home/jetson/yahboomcar_ros2_ws_new/yahboomcar_ws/src/yahboom_web_savmap_interfaces', 'symlink_install': True, 'test_result_base': None}
[0.599s] colcon.colcon_core.verb Level 5 set package 'yahboomcar_KCFTracker' build argument 'cmake_args' from command line to 'None'
[0.600s] colcon.colcon_core.verb Level 5 set package 'yahboomcar_KCFTracker' build argument 'cmake_target' from command line to 'None'
[0.600s] colcon.colcon_core.verb Level 5 set package 'yahboomcar_KCFTracker' build argument 'cmake_target_skip_unavailable' from command line to 'False'
[0.600s] colcon.colcon_core.verb Level 5 set package 'yahboomcar_KCFTracker' build argument 'cmake_clean_cache' from command line to 'False'
[0.600s] colcon.colcon_core.verb Level 5 set package 'yahboomcar_KCFTracker' build argument 'cmake_clean_first' from command line to 'False'
[0.600s] colcon.colcon_core.verb Level 5 set package 'yahboomcar_KCFTracker' build argument 'cmake_force_configure' from command line to 'False'
[0.600s] colcon.colcon_core.verb Level 5 set package 'yahboomcar_KCFTracker' build argument 'ament_cmake_args' from command line to 'None'
[0.600s] colcon.colcon_core.verb Level 5 set package 'yahboomcar_KCFTracker' build argument 'catkin_cmake_args' from command line to 'None'
[0.600s] colcon.colcon_core.verb Level 5 set package 'yahboomcar_KCFTracker' build argument 'catkin_skip_building_tests' from command line to 'False'
[0.600s] colcon.colcon_core.verb DEBUG Building package 'yahboomcar_KCFTracker' with the following arguments: {'ament_cmake_args': None, 'build_base': '/home/jetson/yahboomcar_ros2_ws_new/yahboomcar_ws/build/yahboomcar_KCFTracker', 'catkin_cmake_args': None, 'catkin_skip_building_tests': False, 'cmake_args': None, 'cmake_clean_cache': False, 'cmake_clean_first': False, 'cmake_force_configure': False, 'cmake_target': None, 'cmake_target_skip_unavailable': False, 'install_base': '/home/jetson/yahboomcar_ros2_ws_new/yahboomcar_ws/install/yahboomcar_KCFTracker', 'merge_install': False, 'path': '/home/jetson/yahboomcar_ros2_ws_new/yahboomcar_ws/src/yahboomcar_KCFTracker', 'symlink_install': True, 'test_result_base': None}
[0.601s] colcon.colcon_core.verb Level 5 set package 'yahboomcar_astra' build argument 'cmake_args' from command line to 'None'
[0.601s] colcon.colcon_core.verb Level 5 set package 'yahboomcar_astra' build argument 'cmake_target' from command line to 'None'
[0.601s] colcon.colcon_core.verb Level 5 set package 'yahboomcar_astra' build argument 'cmake_target_skip_unavailable' from command line to 'False'
[0.601s] colcon.colcon_core.verb Level 5 set package 'yahboomcar_astra' build argument 'cmake_clean_cache' from command line to 'False'
[0.601s] colcon.colcon_core.verb Level 5 set package 'yahboomcar_astra' build argument 'cmake_clean_first' from command line to 'False'
[0.601s] colcon.colcon_core.verb Level 5 set package 'yahboomcar_astra' build argument 'cmake_force_configure' from command line to 'False'
[0.601s] colcon.colcon_core.verb Level 5 set package 'yahboomcar_astra' build argument 'ament_cmake_args' from command line to 'None'
[0.601s] colcon.colcon_core.verb Level 5 set package 'yahboomcar_astra' build argument 'catkin_cmake_args' from command line to 'None'
[0.601s] colcon.colcon_core.verb Level 5 set package 'yahboomcar_astra' build argument 'catkin_skip_building_tests' from command line to 'False'
[0.601s] colcon.colcon_core.verb DEBUG Building package 'yahboomcar_astra' with the following arguments: {'ament_cmake_args': None, 'build_base': '/home/jetson/yahboomcar_ros2_ws_new/yahboomcar_ws/build/yahboomcar_astra', 'catkin_cmake_args': None, 'catkin_skip_building_tests': False, 'cmake_args': None, 'cmake_clean_cache': False, 'cmake_clean_first': False, 'cmake_force_configure': False, 'cmake_target': None, 'cmake_target_skip_unavailable': False, 'install_base': '/home/jetson/yahboomcar_ros2_ws_new/yahboomcar_ws/install/yahboomcar_astra', 'merge_install': False, 'path': '/home/jetson/yahboomcar_ros2_ws_new/yahboomcar_ws/src/yahboomcar_astra', 'symlink_install': True, 'test_result_base': None}
[0.601s] colcon.colcon_core.verb Level 5 set package 'yahboomcar_base_node' build argument 'cmake_args' from command line to 'None'
[0.602s] colcon.colcon_core.verb Level 5 set package 'yahboomcar_base_node' build argument 'cmake_target' from command line to 'None'
[0.602s] colcon.colcon_core.verb Level 5 set package 'yahboomcar_base_node' build argument 'cmake_target_skip_unavailable' from command line to 'False'
[0.602s] colcon.colcon_core.verb Level 5 set package 'yahboomcar_base_node' build argument 'cmake_clean_cache' from command line to 'False'
[0.602s] colcon.colcon_core.verb Level 5 set package 'yahboomcar_base_node' build argument 'cmake_clean_first' from command line to 'False'
[0.602s] colcon.colcon_core.verb Level 5 set package 'yahboomcar_base_node' build argument 'cmake_force_configure' from command line to 'False'
[0.602s] colcon.colcon_core.verb Level 5 set package 'yahboomcar_base_node' build argument 'ament_cmake_args' from command line to 'None'
[0.602s] colcon.colcon_core.verb Level 5 set package 'yahboomcar_base_node' build argument 'catkin_cmake_args' from command line to 'None'
[0.602s] colcon.colcon_core.verb Level 5 set package 'yahboomcar_base_node' build argument 'catkin_skip_building_tests' from command line to 'False'
[0.602s] colcon.colcon_core.verb DEBUG Building package 'yahboomcar_base_node' with the following arguments: {'ament_cmake_args': None, 'build_base': '/home/jetson/yahboomcar_ros2_ws_new/yahboomcar_ws/build/yahboomcar_base_node', 'catkin_cmake_args': None, 'catkin_skip_building_tests': False, 'cmake_args': None, 'cmake_clean_cache': False, 'cmake_clean_first': False, 'cmake_force_configure': False, 'cmake_target': None, 'cmake_target_skip_unavailable': False, 'install_base': '/home/jetson/yahboomcar_ros2_ws_new/yahboomcar_ws/install/yahboomcar_base_node', 'merge_install': False, 'path': '/home/jetson/yahboomcar_ros2_ws_new/yahboomcar_ws/src/yahboomcar_base_node', 'symlink_install': True, 'test_result_base': None}
[0.602s] colcon.colcon_core.verb Level 5 set package 'yahboomcar_bringup' build argument 'cmake_args' from command line to 'None'
[0.603s] colcon.colcon_core.verb Level 5 set package 'yahboomcar_bringup' build argument 'cmake_target' from command line to 'None'
[0.603s] colcon.colcon_core.verb Level 5 set package 'yahboomcar_bringup' build argument 'cmake_target_skip_unavailable' from command line to 'False'
[0.603s] colcon.colcon_core.verb Level 5 set package 'yahboomcar_bringup' build argument 'cmake_clean_cache' from command line to 'False'
[0.603s] colcon.colcon_core.verb Level 5 set package 'yahboomcar_bringup' build argument 'cmake_clean_first' from command line to 'False'
[0.603s] colcon.colcon_core.verb Level 5 set package 'yahboomcar_bringup' build argument 'cmake_force_configure' from command line to 'False'
[0.603s] colcon.colcon_core.verb Level 5 set package 'yahboomcar_bringup' build argument 'ament_cmake_args' from command line to 'None'
[0.603s] colcon.colcon_core.verb Level 5 set package 'yahboomcar_bringup' build argument 'catkin_cmake_args' from command line to 'None'
[0.603s] colcon.colcon_core.verb Level 5 set package 'yahboomcar_bringup' build argument 'catkin_skip_building_tests' from command line to 'False'
[0.603s] colcon.colcon_core.verb DEBUG Building package 'yahboomcar_bringup' with the following arguments: {'ament_cmake_args': None, 'build_base': '/home/jetson/yahboomcar_ros2_ws_new/yahboomcar_ws/build/yahboomcar_bringup', 'catkin_cmake_args': None, 'catkin_skip_building_tests': False, 'cmake_args': None, 'cmake_clean_cache': False, 'cmake_clean_first': False, 'cmake_force_configure': False, 'cmake_target': None, 'cmake_target_skip_unavailable': False, 'install_base': '/home/jetson/yahboomcar_ros2_ws_new/yahboomcar_ws/install/yahboomcar_bringup', 'merge_install': False, 'path': '/home/jetson/yahboomcar_ros2_ws_new/yahboomcar_ws/src/yahboomcar_bringup', 'symlink_install': True, 'test_result_base': None}
[0.603s] colcon.colcon_core.verb Level 5 set package 'yahboomcar_ctrl' build argument 'cmake_args' from command line to 'None'
[0.603s] colcon.colcon_core.verb Level 5 set package 'yahboomcar_ctrl' build argument 'cmake_target' from command line to 'None'
[0.604s] colcon.colcon_core.verb Level 5 set package 'yahboomcar_ctrl' build argument 'cmake_target_skip_unavailable' from command line to 'False'
[0.604s] colcon.colcon_core.verb Level 5 set package 'yahboomcar_ctrl' build argument 'cmake_clean_cache' from command line to 'False'
[0.604s] colcon.colcon_core.verb Level 5 set package 'yahboomcar_ctrl' build argument 'cmake_clean_first' from command line to 'False'
[0.604s] colcon.colcon_core.verb Level 5 set package 'yahboomcar_ctrl' build argument 'cmake_force_configure' from command line to 'False'
[0.604s] colcon.colcon_core.verb Level 5 set package 'yahboomcar_ctrl' build argument 'ament_cmake_args' from command line to 'None'
[0.604s] colcon.colcon_core.verb Level 5 set package 'yahboomcar_ctrl' build argument 'catkin_cmake_args' from command line to 'None'
[0.604s] colcon.colcon_core.verb Level 5 set package 'yahboomcar_ctrl' build argument 'catkin_skip_building_tests' from command line to 'False'
[0.604s] colcon.colcon_core.verb DEBUG Building package 'yahboomcar_ctrl' with the following arguments: {'ament_cmake_args': None, 'build_base': '/home/jetson/yahboomcar_ros2_ws_new/yahboomcar_ws/build/yahboomcar_ctrl', 'catkin_cmake_args': None, 'catkin_skip_building_tests': False, 'cmake_args': None, 'cmake_clean_cache': False, 'cmake_clean_first': False, 'cmake_force_configure': False, 'cmake_target': None, 'cmake_target_skip_unavailable': False, 'install_base': '/home/jetson/yahboomcar_ros2_ws_new/yahboomcar_ws/install/yahboomcar_ctrl', 'merge_install': False, 'path': '/home/jetson/yahboomcar_ros2_ws_new/yahboomcar_ws/src/yahboomcar_ctrl', 'symlink_install': True, 'test_result_base': None}
[0.604s] colcon.colcon_core.verb Level 5 set package 'yahboomcar_description' build argument 'cmake_args' from command line to 'None'
[0.604s] colcon.colcon_core.verb Level 5 set package 'yahboomcar_description' build argument 'cmake_target' from command line to 'None'
[0.605s] colcon.colcon_core.verb Level 5 set package 'yahboomcar_description' build argument 'cmake_target_skip_unavailable' from command line to 'False'
[0.605s] colcon.colcon_core.verb Level 5 set package 'yahboomcar_description' build argument 'cmake_clean_cache' from command line to 'False'
[0.605s] colcon.colcon_core.verb Level 5 set package 'yahboomcar_description' build argument 'cmake_clean_first' from command line to 'False'
[0.605s] colcon.colcon_core.verb Level 5 set package 'yahboomcar_description' build argument 'cmake_force_configure' from command line to 'False'
[0.605s] colcon.colcon_core.verb Level 5 set package 'yahboomcar_description' build argument 'ament_cmake_args' from command line to 'None'
[0.605s] colcon.colcon_core.verb Level 5 set package 'yahboomcar_description' build argument 'catkin_cmake_args' from command line to 'None'
[0.605s] colcon.colcon_core.verb Level 5 set package 'yahboomcar_description' build argument 'catkin_skip_building_tests' from command line to 'False'
[0.605s] colcon.colcon_core.verb DEBUG Building package 'yahboomcar_description' with the following arguments: {'ament_cmake_args': None, 'build_base': '/home/jetson/yahboomcar_ros2_ws_new/yahboomcar_ws/build/yahboomcar_description', 'catkin_cmake_args': None, 'catkin_skip_building_tests': False, 'cmake_args': None, 'cmake_clean_cache': False, 'cmake_clean_first': False, 'cmake_force_configure': False, 'cmake_target': None, 'cmake_target_skip_unavailable': False, 'install_base': '/home/jetson/yahboomcar_ros2_ws_new/yahboomcar_ws/install/yahboomcar_description', 'merge_install': False, 'path': '/home/jetson/yahboomcar_ros2_ws_new/yahboomcar_ws/src/yahboomcar_description', 'symlink_install': True, 'test_result_base': None}
[0.605s] colcon.colcon_core.verb Level 5 set package 'yahboomcar_description_x1' build argument 'cmake_args' from command line to 'None'
[0.605s] colcon.colcon_core.verb Level 5 set package 'yahboomcar_description_x1' build argument 'cmake_target' from command line to 'None'
[0.605s] colcon.colcon_core.verb Level 5 set package 'yahboomcar_description_x1' build argument 'cmake_target_skip_unavailable' from command line to 'False'
[0.605s] colcon.colcon_core.verb Level 5 set package 'yahboomcar_description_x1' build argument 'cmake_clean_cache' from command line to 'False'
[0.606s] colcon.colcon_core.verb Level 5 set package 'yahboomcar_description_x1' build argument 'cmake_clean_first' from command line to 'False'
[0.606s] colcon.colcon_core.verb Level 5 set package 'yahboomcar_description_x1' build argument 'cmake_force_configure' from command line to 'False'
[0.606s] colcon.colcon_core.verb Level 5 set package 'yahboomcar_description_x1' build argument 'ament_cmake_args' from command line to 'None'
[0.606s] colcon.colcon_core.verb Level 5 set package 'yahboomcar_description_x1' build argument 'catkin_cmake_args' from command line to 'None'
[0.606s] colcon.colcon_core.verb Level 5 set package 'yahboomcar_description_x1' build argument 'catkin_skip_building_tests' from command line to 'False'
[0.606s] colcon.colcon_core.verb DEBUG Building package 'yahboomcar_description_x1' with the following arguments: {'ament_cmake_args': None, 'build_base': '/home/jetson/yahboomcar_ros2_ws_new/yahboomcar_ws/build/yahboomcar_description_x1', 'catkin_cmake_args': None, 'catkin_skip_building_tests': False, 'cmake_args': None, 'cmake_clean_cache': False, 'cmake_clean_first': False, 'cmake_force_configure': False, 'cmake_target': None, 'cmake_target_skip_unavailable': False, 'install_base': '/home/jetson/yahboomcar_ros2_ws_new/yahboomcar_ws/install/yahboomcar_description_x1', 'merge_install': False, 'path': '/home/jetson/yahboomcar_ros2_ws_new/yahboomcar_ws/src/yahboomcar_description_x1', 'symlink_install': True, 'test_result_base': None}
[0.606s] colcon.colcon_core.verb Level 5 set package 'yahboomcar_laser' build argument 'cmake_args' from command line to 'None'
[0.606s] colcon.colcon_core.verb Level 5 set package 'yahboomcar_laser' build argument 'cmake_target' from command line to 'None'
[0.606s] colcon.colcon_core.verb Level 5 set package 'yahboomcar_laser' build argument 'cmake_target_skip_unavailable' from command line to 'False'
[0.606s] colcon.colcon_core.verb Level 5 set package 'yahboomcar_laser' build argument 'cmake_clean_cache' from command line to 'False'
[0.607s] colcon.colcon_core.verb Level 5 set package 'yahboomcar_laser' build argument 'cmake_clean_first' from command line to 'False'
[0.607s] colcon.colcon_core.verb Level 5 set package 'yahboomcar_laser' build argument 'cmake_force_configure' from command line to 'False'
[0.607s] colcon.colcon_core.verb Level 5 set package 'yahboomcar_laser' build argument 'ament_cmake_args' from command line to 'None'
[0.607s] colcon.colcon_core.verb Level 5 set package 'yahboomcar_laser' build argument 'catkin_cmake_args' from command line to 'None'
[0.607s] colcon.colcon_core.verb Level 5 set package 'yahboomcar_laser' build argument 'catkin_skip_building_tests' from command line to 'False'
[0.607s] colcon.colcon_core.verb DEBUG Building package 'yahboomcar_laser' with the following arguments: {'ament_cmake_args': None, 'build_base': '/home/jetson/yahboomcar_ros2_ws_new/yahboomcar_ws/build/yahboomcar_laser', 'catkin_cmake_args': None, 'catkin_skip_building_tests': False, 'cmake_args': None, 'cmake_clean_cache': False, 'cmake_clean_first': False, 'cmake_force_configure': False, 'cmake_target': None, 'cmake_target_skip_unavailable': False, 'install_base': '/home/jetson/yahboomcar_ros2_ws_new/yahboomcar_ws/install/yahboomcar_laser', 'merge_install': False, 'path': '/home/jetson/yahboomcar_ros2_ws_new/yahboomcar_ws/src/yahboomcar_laser', 'symlink_install': True, 'test_result_base': None}
[0.607s] colcon.colcon_core.verb Level 5 set package 'yahboomcar_linefollow' build argument 'cmake_args' from command line to 'None'
[0.607s] colcon.colcon_core.verb Level 5 set package 'yahboomcar_linefollow' build argument 'cmake_target' from command line to 'None'
[0.607s] colcon.colcon_core.verb Level 5 set package 'yahboomcar_linefollow' build argument 'cmake_target_skip_unavailable' from command line to 'False'
[0.607s] colcon.colcon_core.verb Level 5 set package 'yahboomcar_linefollow' build argument 'cmake_clean_cache' from command line to 'False'
[0.607s] colcon.colcon_core.verb Level 5 set package 'yahboomcar_linefollow' build argument 'cmake_clean_first' from command line to 'False'
[0.608s] colcon.colcon_core.verb Level 5 set package 'yahboomcar_linefollow' build argument 'cmake_force_configure' from command line to 'False'
[0.608s] colcon.colcon_core.verb Level 5 set package 'yahboomcar_linefollow' build argument 'ament_cmake_args' from command line to 'None'
[0.608s] colcon.colcon_core.verb Level 5 set package 'yahboomcar_linefollow' build argument 'catkin_cmake_args' from command line to 'None'
[0.608s] colcon.colcon_core.verb Level 5 set package 'yahboomcar_linefollow' build argument 'catkin_skip_building_tests' from command line to 'False'
[0.608s] colcon.colcon_core.verb DEBUG Building package 'yahboomcar_linefollow' with the following arguments: {'ament_cmake_args': None, 'build_base': '/home/jetson/yahboomcar_ros2_ws_new/yahboomcar_ws/build/yahboomcar_linefollow', 'catkin_cmake_args': None, 'catkin_skip_building_tests': False, 'cmake_args': None, 'cmake_clean_cache': False, 'cmake_clean_first': False, 'cmake_force_configure': False, 'cmake_target': None, 'cmake_target_skip_unavailable': False, 'install_base': '/home/jetson/yahboomcar_ros2_ws_new/yahboomcar_ws/install/yahboomcar_linefollow', 'merge_install': False, 'path': '/home/jetson/yahboomcar_ros2_ws_new/yahboomcar_ws/src/yahboomcar_linefollow', 'symlink_install': True, 'test_result_base': None}
[0.608s] colcon.colcon_core.verb Level 5 set package 'yahboomcar_mediapipe' build argument 'cmake_args' from command line to 'None'
[0.608s] colcon.colcon_core.verb Level 5 set package 'yahboomcar_mediapipe' build argument 'cmake_target' from command line to 'None'
[0.608s] colcon.colcon_core.verb Level 5 set package 'yahboomcar_mediapipe' build argument 'cmake_target_skip_unavailable' from command line to 'False'
[0.608s] colcon.colcon_core.verb Level 5 set package 'yahboomcar_mediapipe' build argument 'cmake_clean_cache' from command line to 'False'
[0.608s] colcon.colcon_core.verb Level 5 set package 'yahboomcar_mediapipe' build argument 'cmake_clean_first' from command line to 'False'
[0.608s] colcon.colcon_core.verb Level 5 set package 'yahboomcar_mediapipe' build argument 'cmake_force_configure' from command line to 'False'
[0.609s] colcon.colcon_core.verb Level 5 set package 'yahboomcar_mediapipe' build argument 'ament_cmake_args' from command line to 'None'
[0.609s] colcon.colcon_core.verb Level 5 set package 'yahboomcar_mediapipe' build argument 'catkin_cmake_args' from command line to 'None'
[0.609s] colcon.colcon_core.verb Level 5 set package 'yahboomcar_mediapipe' build argument 'catkin_skip_building_tests' from command line to 'False'
[0.609s] colcon.colcon_core.verb DEBUG Building package 'yahboomcar_mediapipe' with the following arguments: {'ament_cmake_args': None, 'build_base': '/home/jetson/yahboomcar_ros2_ws_new/yahboomcar_ws/build/yahboomcar_mediapipe', 'catkin_cmake_args': None, 'catkin_skip_building_tests': False, 'cmake_args': None, 'cmake_clean_cache': False, 'cmake_clean_first': False, 'cmake_force_configure': False, 'cmake_target': None, 'cmake_target_skip_unavailable': False, 'install_base': '/home/jetson/yahboomcar_ros2_ws_new/yahboomcar_ws/install/yahboomcar_mediapipe', 'merge_install': False, 'path': '/home/jetson/yahboomcar_ros2_ws_new/yahboomcar_ws/src/yahboomcar_mediapipe', 'symlink_install': True, 'test_result_base': None}
[0.609s] colcon.colcon_core.verb Level 5 set package 'yahboomcar_msgs' build argument 'cmake_args' from command line to 'None'
[0.609s] colcon.colcon_core.verb Level 5 set package 'yahboomcar_msgs' build argument 'cmake_target' from command line to 'None'
[0.609s] colcon.colcon_core.verb Level 5 set package 'yahboomcar_msgs' build argument 'cmake_target_skip_unavailable' from command line to 'False'
[0.609s] colcon.colcon_core.verb Level 5 set package 'yahboomcar_msgs' build argument 'cmake_clean_cache' from command line to 'False'
[0.609s] colcon.colcon_core.verb Level 5 set package 'yahboomcar_msgs' build argument 'cmake_clean_first' from command line to 'False'
[0.609s] colcon.colcon_core.verb Level 5 set package 'yahboomcar_msgs' build argument 'cmake_force_configure' from command line to 'False'
[0.609s] colcon.colcon_core.verb Level 5 set package 'yahboomcar_msgs' build argument 'ament_cmake_args' from command line to 'None'
[0.609s] colcon.colcon_core.verb Level 5 set package 'yahboomcar_msgs' build argument 'catkin_cmake_args' from command line to 'None'
[0.610s] colcon.colcon_core.verb Level 5 set package 'yahboomcar_msgs' build argument 'catkin_skip_building_tests' from command line to 'False'
[0.610s] colcon.colcon_core.verb DEBUG Building package 'yahboomcar_msgs' with the following arguments: {'ament_cmake_args': None, 'build_base': '/home/jetson/yahboomcar_ros2_ws_new/yahboomcar_ws/build/yahboomcar_msgs', 'catkin_cmake_args': None, 'catkin_skip_building_tests': False, 'cmake_args': None, 'cmake_clean_cache': False, 'cmake_clean_first': False, 'cmake_force_configure': False, 'cmake_target': None, 'cmake_target_skip_unavailable': False, 'install_base': '/home/jetson/yahboomcar_ros2_ws_new/yahboomcar_ws/install/yahboomcar_msgs', 'merge_install': False, 'path': '/home/jetson/yahboomcar_ros2_ws_new/yahboomcar_ws/src/yahboomcar_msgs', 'symlink_install': True, 'test_result_base': None}
[0.610s] colcon.colcon_core.verb Level 5 set package 'yahboomcar_multi' build argument 'cmake_args' from command line to 'None'
[0.610s] colcon.colcon_core.verb Level 5 set package 'yahboomcar_multi' build argument 'cmake_target' from command line to 'None'
[0.610s] colcon.colcon_core.verb Level 5 set package 'yahboomcar_multi' build argument 'cmake_target_skip_unavailable' from command line to 'False'
[0.610s] colcon.colcon_core.verb Level 5 set package 'yahboomcar_multi' build argument 'cmake_clean_cache' from command line to 'False'
[0.610s] colcon.colcon_core.verb Level 5 set package 'yahboomcar_multi' build argument 'cmake_clean_first' from command line to 'False'
[0.610s] colcon.colcon_core.verb Level 5 set package 'yahboomcar_multi' build argument 'cmake_force_configure' from command line to 'False'
[0.610s] colcon.colcon_core.verb Level 5 set package 'yahboomcar_multi' build argument 'ament_cmake_args' from command line to 'None'
[0.610s] colcon.colcon_core.verb Level 5 set package 'yahboomcar_multi' build argument 'catkin_cmake_args' from command line to 'None'
[0.610s] colcon.colcon_core.verb Level 5 set package 'yahboomcar_multi' build argument 'catkin_skip_building_tests' from command line to 'False'
[0.611s] colcon.colcon_core.verb DEBUG Building package 'yahboomcar_multi' with the following arguments: {'ament_cmake_args': None, 'build_base': '/home/jetson/yahboomcar_ros2_ws_new/yahboomcar_ws/build/yahboomcar_multi', 'catkin_cmake_args': None, 'catkin_skip_building_tests': False, 'cmake_args': None, 'cmake_clean_cache': False, 'cmake_clean_first': False, 'cmake_force_configure': False, 'cmake_target': None, 'cmake_target_skip_unavailable': False, 'install_base': '/home/jetson/yahboomcar_ros2_ws_new/yahboomcar_ws/install/yahboomcar_multi', 'merge_install': False, 'path': '/home/jetson/yahboomcar_ros2_ws_new/yahboomcar_ws/src/yahboomcar_multi', 'symlink_install': True, 'test_result_base': None}
[0.611s] colcon.colcon_core.verb Level 5 set package 'yahboomcar_nav' build argument 'cmake_args' from command line to 'None'
[0.611s] colcon.colcon_core.verb Level 5 set package 'yahboomcar_nav' build argument 'cmake_target' from command line to 'None'
[0.611s] colcon.colcon_core.verb Level 5 set package 'yahboomcar_nav' build argument 'cmake_target_skip_unavailable' from command line to 'False'
[0.611s] colcon.colcon_core.verb Level 5 set package 'yahboomcar_nav' build argument 'cmake_clean_cache' from command line to 'False'
[0.611s] colcon.colcon_core.verb Level 5 set package 'yahboomcar_nav' build argument 'cmake_clean_first' from command line to 'False'
[0.611s] colcon.colcon_core.verb Level 5 set package 'yahboomcar_nav' build argument 'cmake_force_configure' from command line to 'False'
[0.611s] colcon.colcon_core.verb Level 5 set package 'yahboomcar_nav' build argument 'ament_cmake_args' from command line to 'None'
[0.611s] colcon.colcon_core.verb Level 5 set package 'yahboomcar_nav' build argument 'catkin_cmake_args' from command line to 'None'
[0.611s] colcon.colcon_core.verb Level 5 set package 'yahboomcar_nav' build argument 'catkin_skip_building_tests' from command line to 'False'
[0.611s] colcon.colcon_core.verb DEBUG Building package 'yahboomcar_nav' with the following arguments: {'ament_cmake_args': None, 'build_base': '/home/jetson/yahboomcar_ros2_ws_new/yahboomcar_ws/build/yahboomcar_nav', 'catkin_cmake_args': None, 'catkin_skip_building_tests': False, 'cmake_args': None, 'cmake_clean_cache': False, 'cmake_clean_first': False, 'cmake_force_configure': False, 'cmake_target': None, 'cmake_target_skip_unavailable': False, 'install_base': '/home/jetson/yahboomcar_ros2_ws_new/yahboomcar_ws/install/yahboomcar_nav', 'merge_install': False, 'path': '/home/jetson/yahboomcar_ros2_ws_new/yahboomcar_ws/src/yahboomcar_nav', 'symlink_install': True, 'test_result_base': None}
[0.612s] colcon.colcon_core.verb Level 5 set package 'yahboomcar_rviz' build argument 'cmake_args' from command line to 'None'
[0.612s] colcon.colcon_core.verb Level 5 set package 'yahboomcar_rviz' build argument 'cmake_target' from command line to 'None'
[0.612s] colcon.colcon_core.verb Level 5 set package 'yahboomcar_rviz' build argument 'cmake_target_skip_unavailable' from command line to 'False'
[0.612s] colcon.colcon_core.verb Level 5 set package 'yahboomcar_rviz' build argument 'cmake_clean_cache' from command line to 'False'
[0.612s] colcon.colcon_core.verb Level 5 set package 'yahboomcar_rviz' build argument 'cmake_clean_first' from command line to 'False'
[0.612s] colcon.colcon_core.verb Level 5 set package 'yahboomcar_rviz' build argument 'cmake_force_configure' from command line to 'False'
[0.612s] colcon.colcon_core.verb Level 5 set package 'yahboomcar_rviz' build argument 'ament_cmake_args' from command line to 'None'
[0.612s] colcon.colcon_core.verb Level 5 set package 'yahboomcar_rviz' build argument 'catkin_cmake_args' from command line to 'None'
[0.612s] colcon.colcon_core.verb Level 5 set package 'yahboomcar_rviz' build argument 'catkin_skip_building_tests' from command line to 'False'
[0.612s] colcon.colcon_core.verb DEBUG Building package 'yahboomcar_rviz' with the following arguments: {'ament_cmake_args': None, 'build_base': '/home/jetson/yahboomcar_ros2_ws_new/yahboomcar_ws/build/yahboomcar_rviz', 'catkin_cmake_args': None, 'catkin_skip_building_tests': False, 'cmake_args': None, 'cmake_clean_cache': False, 'cmake_clean_first': False, 'cmake_force_configure': False, 'cmake_target': None, 'cmake_target_skip_unavailable': False, 'install_base': '/home/jetson/yahboomcar_ros2_ws_new/yahboomcar_ws/install/yahboomcar_rviz', 'merge_install': False, 'path': '/home/jetson/yahboomcar_ros2_ws_new/yahboomcar_ws/src/yahboomcar_rviz', 'symlink_install': True, 'test_result_base': None}
[0.613s] colcon.colcon_core.verb Level 5 set package 'yahboomcar_slam' build argument 'cmake_args' from command line to 'None'
[0.613s] colcon.colcon_core.verb Level 5 set package 'yahboomcar_slam' build argument 'cmake_target' from command line to 'None'
[0.613s] colcon.colcon_core.verb Level 5 set package 'yahboomcar_slam' build argument 'cmake_target_skip_unavailable' from command line to 'False'
[0.613s] colcon.colcon_core.verb Level 5 set package 'yahboomcar_slam' build argument 'cmake_clean_cache' from command line to 'False'
[0.613s] colcon.colcon_core.verb Level 5 set package 'yahboomcar_slam' build argument 'cmake_clean_first' from command line to 'False'
[0.613s] colcon.colcon_core.verb Level 5 set package 'yahboomcar_slam' build argument 'cmake_force_configure' from command line to 'False'
[0.613s] colcon.colcon_core.verb Level 5 set package 'yahboomcar_slam' build argument 'ament_cmake_args' from command line to 'None'
[0.613s] colcon.colcon_core.verb Level 5 set package 'yahboomcar_slam' build argument 'catkin_cmake_args' from command line to 'None'
[0.613s] colcon.colcon_core.verb Level 5 set package 'yahboomcar_slam' build argument 'catkin_skip_building_tests' from command line to 'False'
[0.613s] colcon.colcon_core.verb DEBUG Building package 'yahboomcar_slam' with the following arguments: {'ament_cmake_args': None, 'build_base': '/home/jetson/yahboomcar_ros2_ws_new/yahboomcar_ws/build/yahboomcar_slam', 'catkin_cmake_args': None, 'catkin_skip_building_tests': False, 'cmake_args': None, 'cmake_clean_cache': False, 'cmake_clean_first': False, 'cmake_force_configure': False, 'cmake_target': None, 'cmake_target_skip_unavailable': False, 'install_base': '/home/jetson/yahboomcar_ros2_ws_new/yahboomcar_ws/install/yahboomcar_slam', 'merge_install': False, 'path': '/home/jetson/yahboomcar_ros2_ws_new/yahboomcar_ws/src/yahboomcar_slam', 'symlink_install': True, 'test_result_base': None}
[0.614s] colcon.colcon_core.verb Level 5 set package 'yahboomcar_visual' build argument 'cmake_args' from command line to 'None'
[0.614s] colcon.colcon_core.verb Level 5 set package 'yahboomcar_visual' build argument 'cmake_target' from command line to 'None'
[0.614s] colcon.colcon_core.verb Level 5 set package 'yahboomcar_visual' build argument 'cmake_target_skip_unavailable' from command line to 'False'
[0.614s] colcon.colcon_core.verb Level 5 set package 'yahboomcar_visual' build argument 'cmake_clean_cache' from command line to 'False'
[0.614s] colcon.colcon_core.verb Level 5 set package 'yahboomcar_visual' build argument 'cmake_clean_first' from command line to 'False'
[0.614s] colcon.colcon_core.verb Level 5 set package 'yahboomcar_visual' build argument 'cmake_force_configure' from command line to 'False'
[0.614s] colcon.colcon_core.verb Level 5 set package 'yahboomcar_visual' build argument 'ament_cmake_args' from command line to 'None'
[0.614s] colcon.colcon_core.verb Level 5 set package 'yahboomcar_visual' build argument 'catkin_cmake_args' from command line to 'None'
[0.614s] colcon.colcon_core.verb Level 5 set package 'yahboomcar_visual' build argument 'catkin_skip_building_tests' from command line to 'False'
[0.614s] colcon.colcon_core.verb DEBUG Building package 'yahboomcar_visual' with the following arguments: {'ament_cmake_args': None, 'build_base': '/home/jetson/yahboomcar_ros2_ws_new/yahboomcar_ws/build/yahboomcar_visual', 'catkin_cmake_args': None, 'catkin_skip_building_tests': False, 'cmake_args': None, 'cmake_clean_cache': False, 'cmake_clean_first': False, 'cmake_force_configure': False, 'cmake_target': None, 'cmake_target_skip_unavailable': False, 'install_base': '/home/jetson/yahboomcar_ros2_ws_new/yahboomcar_ws/install/yahboomcar_visual', 'merge_install': False, 'path': '/home/jetson/yahboomcar_ros2_ws_new/yahboomcar_ws/src/yahboomcar_visual', 'symlink_install': True, 'test_result_base': None}
[0.615s] colcon.colcon_core.verb Level 5 set package 'yahboomcar_voice_ctrl' build argument 'cmake_args' from command line to 'None'
[0.615s] colcon.colcon_core.verb Level 5 set package 'yahboomcar_voice_ctrl' build argument 'cmake_target' from command line to 'None'
[0.615s] colcon.colcon_core.verb Level 5 set package 'yahboomcar_voice_ctrl' build argument 'cmake_target_skip_unavailable' from command line to 'False'
[0.615s] colcon.colcon_core.verb Level 5 set package 'yahboomcar_voice_ctrl' build argument 'cmake_clean_cache' from command line to 'False'
[0.615s] colcon.colcon_core.verb Level 5 set package 'yahboomcar_voice_ctrl' build argument 'cmake_clean_first' from command line to 'False'
[0.615s] colcon.colcon_core.verb Level 5 set package 'yahboomcar_voice_ctrl' build argument 'cmake_force_configure' from command line to 'False'
[0.615s] colcon.colcon_core.verb Level 5 set package 'yahboomcar_voice_ctrl' build argument 'ament_cmake_args' from command line to 'None'
[0.615s] colcon.colcon_core.verb Level 5 set package 'yahboomcar_voice_ctrl' build argument 'catkin_cmake_args' from command line to 'None'
[0.615s] colcon.colcon_core.verb Level 5 set package 'yahboomcar_voice_ctrl' build argument 'catkin_skip_building_tests' from command line to 'False'
[0.615s] colcon.colcon_core.verb DEBUG Building package 'yahboomcar_voice_ctrl' with the following arguments: {'ament_cmake_args': None, 'build_base': '/home/jetson/yahboomcar_ros2_ws_new/yahboomcar_ws/build/yahboomcar_voice_ctrl', 'catkin_cmake_args': None, 'catkin_skip_building_tests': False, 'cmake_args': None, 'cmake_clean_cache': False, 'cmake_clean_first': False, 'cmake_force_configure': False, 'cmake_target': None, 'cmake_target_skip_unavailable': False, 'install_base': '/home/jetson/yahboomcar_ros2_ws_new/yahboomcar_ws/install/yahboomcar_voice_ctrl', 'merge_install': False, 'path': '/home/jetson/yahboomcar_ros2_ws_new/yahboomcar_ws/src/yahboomcar_voice_ctrl', 'symlink_install': True, 'test_result_base': None}
[0.616s] colcon.colcon_core.verb Level 5 set package 'yahboomcar_point' build argument 'cmake_args' from command line to 'None'
[0.616s] colcon.colcon_core.verb Level 5 set package 'yahboomcar_point' build argument 'cmake_target' from command line to 'None'
[0.616s] colcon.colcon_core.verb Level 5 set package 'yahboomcar_point' build argument 'cmake_target_skip_unavailable' from command line to 'False'
[0.616s] colcon.colcon_core.verb Level 5 set package 'yahboomcar_point' build argument 'cmake_clean_cache' from command line to 'False'
[0.616s] colcon.colcon_core.verb Level 5 set package 'yahboomcar_point' build argument 'cmake_clean_first' from command line to 'False'
[0.616s] colcon.colcon_core.verb Level 5 set package 'yahboomcar_point' build argument 'cmake_force_configure' from command line to 'False'
[0.616s] colcon.colcon_core.verb Level 5 set package 'yahboomcar_point' build argument 'ament_cmake_args' from command line to 'None'
[0.616s] colcon.colcon_core.verb Level 5 set package 'yahboomcar_point' build argument 'catkin_cmake_args' from command line to 'None'
[0.616s] colcon.colcon_core.verb Level 5 set package 'yahboomcar_point' build argument 'catkin_skip_building_tests' from command line to 'False'
[0.616s] colcon.colcon_core.verb DEBUG Building package 'yahboomcar_point' with the following arguments: {'ament_cmake_args': None, 'build_base': '/home/jetson/yahboomcar_ros2_ws_new/yahboomcar_ws/build/yahboomcar_point', 'catkin_cmake_args': None, 'catkin_skip_building_tests': False, 'cmake_args': None, 'cmake_clean_cache': False, 'cmake_clean_first': False, 'cmake_force_configure': False, 'cmake_target': None, 'cmake_target_skip_unavailable': False, 'install_base': '/home/jetson/yahboomcar_ros2_ws_new/yahboomcar_ws/install/yahboomcar_point', 'merge_install': False, 'path': '/home/jetson/yahboomcar_ros2_ws_new/yahboomcar_ws/src/yahboomcar_point', 'symlink_install': True, 'test_result_base': None}
[0.617s] colcon.colcon_core.executor INFO Executing jobs using 'parallel' executor
[0.619s] colcon.colcon_parallel_executor.executor.parallel DEBUG run_until_complete
[0.620s] colcon.colcon_ros.task.ament_cmake.build INFO Building ROS package in '/home/jetson/yahboomcar_ros2_ws_new/yahboomcar_ws/src/yahboomcar_msgs' with build type 'ament_cmake'
[0.620s] colcon.colcon_cmake.task.cmake.build INFO Building CMake package in '/home/jetson/yahboomcar_ros2_ws_new/yahboomcar_ws/src/yahboomcar_msgs'
[0.625s] colcon.colcon_core.plugin_system INFO Skipping extension 'colcon_core.shell.bat': Not used on non-Windows systems
[0.625s] colcon.colcon_core.shell INFO Skip shell extension 'powershell' for command environment: Not usable outside of PowerShell
[0.625s] colcon.colcon_core.shell DEBUG Skip shell extension 'dsv' for command environment
[0.636s] colcon.colcon_ros.task.ament_python.build INFO Building ROS package in '/home/jetson/yahboomcar_ros2_ws_new/yahboomcar_ws/src/laserscan_to_point_pulisher' with build type 'ament_python'
[0.636s] colcon.colcon_core.shell Level 1 create_environment_hook('laserscan_to_point_pulisher', 'ament_prefix_path')
[0.637s] colcon.colcon_core.shell INFO Creating environment hook '/home/jetson/yahboomcar_ros2_ws_new/yahboomcar_ws/install/laserscan_to_point_pulisher/share/laserscan_to_point_pulisher/hook/ament_prefix_path.ps1'
[0.639s] colcon.colcon_core.shell INFO Creating environment descriptor '/home/jetson/yahboomcar_ros2_ws_new/yahboomcar_ws/install/laserscan_to_point_pulisher/share/laserscan_to_point_pulisher/hook/ament_prefix_path.dsv'
[0.639s] colcon.colcon_core.shell INFO Creating environment hook '/home/jetson/yahboomcar_ros2_ws_new/yahboomcar_ws/install/laserscan_to_point_pulisher/share/laserscan_to_point_pulisher/hook/ament_prefix_path.sh'
[0.641s] colcon.colcon_core.shell INFO Skip shell extension 'powershell' for command environment: Not usable outside of PowerShell
[0.641s] colcon.colcon_core.shell DEBUG Skip shell extension 'dsv' for command environment
[0.651s] colcon.colcon_ros.task.ament_cmake.build INFO Building ROS package in '/home/jetson/yahboomcar_ros2_ws_new/yahboomcar_ws/src/robot_pose_publisher_ros2' with build type 'ament_cmake'
[0.651s] colcon.colcon_cmake.task.cmake.build INFO Building CMake package in '/home/jetson/yahboomcar_ros2_ws_new/yahboomcar_ws/src/robot_pose_publisher_ros2'
[0.652s] colcon.colcon_core.shell INFO Skip shell extension 'powershell' for command environment: Not usable outside of PowerShell
[0.652s] colcon.colcon_core.shell DEBUG Skip shell extension 'dsv' for command environment
[0.661s] colcon.colcon_ros.task.ament_python.build INFO Building ROS package in '/home/jetson/yahboomcar_ros2_ws_new/yahboomcar_ws/src/yahboom_app_save_map' with build type 'ament_python'
[0.662s] colcon.colcon_core.shell Level 1 create_environment_hook('yahboom_app_save_map', 'ament_prefix_path')
[0.662s] colcon.colcon_core.shell INFO Creating environment hook '/home/jetson/yahboomcar_ros2_ws_new/yahboomcar_ws/install/yahboom_app_save_map/share/yahboom_app_save_map/hook/ament_prefix_path.ps1'
[0.664s] colcon.colcon_core.shell INFO Creating environment descriptor '/home/jetson/yahboomcar_ros2_ws_new/yahboomcar_ws/install/yahboom_app_save_map/share/yahboom_app_save_map/hook/ament_prefix_path.dsv'
[0.665s] colcon.colcon_core.shell INFO Creating environment hook '/home/jetson/yahboomcar_ros2_ws_new/yahboomcar_ws/install/yahboom_app_save_map/share/yahboom_app_save_map/hook/ament_prefix_path.sh'
[0.666s] colcon.colcon_core.shell INFO Skip shell extension 'powershell' for command environment: Not usable outside of PowerShell
[0.666s] colcon.colcon_core.shell DEBUG Skip shell extension 'dsv' for command environment
[0.675s] colcon.colcon_ros.task.ament_cmake.build INFO Building ROS package in '/home/jetson/yahboomcar_ros2_ws_new/yahboomcar_ws/src/yahboom_web_savmap_interfaces' with build type 'ament_cmake'
[0.676s] colcon.colcon_cmake.task.cmake.build INFO Building CMake package in '/home/jetson/yahboomcar_ros2_ws_new/yahboomcar_ws/src/yahboom_web_savmap_interfaces'
[0.676s] colcon.colcon_core.shell INFO Skip shell extension 'powershell' for command environment: Not usable outside of PowerShell
[0.676s] colcon.colcon_core.shell DEBUG Skip shell extension 'dsv' for command environment
[0.686s] colcon.colcon_ros.task.ament_cmake.build INFO Building ROS package in '/home/jetson/yahboomcar_ros2_ws_new/yahboomcar_ws/src/yahboomcar_KCFTracker' with build type 'ament_cmake'
[0.686s] colcon.colcon_cmake.task.cmake.build INFO Building CMake package in '/home/jetson/yahboomcar_ros2_ws_new/yahboomcar_ws/src/yahboomcar_KCFTracker'
[0.687s] colcon.colcon_core.shell INFO Skip shell extension 'powershell' for command environment: Not usable outside of PowerShell
[0.687s] colcon.colcon_core.shell DEBUG Skip shell extension 'dsv' for command environment
[0.704s] colcon.colcon_core.event_handler.log_command DEBUG Invoking command in '/home/jetson/yahboomcar_ros2_ws_new/yahboomcar_ws/build/yahboomcar_msgs': CMAKE_PREFIX_PATH=${CMAKE_PREFIX_PATH}:/opt/ros/humble /usr/bin/cmake /home/jetson/yahboomcar_ros2_ws_new/yahboomcar_ws/src/yahboomcar_msgs -DAMENT_CMAKE_SYMLINK_INSTALL=1 -DCMAKE_INSTALL_PREFIX=/home/jetson/yahboomcar_ros2_ws_new/yahboomcar_ws/install/yahboomcar_msgs
[1.236s] colcon.colcon_core.task.python.build INFO Building Python package in '/home/jetson/yahboomcar_ros2_ws_new/yahboomcar_ws/src/laserscan_to_point_pulisher'
[1.237s] colcon.colcon_core.shell INFO Skip shell extension 'powershell' for command environment: Not usable outside of PowerShell
[1.237s] colcon.colcon_core.shell DEBUG Skip shell extension 'dsv' for command environment
[1.253s] colcon.colcon_core.event_handler.log_command DEBUG Invoking command in '/home/jetson/yahboomcar_ros2_ws_new/yahboomcar_ws/build/robot_pose_publisher_ros2': CMAKE_PREFIX_PATH=${CMAKE_PREFIX_PATH}:/opt/ros/humble /usr/bin/cmake /home/jetson/yahboomcar_ros2_ws_new/yahboomcar_ws/src/robot_pose_publisher_ros2 -DAMENT_CMAKE_SYMLINK_INSTALL=1 -DCMAKE_INSTALL_PREFIX=/home/jetson/yahboomcar_ros2_ws_new/yahboomcar_ws/install/robot_pose_publisher_ros2
[1.815s] colcon.colcon_core.task.python.build INFO Building Python package in '/home/jetson/yahboomcar_ros2_ws_new/yahboomcar_ws/src/yahboom_app_save_map'
[1.816s] colcon.colcon_core.shell INFO Skip shell extension 'powershell' for command environment: Not usable outside of PowerShell
[1.816s] colcon.colcon_core.shell DEBUG Skip shell extension 'dsv' for command environment
[1.833s] colcon.colcon_core.event_handler.log_command DEBUG Invoking command in '/home/jetson/yahboomcar_ros2_ws_new/yahboomcar_ws/build/yahboom_web_savmap_interfaces': CMAKE_PREFIX_PATH=${CMAKE_PREFIX_PATH}:/opt/ros/humble /usr/bin/cmake /home/jetson/yahboomcar_ros2_ws_new/yahboomcar_ws/src/yahboom_web_savmap_interfaces -DAMENT_CMAKE_SYMLINK_INSTALL=1 -DCMAKE_INSTALL_PREFIX=/home/jetson/yahboomcar_ros2_ws_new/yahboomcar_ws/install/yahboom_web_savmap_interfaces
[1.842s] colcon.colcon_core.event_handler.log_command DEBUG Invoking command in '/home/jetson/yahboomcar_ros2_ws_new/yahboomcar_ws/build/yahboomcar_KCFTracker': CMAKE_PREFIX_PATH=${CMAKE_PREFIX_PATH}:/opt/ros/humble /usr/bin/cmake /home/jetson/yahboomcar_ros2_ws_new/yahboomcar_ws/src/yahboomcar_KCFTracker -DAMENT_CMAKE_SYMLINK_INSTALL=1 -DCMAKE_INSTALL_PREFIX=/home/jetson/yahboomcar_ros2_ws_new/yahboomcar_ws/install/yahboomcar_KCFTracker
[3.727s] colcon.colcon_core.event_handler.log_command DEBUG Invoking command in '/home/jetson/yahboomcar_ros2_ws_new/yahboomcar_ws/build/yahboom_app_save_map': PYTHONPATH=/home/jetson/yahboomcar_ros2_ws_new/yahboomcar_ws/build/yahboom_app_save_map/prefix_override:/usr/lib/python3/dist-packages/colcon_core/task/python/colcon_distutils_commands:/home/jetson/yahboomcar_ros2_ws_new/yahboomcar_ws/install/yahboom_app_save_map/lib/python3.10/site-packages:${PYTHONPATH} /usr/bin/python3 -W ignore:setup.py install is deprecated -W ignore:easy_install command is deprecated setup.py develop --editable --build-directory /home/jetson/yahboomcar_ros2_ws_new/yahboomcar_ws/build/yahboom_app_save_map/build --no-deps symlink_data
[3.801s] colcon.colcon_core.event_handler.log_command DEBUG Invoking command in '/home/jetson/yahboomcar_ros2_ws_new/yahboomcar_ws/build/laserscan_to_point_pulisher': PYTHONPATH=/home/jetson/yahboomcar_ros2_ws_new/yahboomcar_ws/build/laserscan_to_point_pulisher/prefix_override:/usr/lib/python3/dist-packages/colcon_core/task/python/colcon_distutils_commands:/home/jetson/yahboomcar_ros2_ws_new/yahboomcar_ws/install/laserscan_to_point_pulisher/lib/python3.10/site-packages:${PYTHONPATH} /usr/bin/python3 -W ignore:setup.py install is deprecated -W ignore:easy_install command is deprecated setup.py develop --editable --build-directory /home/jetson/yahboomcar_ros2_ws_new/yahboomcar_ws/build/laserscan_to_point_pulisher/build --no-deps symlink_data
[5.737s] colcon.colcon_core.shell Level 1 create_environment_hook('yahboom_app_save_map', 'pythonpath_develop')
[5.738s] colcon.colcon_core.shell INFO Creating environment hook '/home/jetson/yahboomcar_ros2_ws_new/yahboomcar_ws/build/yahboom_app_save_map/share/yahboom_app_save_map/hook/pythonpath_develop.ps1'
[5.740s] colcon.colcon_core.shell INFO Creating environment descriptor '/home/jetson/yahboomcar_ros2_ws_new/yahboomcar_ws/build/yahboom_app_save_map/share/yahboom_app_save_map/hook/pythonpath_develop.dsv'
[5.741s] colcon.colcon_core.event_handler.log_command DEBUG Invoked command in '/home/jetson/yahboomcar_ros2_ws_new/yahboomcar_ws/build/yahboom_app_save_map' returned '0': PYTHONPATH=/home/jetson/yahboomcar_ros2_ws_new/yahboomcar_ws/build/yahboom_app_save_map/prefix_override:/usr/lib/python3/dist-packages/colcon_core/task/python/colcon_distutils_commands:/home/jetson/yahboomcar_ros2_ws_new/yahboomcar_ws/install/yahboom_app_save_map/lib/python3.10/site-packages:${PYTHONPATH} /usr/bin/python3 -W ignore:setup.py install is deprecated -W ignore:easy_install command is deprecated setup.py develop --editable --build-directory /home/jetson/yahboomcar_ros2_ws_new/yahboomcar_ws/build/yahboom_app_save_map/build --no-deps symlink_data
[5.742s] colcon.colcon_core.shell INFO Creating environment hook '/home/jetson/yahboomcar_ros2_ws_new/yahboomcar_ws/build/yahboom_app_save_map/share/yahboom_app_save_map/hook/pythonpath_develop.sh'
[5.747s] colcon.colcon_core.environment Level 1 checking '/home/jetson/yahboomcar_ros2_ws_new/yahboomcar_ws/install/yahboom_app_save_map' for CMake module files
[5.748s] colcon.colcon_core.environment Level 1 checking '/home/jetson/yahboomcar_ros2_ws_new/yahboomcar_ws/install/yahboom_app_save_map' for CMake config files
[5.750s] colcon.colcon_core.environment Level 1 checking '/home/jetson/yahboomcar_ros2_ws_new/yahboomcar_ws/install/yahboom_app_save_map/lib'
[5.750s] colcon.colcon_core.environment Level 1 checking '/home/jetson/yahboomcar_ros2_ws_new/yahboomcar_ws/install/yahboom_app_save_map/bin'
[5.750s] colcon.colcon_core.environment Level 1 checking '/home/jetson/yahboomcar_ros2_ws_new/yahboomcar_ws/install/yahboom_app_save_map/lib/pkgconfig/yahboom_app_save_map.pc'
[5.751s] colcon.colcon_core.environment Level 1 checking '/home/jetson/yahboomcar_ros2_ws_new/yahboomcar_ws/install/yahboom_app_save_map/lib/python3.10/site-packages'
[5.751s] colcon.colcon_core.shell Level 1 create_environment_hook('yahboom_app_save_map', 'pythonpath')
[5.751s] colcon.colcon_core.shell INFO Creating environment hook '/home/jetson/yahboomcar_ros2_ws_new/yahboomcar_ws/install/yahboom_app_save_map/share/yahboom_app_save_map/hook/pythonpath.ps1'
[5.753s] colcon.colcon_core.shell INFO Creating environment descriptor '/home/jetson/yahboomcar_ros2_ws_new/yahboomcar_ws/install/yahboom_app_save_map/share/yahboom_app_save_map/hook/pythonpath.dsv'
[5.753s] colcon.colcon_core.shell INFO Creating environment hook '/home/jetson/yahboomcar_ros2_ws_new/yahboomcar_ws/install/yahboom_app_save_map/share/yahboom_app_save_map/hook/pythonpath.sh'
[5.754s] colcon.colcon_core.environment Level 1 checking '/home/jetson/yahboomcar_ros2_ws_new/yahboomcar_ws/install/yahboom_app_save_map/bin'
[5.755s] colcon.colcon_core.environment Level 1 create_environment_scripts_only(yahboom_app_save_map)
[5.756s] colcon.colcon_core.shell INFO Creating package script '/home/jetson/yahboomcar_ros2_ws_new/yahboomcar_ws/install/yahboom_app_save_map/share/yahboom_app_save_map/package.ps1'
[5.757s] colcon.colcon_core.shell INFO Creating package descriptor '/home/jetson/yahboomcar_ros2_ws_new/yahboomcar_ws/install/yahboom_app_save_map/share/yahboom_app_save_map/package.dsv'
[5.759s] colcon.colcon_core.shell INFO Creating package script '/home/jetson/yahboomcar_ros2_ws_new/yahboomcar_ws/install/yahboom_app_save_map/share/yahboom_app_save_map/package.sh'
[5.760s] colcon.colcon_core.shell INFO Creating package script '/home/jetson/yahboomcar_ros2_ws_new/yahboomcar_ws/install/yahboom_app_save_map/share/yahboom_app_save_map/package.bash'
[5.763s] colcon.colcon_core.shell INFO Creating package script '/home/jetson/yahboomcar_ros2_ws_new/yahboomcar_ws/install/yahboom_app_save_map/share/yahboom_app_save_map/package.zsh'
[5.764s] colcon.colcon_core.environment Level 1 create_file_with_runtime_dependencies(/home/jetson/yahboomcar_ros2_ws_new/yahboomcar_ws/install/yahboom_app_save_map/share/colcon-core/packages/yahboom_app_save_map)
[5.767s] colcon.colcon_ros.task.ament_python.build INFO Building ROS package in '/home/jetson/yahboomcar_ros2_ws_new/yahboomcar_ws/src/yahboomcar_astra' with build type 'ament_python'
[5.767s] colcon.colcon_core.shell Level 1 create_environment_hook('yahboomcar_astra', 'ament_prefix_path')
[5.768s] colcon.colcon_core.shell INFO Creating environment hook '/home/jetson/yahboomcar_ros2_ws_new/yahboomcar_ws/install/yahboomcar_astra/share/yahboomcar_astra/hook/ament_prefix_path.ps1'
[5.770s] colcon.colcon_core.shell INFO Creating environment descriptor '/home/jetson/yahboomcar_ros2_ws_new/yahboomcar_ws/install/yahboomcar_astra/share/yahboomcar_astra/hook/ament_prefix_path.dsv'
[5.770s] colcon.colcon_core.shell INFO Creating environment hook '/home/jetson/yahboomcar_ros2_ws_new/yahboomcar_ws/install/yahboomcar_astra/share/yahboomcar_astra/hook/ament_prefix_path.sh'
[5.772s] colcon.colcon_core.shell INFO Skip shell extension 'powershell' for command environment: Not usable outside of PowerShell
[5.772s] colcon.colcon_core.shell DEBUG Skip shell extension 'dsv' for command environment
[6.360s] colcon.colcon_core.task.python.build INFO Building Python package in '/home/jetson/yahboomcar_ros2_ws_new/yahboomcar_ws/src/yahboomcar_astra'
[6.361s] colcon.colcon_core.shell INFO Skip shell extension 'powershell' for command environment: Not usable outside of PowerShell
[6.361s] colcon.colcon_core.shell DEBUG Skip shell extension 'dsv' for command environment
[6.377s] colcon.colcon_core.shell Level 1 create_environment_hook('laserscan_to_point_pulisher', 'pythonpath_develop')
[6.378s] colcon.colcon_core.shell INFO Creating environment hook '/home/jetson/yahboomcar_ros2_ws_new/yahboomcar_ws/build/laserscan_to_point_pulisher/share/laserscan_to_point_pulisher/hook/pythonpath_develop.ps1'
[6.380s] colcon.colcon_core.shell INFO Creating environment descriptor '/home/jetson/yahboomcar_ros2_ws_new/yahboomcar_ws/build/laserscan_to_point_pulisher/share/laserscan_to_point_pulisher/hook/pythonpath_develop.dsv'
[6.381s] colcon.colcon_core.shell INFO Creating environment hook '/home/jetson/yahboomcar_ros2_ws_new/yahboomcar_ws/build/laserscan_to_point_pulisher/share/laserscan_to_point_pulisher/hook/pythonpath_develop.sh'
[6.382s] colcon.colcon_core.event_handler.log_command DEBUG Invoked command in '/home/jetson/yahboomcar_ros2_ws_new/yahboomcar_ws/build/laserscan_to_point_pulisher' returned '0': PYTHONPATH=/home/jetson/yahboomcar_ros2_ws_new/yahboomcar_ws/build/laserscan_to_point_pulisher/prefix_override:/usr/lib/python3/dist-packages/colcon_core/task/python/colcon_distutils_commands:/home/jetson/yahboomcar_ros2_ws_new/yahboomcar_ws/install/laserscan_to_point_pulisher/lib/python3.10/site-packages:${PYTHONPATH} /usr/bin/python3 -W ignore:setup.py install is deprecated -W ignore:easy_install command is deprecated setup.py develop --editable --build-directory /home/jetson/yahboomcar_ros2_ws_new/yahboomcar_ws/build/laserscan_to_point_pulisher/build --no-deps symlink_data
[6.383s] colcon.colcon_core.environment Level 1 checking '/home/jetson/yahboomcar_ros2_ws_new/yahboomcar_ws/install/laserscan_to_point_pulisher' for CMake module files
[6.384s] colcon.colcon_core.environment Level 1 checking '/home/jetson/yahboomcar_ros2_ws_new/yahboomcar_ws/install/laserscan_to_point_pulisher' for CMake config files
[6.385s] colcon.colcon_core.environment Level 1 checking '/home/jetson/yahboomcar_ros2_ws_new/yahboomcar_ws/install/laserscan_to_point_pulisher/lib'
[6.385s] colcon.colcon_core.environment Level 1 checking '/home/jetson/yahboomcar_ros2_ws_new/yahboomcar_ws/install/laserscan_to_point_pulisher/bin'
[6.385s] colcon.colcon_core.environment Level 1 checking '/home/jetson/yahboomcar_ros2_ws_new/yahboomcar_ws/install/laserscan_to_point_pulisher/lib/pkgconfig/laserscan_to_point_pulisher.pc'
[6.386s] colcon.colcon_core.environment Level 1 checking '/home/jetson/yahboomcar_ros2_ws_new/yahboomcar_ws/install/laserscan_to_point_pulisher/lib/python3.10/site-packages'
[6.386s] colcon.colcon_core.shell Level 1 create_environment_hook('laserscan_to_point_pulisher', 'pythonpath')
[6.386s] colcon.colcon_core.shell INFO Creating environment hook '/home/jetson/yahboomcar_ros2_ws_new/yahboomcar_ws/install/laserscan_to_point_pulisher/share/laserscan_to_point_pulisher/hook/pythonpath.ps1'
[6.387s] colcon.colcon_core.shell INFO Creating environment descriptor '/home/jetson/yahboomcar_ros2_ws_new/yahboomcar_ws/install/laserscan_to_point_pulisher/share/laserscan_to_point_pulisher/hook/pythonpath.dsv'
[6.388s] colcon.colcon_core.shell INFO Creating environment hook '/home/jetson/yahboomcar_ros2_ws_new/yahboomcar_ws/install/laserscan_to_point_pulisher/share/laserscan_to_point_pulisher/hook/pythonpath.sh'
[6.388s] colcon.colcon_core.environment Level 1 checking '/home/jetson/yahboomcar_ros2_ws_new/yahboomcar_ws/install/laserscan_to_point_pulisher/bin'
[6.389s] colcon.colcon_core.environment Level 1 create_environment_scripts_only(laserscan_to_point_pulisher)
[6.389s] colcon.colcon_core.shell INFO Creating package script '/home/jetson/yahboomcar_ros2_ws_new/yahboomcar_ws/install/laserscan_to_point_pulisher/share/laserscan_to_point_pulisher/package.ps1'
[6.390s] colcon.colcon_core.shell INFO Creating package descriptor '/home/jetson/yahboomcar_ros2_ws_new/yahboomcar_ws/install/laserscan_to_point_pulisher/share/laserscan_to_point_pulisher/package.dsv'
[6.391s] colcon.colcon_core.shell INFO Creating package script '/home/jetson/yahboomcar_ros2_ws_new/yahboomcar_ws/install/laserscan_to_point_pulisher/share/laserscan_to_point_pulisher/package.sh'
[6.392s] colcon.colcon_core.shell INFO Creating package script '/home/jetson/yahboomcar_ros2_ws_new/yahboomcar_ws/install/laserscan_to_point_pulisher/share/laserscan_to_point_pulisher/package.bash'
[6.393s] colcon.colcon_core.shell INFO Creating package script '/home/jetson/yahboomcar_ros2_ws_new/yahboomcar_ws/install/laserscan_to_point_pulisher/share/laserscan_to_point_pulisher/package.zsh'
[6.393s] colcon.colcon_core.environment Level 1 create_file_with_runtime_dependencies(/home/jetson/yahboomcar_ros2_ws_new/yahboomcar_ws/install/laserscan_to_point_pulisher/share/colcon-core/packages/laserscan_to_point_pulisher)
[6.399s] colcon.colcon_core.event_handler.log_command DEBUG Invoked command in '/home/jetson/yahboomcar_ros2_ws_new/yahboomcar_ws/build/robot_pose_publisher_ros2' returned '0': CMAKE_PREFIX_PATH=${CMAKE_PREFIX_PATH}:/opt/ros/humble /usr/bin/cmake /home/jetson/yahboomcar_ros2_ws_new/yahboomcar_ws/src/robot_pose_publisher_ros2 -DAMENT_CMAKE_SYMLINK_INSTALL=1 -DCMAKE_INSTALL_PREFIX=/home/jetson/yahboomcar_ros2_ws_new/yahboomcar_ws/install/robot_pose_publisher_ros2
[6.399s] colcon.colcon_core.event_handler.log_command DEBUG Invoking command in '/home/jetson/yahboomcar_ros2_ws_new/yahboomcar_ws/build/robot_pose_publisher_ros2': CMAKE_PREFIX_PATH=${CMAKE_PREFIX_PATH}:/opt/ros/humble /usr/bin/cmake --build /home/jetson/yahboomcar_ros2_ws_new/yahboomcar_ws/build/robot_pose_publisher_ros2 -- -j6 -l6
[6.402s] colcon.colcon_core.event_handler.log_command DEBUG Invoked command in '/home/jetson/yahboomcar_ros2_ws_new/yahboomcar_ws/build/yahboomcar_KCFTracker' returned '0': CMAKE_PREFIX_PATH=${CMAKE_PREFIX_PATH}:/opt/ros/humble /usr/bin/cmake /home/jetson/yahboomcar_ros2_ws_new/yahboomcar_ws/src/yahboomcar_KCFTracker -DAMENT_CMAKE_SYMLINK_INSTALL=1 -DCMAKE_INSTALL_PREFIX=/home/jetson/yahboomcar_ros2_ws_new/yahboomcar_ws/install/yahboomcar_KCFTracker
[6.403s] colcon.colcon_core.event_handler.log_command DEBUG Invoking command in '/home/jetson/yahboomcar_ros2_ws_new/yahboomcar_ws/build/yahboomcar_KCFTracker': CMAKE_PREFIX_PATH=${CMAKE_PREFIX_PATH}:/opt/ros/humble /usr/bin/cmake --build /home/jetson/yahboomcar_ros2_ws_new/yahboomcar_ws/build/yahboomcar_KCFTracker -- -j6 -l6
[6.404s] colcon.colcon_ros.task.ament_cmake.build INFO Building ROS package in '/home/jetson/yahboomcar_ros2_ws_new/yahboomcar_ws/src/yahboomcar_base_node' with build type 'ament_cmake'
[6.404s] colcon.colcon_cmake.task.cmake.build INFO Building CMake package in '/home/jetson/yahboomcar_ros2_ws_new/yahboomcar_ws/src/yahboomcar_base_node'
[6.405s] colcon.colcon_core.shell INFO Skip shell extension 'powershell' for command environment: Not usable outside of PowerShell
[6.405s] colcon.colcon_core.shell DEBUG Skip shell extension 'dsv' for command environment
[6.449s] colcon.colcon_core.event_handler.log_command DEBUG Invoking command in '/home/jetson/yahboomcar_ros2_ws_new/yahboomcar_ws/build/yahboomcar_base_node': CMAKE_PREFIX_PATH=${CMAKE_PREFIX_PATH}:/opt/ros/humble /usr/bin/cmake /home/jetson/yahboomcar_ros2_ws_new/yahboomcar_ws/src/yahboomcar_base_node -DAMENT_CMAKE_SYMLINK_INSTALL=1 -DCMAKE_INSTALL_PREFIX=/home/jetson/yahboomcar_ros2_ws_new/yahboomcar_ws/install/yahboomcar_base_node
[7.362s] colcon.colcon_core.event_handler.log_command DEBUG Invoked command in '/home/jetson/yahboomcar_ros2_ws_new/yahboomcar_ws/build/yahboomcar_msgs' returned '0': CMAKE_PREFIX_PATH=${CMAKE_PREFIX_PATH}:/opt/ros/humble /usr/bin/cmake /home/jetson/yahboomcar_ros2_ws_new/yahboomcar_ws/src/yahboomcar_msgs -DAMENT_CMAKE_SYMLINK_INSTALL=1 -DCMAKE_INSTALL_PREFIX=/home/jetson/yahboomcar_ros2_ws_new/yahboomcar_ws/install/yahboomcar_msgs
[7.363s] colcon.colcon_core.event_handler.log_command DEBUG Invoking command in '/home/jetson/yahboomcar_ros2_ws_new/yahboomcar_ws/build/yahboomcar_msgs': CMAKE_PREFIX_PATH=${CMAKE_PREFIX_PATH}:/opt/ros/humble /usr/bin/cmake --build /home/jetson/yahboomcar_ros2_ws_new/yahboomcar_ws/build/yahboomcar_msgs -- -j6 -l6
[8.081s] colcon.colcon_core.event_handler.log_command DEBUG Invoked command in '/home/jetson/yahboomcar_ros2_ws_new/yahboomcar_ws/build/yahboom_web_savmap_interfaces' returned '0': CMAKE_PREFIX_PATH=${CMAKE_PREFIX_PATH}:/opt/ros/humble /usr/bin/cmake /home/jetson/yahboomcar_ros2_ws_new/yahboomcar_ws/src/yahboom_web_savmap_interfaces -DAMENT_CMAKE_SYMLINK_INSTALL=1 -DCMAKE_INSTALL_PREFIX=/home/jetson/yahboomcar_ros2_ws_new/yahboomcar_ws/install/yahboom_web_savmap_interfaces
[8.082s] colcon.colcon_core.event_handler.log_command DEBUG Invoking command in '/home/jetson/yahboomcar_ros2_ws_new/yahboomcar_ws/build/yahboom_web_savmap_interfaces': CMAKE_PREFIX_PATH=${CMAKE_PREFIX_PATH}:/opt/ros/humble /usr/bin/cmake --build /home/jetson/yahboomcar_ros2_ws_new/yahboomcar_ws/build/yahboom_web_savmap_interfaces -- -j6 -l6
[8.937s] colcon.colcon_core.event_handler.log_command DEBUG Invoking command in '/home/jetson/yahboomcar_ros2_ws_new/yahboomcar_ws/build/yahboomcar_astra': PYTHONPATH=/home/jetson/yahboomcar_ros2_ws_new/yahboomcar_ws/build/yahboomcar_astra/prefix_override:/usr/lib/python3/dist-packages/colcon_core/task/python/colcon_distutils_commands:/home/jetson/yahboomcar_ros2_ws_new/yahboomcar_ws/install/yahboomcar_astra/lib/python3.10/site-packages:${PYTHONPATH} /usr/bin/python3 -W ignore:setup.py install is deprecated -W ignore:easy_install command is deprecated setup.py develop --editable --build-directory /home/jetson/yahboomcar_ros2_ws_new/yahboomcar_ws/build/yahboomcar_astra/build --no-deps symlink_data
[16.470s] colcon.colcon_core.shell Level 1 create_environment_hook('yahboomcar_astra', 'pythonpath_develop')
[16.471s] colcon.colcon_core.shell INFO Creating environment hook '/home/jetson/yahboomcar_ros2_ws_new/yahboomcar_ws/build/yahboomcar_astra/share/yahboomcar_astra/hook/pythonpath_develop.ps1'
[16.472s] colcon.colcon_core.shell INFO Creating environment descriptor '/home/jetson/yahboomcar_ros2_ws_new/yahboomcar_ws/build/yahboomcar_astra/share/yahboomcar_astra/hook/pythonpath_develop.dsv'
[16.473s] colcon.colcon_core.shell INFO Creating environment hook '/home/jetson/yahboomcar_ros2_ws_new/yahboomcar_ws/build/yahboomcar_astra/share/yahboomcar_astra/hook/pythonpath_develop.sh'
[16.474s] colcon.colcon_core.environment Level 1 checking '/home/jetson/yahboomcar_ros2_ws_new/yahboomcar_ws/install/yahboomcar_astra' for CMake module files
[16.476s] colcon.colcon_core.event_handler.log_command DEBUG Invoked command in '/home/jetson/yahboomcar_ros2_ws_new/yahboomcar_ws/build/yahboomcar_astra' returned '0': PYTHONPATH=/home/jetson/yahboomcar_ros2_ws_new/yahboomcar_ws/build/yahboomcar_astra/prefix_override:/usr/lib/python3/dist-packages/colcon_core/task/python/colcon_distutils_commands:/home/jetson/yahboomcar_ros2_ws_new/yahboomcar_ws/install/yahboomcar_astra/lib/python3.10/site-packages:${PYTHONPATH} /usr/bin/python3 -W ignore:setup.py install is deprecated -W ignore:easy_install command is deprecated setup.py develop --editable --build-directory /home/jetson/yahboomcar_ros2_ws_new/yahboomcar_ws/build/yahboomcar_astra/build --no-deps symlink_data
[16.476s] colcon.colcon_core.environment Level 1 checking '/home/jetson/yahboomcar_ros2_ws_new/yahboomcar_ws/install/yahboomcar_astra' for CMake config files
[16.477s] colcon.colcon_core.environment Level 1 checking '/home/jetson/yahboomcar_ros2_ws_new/yahboomcar_ws/install/yahboomcar_astra/lib'
[16.478s] colcon.colcon_core.environment Level 1 checking '/home/jetson/yahboomcar_ros2_ws_new/yahboomcar_ws/install/yahboomcar_astra/bin'
[16.478s] colcon.colcon_core.environment Level 1 checking '/home/jetson/yahboomcar_ros2_ws_new/yahboomcar_ws/install/yahboomcar_astra/lib/pkgconfig/yahboomcar_astra.pc'
[16.478s] colcon.colcon_core.environment Level 1 checking '/home/jetson/yahboomcar_ros2_ws_new/yahboomcar_ws/install/yahboomcar_astra/lib/python3.10/site-packages'
[16.478s] colcon.colcon_core.shell Level 1 create_environment_hook('yahboomcar_astra', 'pythonpath')
[16.479s] colcon.colcon_core.shell INFO Creating environment hook '/home/jetson/yahboomcar_ros2_ws_new/yahboomcar_ws/install/yahboomcar_astra/share/yahboomcar_astra/hook/pythonpath.ps1'
[16.480s] colcon.colcon_core.shell INFO Creating environment descriptor '/home/jetson/yahboomcar_ros2_ws_new/yahboomcar_ws/install/yahboomcar_astra/share/yahboomcar_astra/hook/pythonpath.dsv'
[16.481s] colcon.colcon_core.shell INFO Creating environment hook '/home/jetson/yahboomcar_ros2_ws_new/yahboomcar_ws/install/yahboomcar_astra/share/yahboomcar_astra/hook/pythonpath.sh'
[16.482s] colcon.colcon_core.environment Level 1 checking '/home/jetson/yahboomcar_ros2_ws_new/yahboomcar_ws/install/yahboomcar_astra/bin'
[16.482s] colcon.colcon_core.environment Level 1 create_environment_scripts_only(yahboomcar_astra)
[16.485s] colcon.colcon_core.shell INFO Creating package script '/home/jetson/yahboomcar_ros2_ws_new/yahboomcar_ws/install/yahboomcar_astra/share/yahboomcar_astra/package.ps1'
[16.488s] colcon.colcon_core.shell INFO Creating package descriptor '/home/jetson/yahboomcar_ros2_ws_new/yahboomcar_ws/install/yahboomcar_astra/share/yahboomcar_astra/package.dsv'
[16.489s] colcon.colcon_core.shell INFO Creating package script '/home/jetson/yahboomcar_ros2_ws_new/yahboomcar_ws/install/yahboomcar_astra/share/yahboomcar_astra/package.sh'
[16.490s] colcon.colcon_core.shell INFO Creating package script '/home/jetson/yahboomcar_ros2_ws_new/yahboomcar_ws/install/yahboomcar_astra/share/yahboomcar_astra/package.bash'
[16.490s] colcon.colcon_core.shell INFO Creating package script '/home/jetson/yahboomcar_ros2_ws_new/yahboomcar_ws/install/yahboomcar_astra/share/yahboomcar_astra/package.zsh'
[16.491s] colcon.colcon_core.environment Level 1 create_file_with_runtime_dependencies(/home/jetson/yahboomcar_ros2_ws_new/yahboomcar_ws/install/yahboomcar_astra/share/colcon-core/packages/yahboomcar_astra)
[16.504s] colcon.colcon_ros.task.ament_python.build INFO Building ROS package in '/home/jetson/yahboomcar_ros2_ws_new/yahboomcar_ws/src/yahboomcar_bringup' with build type 'ament_python'
[16.505s] colcon.colcon_core.shell Level 1 create_environment_hook('yahboomcar_bringup', 'ament_prefix_path')
[16.506s] colcon.colcon_core.shell INFO Creating environment hook '/home/jetson/yahboomcar_ros2_ws_new/yahboomcar_ws/install/yahboomcar_bringup/share/yahboomcar_bringup/hook/ament_prefix_path.ps1'
[16.507s] colcon.colcon_core.shell INFO Creating environment descriptor '/home/jetson/yahboomcar_ros2_ws_new/yahboomcar_ws/install/yahboomcar_bringup/share/yahboomcar_bringup/hook/ament_prefix_path.dsv'
[16.508s] colcon.colcon_core.shell INFO Creating environment hook '/home/jetson/yahboomcar_ros2_ws_new/yahboomcar_ws/install/yahboomcar_bringup/share/yahboomcar_bringup/hook/ament_prefix_path.sh'
[16.510s] colcon.colcon_core.shell INFO Skip shell extension 'powershell' for command environment: Not usable outside of PowerShell
[16.510s] colcon.colcon_core.shell DEBUG Skip shell extension 'dsv' for command environment
[18.440s] colcon.colcon_core.task.python.build INFO Building Python package in '/home/jetson/yahboomcar_ros2_ws_new/yahboomcar_ws/src/yahboomcar_bringup'
[18.441s] colcon.colcon_core.shell INFO Skip shell extension 'powershell' for command environment: Not usable outside of PowerShell
[18.442s] colcon.colcon_core.shell DEBUG Skip shell extension 'dsv' for command environment
[18.557s] colcon.colcon_core.event_handler.log_command DEBUG Invoked command in '/home/jetson/yahboomcar_ros2_ws_new/yahboomcar_ws/build/yahboomcar_base_node' returned '0': CMAKE_PREFIX_PATH=${CMAKE_PREFIX_PATH}:/opt/ros/humble /usr/bin/cmake /home/jetson/yahboomcar_ros2_ws_new/yahboomcar_ws/src/yahboomcar_base_node -DAMENT_CMAKE_SYMLINK_INSTALL=1 -DCMAKE_INSTALL_PREFIX=/home/jetson/yahboomcar_ros2_ws_new/yahboomcar_ws/install/yahboomcar_base_node
[18.560s] colcon.colcon_core.event_handler.log_command DEBUG Invoking command in '/home/jetson/yahboomcar_ros2_ws_new/yahboomcar_ws/build/yahboomcar_base_node': CMAKE_PREFIX_PATH=${CMAKE_PREFIX_PATH}:/opt/ros/humble /usr/bin/cmake --build /home/jetson/yahboomcar_ros2_ws_new/yahboomcar_ws/build/yahboomcar_base_node -- -j6 -l6
[22.177s] colcon.colcon_core.event_handler.log_command DEBUG Invoked command in '/home/jetson/yahboomcar_ros2_ws_new/yahboomcar_ws/build/yahboom_web_savmap_interfaces' returned '0': CMAKE_PREFIX_PATH=${CMAKE_PREFIX_PATH}:/opt/ros/humble /usr/bin/cmake --build /home/jetson/yahboomcar_ros2_ws_new/yahboomcar_ws/build/yahboom_web_savmap_interfaces -- -j6 -l6
[22.243s] colcon.colcon_core.event_handler.log_command DEBUG Invoking command in '/home/jetson/yahboomcar_ros2_ws_new/yahboomcar_ws/build/yahboom_web_savmap_interfaces': CMAKE_PREFIX_PATH=${CMAKE_PREFIX_PATH}:/opt/ros/humble /usr/bin/cmake --install /home/jetson/yahboomcar_ros2_ws_new/yahboomcar_ws/build/yahboom_web_savmap_interfaces
[23.184s] colcon.colcon_core.event_handler.log_command DEBUG Invoking command in '/home/jetson/yahboomcar_ros2_ws_new/yahboomcar_ws/build/yahboomcar_bringup': PYTHONPATH=/home/jetson/yahboomcar_ros2_ws_new/yahboomcar_ws/build/yahboomcar_bringup/prefix_override:/usr/lib/python3/dist-packages/colcon_core/task/python/colcon_distutils_commands:/home/jetson/yahboomcar_ros2_ws_new/yahboomcar_ws/install/yahboomcar_bringup/lib/python3.10/site-packages:${PYTHONPATH} /usr/bin/python3 -W ignore:setup.py install is deprecated -W ignore:easy_install command is deprecated setup.py develop --editable --build-directory /home/jetson/yahboomcar_ros2_ws_new/yahboomcar_ws/build/yahboomcar_bringup/build --no-deps symlink_data
[25.847s] colcon.colcon_core.environment Level 1 create_environment_scripts_only(yahboom_web_savmap_interfaces)
[25.848s] colcon.colcon_core.environment Level 1 checking '/home/jetson/yahboomcar_ros2_ws_new/yahboomcar_ws/install/yahboom_web_savmap_interfaces' for CMake module files
[25.849s] colcon.colcon_core.environment Level 1 checking '/home/jetson/yahboomcar_ros2_ws_new/yahboomcar_ws/install/yahboom_web_savmap_interfaces' for CMake config files
[25.850s] colcon.colcon_core.shell Level 1 create_environment_hook('yahboom_web_savmap_interfaces', 'cmake_prefix_path')
[25.851s] colcon.colcon_core.shell INFO Creating environment hook '/home/jetson/yahboomcar_ros2_ws_new/yahboomcar_ws/install/yahboom_web_savmap_interfaces/share/yahboom_web_savmap_interfaces/hook/cmake_prefix_path.ps1'
[25.852s] colcon.colcon_core.shell INFO Creating environment descriptor '/home/jetson/yahboomcar_ros2_ws_new/yahboomcar_ws/install/yahboom_web_savmap_interfaces/share/yahboom_web_savmap_interfaces/hook/cmake_prefix_path.dsv'
[25.853s] colcon.colcon_core.shell INFO Creating environment hook '/home/jetson/yahboomcar_ros2_ws_new/yahboomcar_ws/install/yahboom_web_savmap_interfaces/share/yahboom_web_savmap_interfaces/hook/cmake_prefix_path.sh'
[25.854s] colcon.colcon_core.environment Level 1 checking '/home/jetson/yahboomcar_ros2_ws_new/yahboomcar_ws/install/yahboom_web_savmap_interfaces/lib'
[25.855s] colcon.colcon_core.event_handler.log_command DEBUG Invoked command in '/home/jetson/yahboomcar_ros2_ws_new/yahboomcar_ws/build/yahboom_web_savmap_interfaces' returned '0': CMAKE_PREFIX_PATH=${CMAKE_PREFIX_PATH}:/opt/ros/humble /usr/bin/cmake --install /home/jetson/yahboomcar_ros2_ws_new/yahboomcar_ws/build/yahboom_web_savmap_interfaces
[25.856s] colcon.colcon_core.shell Level 1 create_environment_hook('yahboom_web_savmap_interfaces', 'ld_library_path_lib')
[25.856s] colcon.colcon_core.shell INFO Creating environment hook '/home/jetson/yahboomcar_ros2_ws_new/yahboomcar_ws/install/yahboom_web_savmap_interfaces/share/yahboom_web_savmap_interfaces/hook/ld_library_path_lib.ps1'
[25.857s] colcon.colcon_core.shell INFO Creating environment descriptor '/home/jetson/yahboomcar_ros2_ws_new/yahboomcar_ws/install/yahboom_web_savmap_interfaces/share/yahboom_web_savmap_interfaces/hook/ld_library_path_lib.dsv'
[25.858s] colcon.colcon_core.shell INFO Creating environment hook '/home/jetson/yahboomcar_ros2_ws_new/yahboomcar_ws/install/yahboom_web_savmap_interfaces/share/yahboom_web_savmap_interfaces/hook/ld_library_path_lib.sh'
[25.859s] colcon.colcon_core.environment Level 1 checking '/home/jetson/yahboomcar_ros2_ws_new/yahboomcar_ws/install/yahboom_web_savmap_interfaces/bin'
[25.859s] colcon.colcon_core.environment Level 1 checking '/home/jetson/yahboomcar_ros2_ws_new/yahboomcar_ws/install/yahboom_web_savmap_interfaces/lib/pkgconfig/yahboom_web_savmap_interfaces.pc'
[25.859s] colcon.colcon_core.environment Level 1 checking '/home/jetson/yahboomcar_ros2_ws_new/yahboomcar_ws/install/yahboom_web_savmap_interfaces/lib/python3.10/site-packages'
[25.860s] colcon.colcon_core.environment Level 1 checking '/home/jetson/yahboomcar_ros2_ws_new/yahboomcar_ws/install/yahboom_web_savmap_interfaces/bin'
[25.861s] colcon.colcon_core.shell INFO Creating package script '/home/jetson/yahboomcar_ros2_ws_new/yahboomcar_ws/install/yahboom_web_savmap_interfaces/share/yahboom_web_savmap_interfaces/package.ps1'
[25.862s] colcon.colcon_core.shell INFO Creating package descriptor '/home/jetson/yahboomcar_ros2_ws_new/yahboomcar_ws/install/yahboom_web_savmap_interfaces/share/yahboom_web_savmap_interfaces/package.dsv'
[25.876s] colcon.colcon_core.shell INFO Creating package script '/home/jetson/yahboomcar_ros2_ws_new/yahboomcar_ws/install/yahboom_web_savmap_interfaces/share/yahboom_web_savmap_interfaces/package.sh'
[25.877s] colcon.colcon_core.shell INFO Creating package script '/home/jetson/yahboomcar_ros2_ws_new/yahboomcar_ws/install/yahboom_web_savmap_interfaces/share/yahboom_web_savmap_interfaces/package.bash'
[25.878s] colcon.colcon_core.shell INFO Creating package script '/home/jetson/yahboomcar_ros2_ws_new/yahboomcar_ws/install/yahboom_web_savmap_interfaces/share/yahboom_web_savmap_interfaces/package.zsh'
[25.879s] colcon.colcon_core.environment Level 1 create_file_with_runtime_dependencies(/home/jetson/yahboomcar_ros2_ws_new/yahboomcar_ws/install/yahboom_web_savmap_interfaces/share/colcon-core/packages/yahboom_web_savmap_interfaces)
[25.881s] colcon.colcon_core.environment Level 1 create_environment_scripts_only(yahboom_web_savmap_interfaces)
[25.881s] colcon.colcon_core.environment Level 1 checking '/home/jetson/yahboomcar_ros2_ws_new/yahboomcar_ws/install/yahboom_web_savmap_interfaces' for CMake module files
[25.883s] colcon.colcon_core.environment Level 1 checking '/home/jetson/yahboomcar_ros2_ws_new/yahboomcar_ws/install/yahboom_web_savmap_interfaces' for CMake config files
[25.884s] colcon.colcon_core.shell Level 1 create_environment_hook('yahboom_web_savmap_interfaces', 'cmake_prefix_path')
[25.884s] colcon.colcon_core.shell INFO Creating environment hook '/home/jetson/yahboomcar_ros2_ws_new/yahboomcar_ws/install/yahboom_web_savmap_interfaces/share/yahboom_web_savmap_interfaces/hook/cmake_prefix_path.ps1'
[25.885s] colcon.colcon_core.shell INFO Creating environment descriptor '/home/jetson/yahboomcar_ros2_ws_new/yahboomcar_ws/install/yahboom_web_savmap_interfaces/share/yahboom_web_savmap_interfaces/hook/cmake_prefix_path.dsv'
[25.886s] colcon.colcon_core.shell INFO Creating environment hook '/home/jetson/yahboomcar_ros2_ws_new/yahboomcar_ws/install/yahboom_web_savmap_interfaces/share/yahboom_web_savmap_interfaces/hook/cmake_prefix_path.sh'
[25.888s] colcon.colcon_core.environment Level 1 checking '/home/jetson/yahboomcar_ros2_ws_new/yahboomcar_ws/install/yahboom_web_savmap_interfaces/lib'
[25.888s] colcon.colcon_core.shell Level 1 create_environment_hook('yahboom_web_savmap_interfaces', 'ld_library_path_lib')
[25.888s] colcon.colcon_core.shell INFO Creating environment hook '/home/jetson/yahboomcar_ros2_ws_new/yahboomcar_ws/install/yahboom_web_savmap_interfaces/share/yahboom_web_savmap_interfaces/hook/ld_library_path_lib.ps1'
[25.889s] colcon.colcon_core.shell INFO Creating environment descriptor '/home/jetson/yahboomcar_ros2_ws_new/yahboomcar_ws/install/yahboom_web_savmap_interfaces/share/yahboom_web_savmap_interfaces/hook/ld_library_path_lib.dsv'
[25.890s] colcon.colcon_core.shell INFO Creating environment hook '/home/jetson/yahboomcar_ros2_ws_new/yahboomcar_ws/install/yahboom_web_savmap_interfaces/share/yahboom_web_savmap_interfaces/hook/ld_library_path_lib.sh'
[25.903s] colcon.colcon_core.environment Level 1 checking '/home/jetson/yahboomcar_ros2_ws_new/yahboomcar_ws/install/yahboom_web_savmap_interfaces/bin'
[25.904s] colcon.colcon_core.environment Level 1 checking '/home/jetson/yahboomcar_ros2_ws_new/yahboomcar_ws/install/yahboom_web_savmap_interfaces/lib/pkgconfig/yahboom_web_savmap_interfaces.pc'
[25.904s] colcon.colcon_core.environment Level 1 checking '/home/jetson/yahboomcar_ros2_ws_new/yahboomcar_ws/install/yahboom_web_savmap_interfaces/lib/python3.10/site-packages'
[25.905s] colcon.colcon_core.environment Level 1 checking '/home/jetson/yahboomcar_ros2_ws_new/yahboomcar_ws/install/yahboom_web_savmap_interfaces/bin'
[25.905s] colcon.colcon_core.shell INFO Creating package script '/home/jetson/yahboomcar_ros2_ws_new/yahboomcar_ws/install/yahboom_web_savmap_interfaces/share/yahboom_web_savmap_interfaces/package.ps1'
[25.907s] colcon.colcon_core.shell INFO Creating package descriptor '/home/jetson/yahboomcar_ros2_ws_new/yahboomcar_ws/install/yahboom_web_savmap_interfaces/share/yahboom_web_savmap_interfaces/package.dsv'
[25.908s] colcon.colcon_core.shell INFO Creating package script '/home/jetson/yahboomcar_ros2_ws_new/yahboomcar_ws/install/yahboom_web_savmap_interfaces/share/yahboom_web_savmap_interfaces/package.sh'
[25.909s] colcon.colcon_core.shell INFO Creating package script '/home/jetson/yahboomcar_ros2_ws_new/yahboomcar_ws/install/yahboom_web_savmap_interfaces/share/yahboom_web_savmap_interfaces/package.bash'
[25.910s] colcon.colcon_core.shell INFO Creating package script '/home/jetson/yahboomcar_ros2_ws_new/yahboomcar_ws/install/yahboom_web_savmap_interfaces/share/yahboom_web_savmap_interfaces/package.zsh'
[25.911s] colcon.colcon_core.environment Level 1 create_file_with_runtime_dependencies(/home/jetson/yahboomcar_ros2_ws_new/yahboomcar_ws/install/yahboom_web_savmap_interfaces/share/colcon-core/packages/yahboom_web_savmap_interfaces)
[25.918s] colcon.colcon_ros.task.ament_python.build INFO Building ROS package in '/home/jetson/yahboomcar_ros2_ws_new/yahboomcar_ws/src/yahboomcar_ctrl' with build type 'ament_python'
[25.919s] colcon.colcon_core.shell Level 1 create_environment_hook('yahboomcar_ctrl', 'ament_prefix_path')
[25.920s] colcon.colcon_core.shell INFO Creating environment hook '/home/jetson/yahboomcar_ros2_ws_new/yahboomcar_ws/install/yahboomcar_ctrl/share/yahboomcar_ctrl/hook/ament_prefix_path.ps1'
[25.926s] colcon.colcon_core.shell INFO Creating environment descriptor '/home/jetson/yahboomcar_ros2_ws_new/yahboomcar_ws/install/yahboomcar_ctrl/share/yahboomcar_ctrl/hook/ament_prefix_path.dsv'
[25.928s] colcon.colcon_core.shell INFO Creating environment hook '/home/jetson/yahboomcar_ros2_ws_new/yahboomcar_ws/install/yahboomcar_ctrl/share/yahboomcar_ctrl/hook/ament_prefix_path.sh'
[25.929s] colcon.colcon_core.shell INFO Skip shell extension 'powershell' for command environment: Not usable outside of PowerShell
[25.929s] colcon.colcon_core.shell DEBUG Skip shell extension 'dsv' for command environment
[26.850s] colcon.colcon_core.task.python.build INFO Building Python package in '/home/jetson/yahboomcar_ros2_ws_new/yahboomcar_ws/src/yahboomcar_ctrl'
[26.851s] colcon.colcon_core.shell INFO Skip shell extension 'powershell' for command environment: Not usable outside of PowerShell
[26.851s] colcon.colcon_core.shell DEBUG Skip shell extension 'dsv' for command environment
[27.388s] colcon.colcon_core.shell Level 1 create_environment_hook('yahboomcar_bringup', 'pythonpath_develop')
[27.389s] colcon.colcon_core.shell INFO Creating environment hook '/home/jetson/yahboomcar_ros2_ws_new/yahboomcar_ws/build/yahboomcar_bringup/share/yahboomcar_bringup/hook/pythonpath_develop.ps1'
[27.391s] colcon.colcon_core.shell INFO Creating environment descriptor '/home/jetson/yahboomcar_ros2_ws_new/yahboomcar_ws/build/yahboomcar_bringup/share/yahboomcar_bringup/hook/pythonpath_develop.dsv'
[27.392s] colcon.colcon_core.event_handler.log_command DEBUG Invoked command in '/home/jetson/yahboomcar_ros2_ws_new/yahboomcar_ws/build/yahboomcar_bringup' returned '0': PYTHONPATH=/home/jetson/yahboomcar_ros2_ws_new/yahboomcar_ws/build/yahboomcar_bringup/prefix_override:/usr/lib/python3/dist-packages/colcon_core/task/python/colcon_distutils_commands:/home/jetson/yahboomcar_ros2_ws_new/yahboomcar_ws/install/yahboomcar_bringup/lib/python3.10/site-packages:${PYTHONPATH} /usr/bin/python3 -W ignore:setup.py install is deprecated -W ignore:easy_install command is deprecated setup.py develop --editable --build-directory /home/jetson/yahboomcar_ros2_ws_new/yahboomcar_ws/build/yahboomcar_bringup/build --no-deps symlink_data
[27.393s] colcon.colcon_core.shell INFO Creating environment hook '/home/jetson/yahboomcar_ros2_ws_new/yahboomcar_ws/build/yahboomcar_bringup/share/yahboomcar_bringup/hook/pythonpath_develop.sh'
[27.394s] colcon.colcon_core.environment Level 1 checking '/home/jetson/yahboomcar_ros2_ws_new/yahboomcar_ws/install/yahboomcar_bringup' for CMake module files
[27.396s] colcon.colcon_core.environment Level 1 checking '/home/jetson/yahboomcar_ros2_ws_new/yahboomcar_ws/install/yahboomcar_bringup' for CMake config files
[27.397s] colcon.colcon_core.environment Level 1 checking '/home/jetson/yahboomcar_ros2_ws_new/yahboomcar_ws/install/yahboomcar_bringup/lib'
[27.397s] colcon.colcon_core.environment Level 1 checking '/home/jetson/yahboomcar_ros2_ws_new/yahboomcar_ws/install/yahboomcar_bringup/bin'
[27.397s] colcon.colcon_core.environment Level 1 checking '/home/jetson/yahboomcar_ros2_ws_new/yahboomcar_ws/install/yahboomcar_bringup/lib/pkgconfig/yahboomcar_bringup.pc'
[27.398s] colcon.colcon_core.environment Level 1 checking '/home/jetson/yahboomcar_ros2_ws_new/yahboomcar_ws/install/yahboomcar_bringup/lib/python3.10/site-packages'
[27.398s] colcon.colcon_core.shell Level 1 create_environment_hook('yahboomcar_bringup', 'pythonpath')
[27.399s] colcon.colcon_core.shell INFO Creating environment hook '/home/jetson/yahboomcar_ros2_ws_new/yahboomcar_ws/install/yahboomcar_bringup/share/yahboomcar_bringup/hook/pythonpath.ps1'
[27.400s] colcon.colcon_core.shell INFO Creating environment descriptor '/home/jetson/yahboomcar_ros2_ws_new/yahboomcar_ws/install/yahboomcar_bringup/share/yahboomcar_bringup/hook/pythonpath.dsv'
[27.401s] colcon.colcon_core.shell INFO Creating environment hook '/home/jetson/yahboomcar_ros2_ws_new/yahboomcar_ws/install/yahboomcar_bringup/share/yahboomcar_bringup/hook/pythonpath.sh'
[27.402s] colcon.colcon_core.environment Level 1 checking '/home/jetson/yahboomcar_ros2_ws_new/yahboomcar_ws/install/yahboomcar_bringup/bin'
[27.402s] colcon.colcon_core.environment Level 1 create_environment_scripts_only(yahboomcar_bringup)
[27.412s] colcon.colcon_core.shell INFO Creating package script '/home/jetson/yahboomcar_ros2_ws_new/yahboomcar_ws/install/yahboomcar_bringup/share/yahboomcar_bringup/package.ps1'
[27.414s] colcon.colcon_core.shell INFO Creating package descriptor '/home/jetson/yahboomcar_ros2_ws_new/yahboomcar_ws/install/yahboomcar_bringup/share/yahboomcar_bringup/package.dsv'
[27.415s] colcon.colcon_core.shell INFO Creating package script '/home/jetson/yahboomcar_ros2_ws_new/yahboomcar_ws/install/yahboomcar_bringup/share/yahboomcar_bringup/package.sh'
[27.416s] colcon.colcon_core.shell INFO Creating package script '/home/jetson/yahboomcar_ros2_ws_new/yahboomcar_ws/install/yahboomcar_bringup/share/yahboomcar_bringup/package.bash'
[27.417s] colcon.colcon_core.shell INFO Creating package script '/home/jetson/yahboomcar_ros2_ws_new/yahboomcar_ws/install/yahboomcar_bringup/share/yahboomcar_bringup/package.zsh'
[27.418s] colcon.colcon_core.environment Level 1 create_file_with_runtime_dependencies(/home/jetson/yahboomcar_ros2_ws_new/yahboomcar_ws/install/yahboomcar_bringup/share/colcon-core/packages/yahboomcar_bringup)
[27.436s] colcon.colcon_ros.task.ament_python.build INFO Building ROS package in '/home/jetson/yahboomcar_ros2_ws_new/yahboomcar_ws/src/yahboomcar_description' with build type 'ament_python'
[27.436s] colcon.colcon_core.shell Level 1 create_environment_hook('yahboomcar_description', 'ament_prefix_path')
[27.437s] colcon.colcon_core.shell INFO Creating environment hook '/home/jetson/yahboomcar_ros2_ws_new/yahboomcar_ws/install/yahboomcar_description/share/yahboomcar_description/hook/ament_prefix_path.ps1'
[27.440s] colcon.colcon_core.shell INFO Creating environment descriptor '/home/jetson/yahboomcar_ros2_ws_new/yahboomcar_ws/install/yahboomcar_description/share/yahboomcar_description/hook/ament_prefix_path.dsv'
[27.441s] colcon.colcon_core.shell INFO Creating environment hook '/home/jetson/yahboomcar_ros2_ws_new/yahboomcar_ws/install/yahboomcar_description/share/yahboomcar_description/hook/ament_prefix_path.sh'
[27.443s] colcon.colcon_core.shell INFO Skip shell extension 'powershell' for command environment: Not usable outside of PowerShell
[27.443s] colcon.colcon_core.shell DEBUG Skip shell extension 'dsv' for command environment
[28.737s] colcon.colcon_core.task.python.build INFO Building Python package in '/home/jetson/yahboomcar_ros2_ws_new/yahboomcar_ws/src/yahboomcar_description'
[28.738s] colcon.colcon_core.shell INFO Skip shell extension 'powershell' for command environment: Not usable outside of PowerShell
[28.738s] colcon.colcon_core.shell DEBUG Skip shell extension 'dsv' for command environment
[29.807s] colcon.colcon_core.event_handler.log_command DEBUG Invoking command in '/home/jetson/yahboomcar_ros2_ws_new/yahboomcar_ws/build/yahboomcar_ctrl': PYTHONPATH=/home/jetson/yahboomcar_ros2_ws_new/yahboomcar_ws/build/yahboomcar_ctrl/prefix_override:/usr/lib/python3/dist-packages/colcon_core/task/python/colcon_distutils_commands:/home/jetson/yahboomcar_ros2_ws_new/yahboomcar_ws/install/yahboomcar_ctrl/lib/python3.10/site-packages:${PYTHONPATH} /usr/bin/python3 -W ignore:setup.py install is deprecated -W ignore:easy_install command is deprecated setup.py develop --editable --build-directory /home/jetson/yahboomcar_ros2_ws_new/yahboomcar_ws/build/yahboomcar_ctrl/build --no-deps symlink_data
[31.243s] colcon.colcon_core.event_handler.log_command DEBUG Invoking command in '/home/jetson/yahboomcar_ros2_ws_new/yahboomcar_ws/build/yahboomcar_description': PYTHONPATH=/home/jetson/yahboomcar_ros2_ws_new/yahboomcar_ws/build/yahboomcar_description/prefix_override:/usr/lib/python3/dist-packages/colcon_core/task/python/colcon_distutils_commands:/home/jetson/yahboomcar_ros2_ws_new/yahboomcar_ws/install/yahboomcar_description/lib/python3.10/site-packages:${PYTHONPATH} /usr/bin/python3 -W ignore:setup.py install is deprecated -W ignore:easy_install command is deprecated setup.py develop --editable --build-directory /home/jetson/yahboomcar_ros2_ws_new/yahboomcar_ws/build/yahboomcar_description/build --no-deps symlink_data
[31.298s] colcon.colcon_core.event_handler.log_command DEBUG Invoked command in '/home/jetson/yahboomcar_ros2_ws_new/yahboomcar_ws/build/yahboomcar_msgs' returned '0': CMAKE_PREFIX_PATH=${CMAKE_PREFIX_PATH}:/opt/ros/humble /usr/bin/cmake --build /home/jetson/yahboomcar_ros2_ws_new/yahboomcar_ws/build/yahboomcar_msgs -- -j6 -l6
[31.310s] colcon.colcon_core.event_handler.log_command DEBUG Invoking command in '/home/jetson/yahboomcar_ros2_ws_new/yahboomcar_ws/build/yahboomcar_msgs': CMAKE_PREFIX_PATH=${CMAKE_PREFIX_PATH}:/opt/ros/humble /usr/bin/cmake --install /home/jetson/yahboomcar_ros2_ws_new/yahboomcar_ws/build/yahboomcar_msgs
[33.048s] colcon.colcon_core.shell Level 1 create_environment_hook('yahboomcar_ctrl', 'pythonpath_develop')
[33.049s] colcon.colcon_core.shell INFO Creating environment hook '/home/jetson/yahboomcar_ros2_ws_new/yahboomcar_ws/build/yahboomcar_ctrl/share/yahboomcar_ctrl/hook/pythonpath_develop.ps1'
[33.052s] colcon.colcon_core.event_handler.log_command DEBUG Invoked command in '/home/jetson/yahboomcar_ros2_ws_new/yahboomcar_ws/build/yahboomcar_ctrl' returned '0': PYTHONPATH=/home/jetson/yahboomcar_ros2_ws_new/yahboomcar_ws/build/yahboomcar_ctrl/prefix_override:/usr/lib/python3/dist-packages/colcon_core/task/python/colcon_distutils_commands:/home/jetson/yahboomcar_ros2_ws_new/yahboomcar_ws/install/yahboomcar_ctrl/lib/python3.10/site-packages:${PYTHONPATH} /usr/bin/python3 -W ignore:setup.py install is deprecated -W ignore:easy_install command is deprecated setup.py develop --editable --build-directory /home/jetson/yahboomcar_ros2_ws_new/yahboomcar_ws/build/yahboomcar_ctrl/build --no-deps symlink_data
[33.054s] colcon.colcon_core.shell INFO Creating environment descriptor '/home/jetson/yahboomcar_ros2_ws_new/yahboomcar_ws/build/yahboomcar_ctrl/share/yahboomcar_ctrl/hook/pythonpath_develop.dsv'
[33.054s] colcon.colcon_core.shell INFO Creating environment hook '/home/jetson/yahboomcar_ros2_ws_new/yahboomcar_ws/build/yahboomcar_ctrl/share/yahboomcar_ctrl/hook/pythonpath_develop.sh'
[33.056s] colcon.colcon_core.environment Level 1 checking '/home/jetson/yahboomcar_ros2_ws_new/yahboomcar_ws/install/yahboomcar_ctrl' for CMake module files
[33.057s] colcon.colcon_core.environment Level 1 checking '/home/jetson/yahboomcar_ros2_ws_new/yahboomcar_ws/install/yahboomcar_ctrl' for CMake config files
[33.058s] colcon.colcon_core.environment Level 1 checking '/home/jetson/yahboomcar_ros2_ws_new/yahboomcar_ws/install/yahboomcar_ctrl/lib'
[33.058s] colcon.colcon_core.environment Level 1 checking '/home/jetson/yahboomcar_ros2_ws_new/yahboomcar_ws/install/yahboomcar_ctrl/bin'
[33.058s] colcon.colcon_core.environment Level 1 checking '/home/jetson/yahboomcar_ros2_ws_new/yahboomcar_ws/install/yahboomcar_ctrl/lib/pkgconfig/yahboomcar_ctrl.pc'
[33.059s] colcon.colcon_core.environment Level 1 checking '/home/jetson/yahboomcar_ros2_ws_new/yahboomcar_ws/install/yahboomcar_ctrl/lib/python3.10/site-packages'
[33.059s] colcon.colcon_core.shell Level 1 create_environment_hook('yahboomcar_ctrl', 'pythonpath')
[33.059s] colcon.colcon_core.shell INFO Creating environment hook '/home/jetson/yahboomcar_ros2_ws_new/yahboomcar_ws/install/yahboomcar_ctrl/share/yahboomcar_ctrl/hook/pythonpath.ps1'
[33.060s] colcon.colcon_core.shell INFO Creating environment descriptor '/home/jetson/yahboomcar_ros2_ws_new/yahboomcar_ws/install/yahboomcar_ctrl/share/yahboomcar_ctrl/hook/pythonpath.dsv'
[33.061s] colcon.colcon_core.shell INFO Creating environment hook '/home/jetson/yahboomcar_ros2_ws_new/yahboomcar_ws/install/yahboomcar_ctrl/share/yahboomcar_ctrl/hook/pythonpath.sh'
[33.062s] colcon.colcon_core.environment Level 1 checking '/home/jetson/yahboomcar_ros2_ws_new/yahboomcar_ws/install/yahboomcar_ctrl/bin'
[33.062s] colcon.colcon_core.environment Level 1 create_environment_scripts_only(yahboomcar_ctrl)
[33.063s] colcon.colcon_core.shell INFO Creating package script '/home/jetson/yahboomcar_ros2_ws_new/yahboomcar_ws/install/yahboomcar_ctrl/share/yahboomcar_ctrl/package.ps1'
[33.064s] colcon.colcon_core.shell INFO Creating package descriptor '/home/jetson/yahboomcar_ros2_ws_new/yahboomcar_ws/install/yahboomcar_ctrl/share/yahboomcar_ctrl/package.dsv'
[33.065s] colcon.colcon_core.shell INFO Creating package script '/home/jetson/yahboomcar_ros2_ws_new/yahboomcar_ws/install/yahboomcar_ctrl/share/yahboomcar_ctrl/package.sh'
[33.065s] colcon.colcon_core.shell INFO Creating package script '/home/jetson/yahboomcar_ros2_ws_new/yahboomcar_ws/install/yahboomcar_ctrl/share/yahboomcar_ctrl/package.bash'
[33.066s] colcon.colcon_core.shell INFO Creating package script '/home/jetson/yahboomcar_ros2_ws_new/yahboomcar_ws/install/yahboomcar_ctrl/share/yahboomcar_ctrl/package.zsh'
[33.067s] colcon.colcon_core.environment Level 1 create_file_with_runtime_dependencies(/home/jetson/yahboomcar_ros2_ws_new/yahboomcar_ws/install/yahboomcar_ctrl/share/colcon-core/packages/yahboomcar_ctrl)
[33.081s] colcon.colcon_ros.task.ament_python.build INFO Building ROS package in '/home/jetson/yahboomcar_ros2_ws_new/yahboomcar_ws/src/yahboomcar_description_x1' with build type 'ament_python'
[33.081s] colcon.colcon_core.shell Level 1 create_environment_hook('yahboomcar_description_x1', 'ament_prefix_path')
[33.082s] colcon.colcon_core.shell INFO Creating environment hook '/home/jetson/yahboomcar_ros2_ws_new/yahboomcar_ws/install/yahboomcar_description_x1/share/yahboomcar_description_x1/hook/ament_prefix_path.ps1'
[33.084s] colcon.colcon_core.shell INFO Creating environment descriptor '/home/jetson/yahboomcar_ros2_ws_new/yahboomcar_ws/install/yahboomcar_description_x1/share/yahboomcar_description_x1/hook/ament_prefix_path.dsv'
[33.085s] colcon.colcon_core.shell INFO Creating environment hook '/home/jetson/yahboomcar_ros2_ws_new/yahboomcar_ws/install/yahboomcar_description_x1/share/yahboomcar_description_x1/hook/ament_prefix_path.sh'
[33.086s] colcon.colcon_core.shell INFO Skip shell extension 'powershell' for command environment: Not usable outside of PowerShell
[33.086s] colcon.colcon_core.shell DEBUG Skip shell extension 'dsv' for command environment
[34.357s] colcon.colcon_core.task.python.build INFO Building Python package in '/home/jetson/yahboomcar_ros2_ws_new/yahboomcar_ws/src/yahboomcar_description_x1'
[34.358s] colcon.colcon_core.shell INFO Skip shell extension 'powershell' for command environment: Not usable outside of PowerShell
[34.358s] colcon.colcon_core.shell DEBUG Skip shell extension 'dsv' for command environment
[34.763s] colcon.colcon_core.event_handler.log_command DEBUG Invoked command in '/home/jetson/yahboomcar_ros2_ws_new/yahboomcar_ws/build/robot_pose_publisher_ros2' returned '0': CMAKE_PREFIX_PATH=${CMAKE_PREFIX_PATH}:/opt/ros/humble /usr/bin/cmake --build /home/jetson/yahboomcar_ros2_ws_new/yahboomcar_ws/build/robot_pose_publisher_ros2 -- -j6 -l6
[34.781s] colcon.colcon_core.event_handler.log_command DEBUG Invoking command in '/home/jetson/yahboomcar_ros2_ws_new/yahboomcar_ws/build/robot_pose_publisher_ros2': CMAKE_PREFIX_PATH=${CMAKE_PREFIX_PATH}:/opt/ros/humble /usr/bin/cmake --install /home/jetson/yahboomcar_ros2_ws_new/yahboomcar_ws/build/robot_pose_publisher_ros2
[35.276s] colcon.colcon_core.shell Level 1 create_environment_hook('yahboomcar_description', 'pythonpath_develop')
[35.277s] colcon.colcon_core.shell INFO Creating environment hook '/home/jetson/yahboomcar_ros2_ws_new/yahboomcar_ws/build/yahboomcar_description/share/yahboomcar_description/hook/pythonpath_develop.ps1'
[35.279s] colcon.colcon_core.event_handler.log_command DEBUG Invoked command in '/home/jetson/yahboomcar_ros2_ws_new/yahboomcar_ws/build/yahboomcar_description' returned '0': PYTHONPATH=/home/jetson/yahboomcar_ros2_ws_new/yahboomcar_ws/build/yahboomcar_description/prefix_override:/usr/lib/python3/dist-packages/colcon_core/task/python/colcon_distutils_commands:/home/jetson/yahboomcar_ros2_ws_new/yahboomcar_ws/install/yahboomcar_description/lib/python3.10/site-packages:${PYTHONPATH} /usr/bin/python3 -W ignore:setup.py install is deprecated -W ignore:easy_install command is deprecated setup.py develop --editable --build-directory /home/jetson/yahboomcar_ros2_ws_new/yahboomcar_ws/build/yahboomcar_description/build --no-deps symlink_data
[35.283s] colcon.colcon_core.shell INFO Creating environment descriptor '/home/jetson/yahboomcar_ros2_ws_new/yahboomcar_ws/build/yahboomcar_description/share/yahboomcar_description/hook/pythonpath_develop.dsv'
[35.286s] colcon.colcon_core.shell INFO Creating environment hook '/home/jetson/yahboomcar_ros2_ws_new/yahboomcar_ws/build/yahboomcar_description/share/yahboomcar_description/hook/pythonpath_develop.sh'
[35.288s] colcon.colcon_core.environment Level 1 checking '/home/jetson/yahboomcar_ros2_ws_new/yahboomcar_ws/install/yahboomcar_description' for CMake module files
[35.289s] colcon.colcon_core.environment Level 1 checking '/home/jetson/yahboomcar_ros2_ws_new/yahboomcar_ws/install/yahboomcar_description' for CMake config files
[35.299s] colcon.colcon_core.environment Level 1 checking '/home/jetson/yahboomcar_ros2_ws_new/yahboomcar_ws/install/yahboomcar_description/lib'
[35.300s] colcon.colcon_core.environment Level 1 checking '/home/jetson/yahboomcar_ros2_ws_new/yahboomcar_ws/install/yahboomcar_description/bin'
[35.300s] colcon.colcon_core.environment Level 1 checking '/home/jetson/yahboomcar_ros2_ws_new/yahboomcar_ws/install/yahboomcar_description/lib/pkgconfig/yahboomcar_description.pc'
[35.300s] colcon.colcon_core.environment Level 1 checking '/home/jetson/yahboomcar_ros2_ws_new/yahboomcar_ws/install/yahboomcar_description/lib/python3.10/site-packages'
[35.300s] colcon.colcon_core.shell Level 1 create_environment_hook('yahboomcar_description', 'pythonpath')
[35.301s] colcon.colcon_core.shell INFO Creating environment hook '/home/jetson/yahboomcar_ros2_ws_new/yahboomcar_ws/install/yahboomcar_description/share/yahboomcar_description/hook/pythonpath.ps1'
[35.307s] colcon.colcon_core.shell INFO Creating environment descriptor '/home/jetson/yahboomcar_ros2_ws_new/yahboomcar_ws/install/yahboomcar_description/share/yahboomcar_description/hook/pythonpath.dsv'
[35.308s] colcon.colcon_core.shell INFO Creating environment hook '/home/jetson/yahboomcar_ros2_ws_new/yahboomcar_ws/install/yahboomcar_description/share/yahboomcar_description/hook/pythonpath.sh'
[35.309s] colcon.colcon_core.environment Level 1 checking '/home/jetson/yahboomcar_ros2_ws_new/yahboomcar_ws/install/yahboomcar_description/bin'
[35.310s] colcon.colcon_core.environment Level 1 create_environment_scripts_only(yahboomcar_description)
[35.311s] colcon.colcon_core.shell INFO Creating package script '/home/jetson/yahboomcar_ros2_ws_new/yahboomcar_ws/install/yahboomcar_description/share/yahboomcar_description/package.ps1'
[35.318s] colcon.colcon_core.shell INFO Creating package descriptor '/home/jetson/yahboomcar_ros2_ws_new/yahboomcar_ws/install/yahboomcar_description/share/yahboomcar_description/package.dsv'
[35.319s] colcon.colcon_core.shell INFO Creating package script '/home/jetson/yahboomcar_ros2_ws_new/yahboomcar_ws/install/yahboomcar_description/share/yahboomcar_description/package.sh'
[35.320s] colcon.colcon_core.shell INFO Creating package script '/home/jetson/yahboomcar_ros2_ws_new/yahboomcar_ws/install/yahboomcar_description/share/yahboomcar_description/package.bash'
[35.321s] colcon.colcon_core.shell INFO Creating package script '/home/jetson/yahboomcar_ros2_ws_new/yahboomcar_ws/install/yahboomcar_description/share/yahboomcar_description/package.zsh'
[35.322s] colcon.colcon_core.environment Level 1 create_file_with_runtime_dependencies(/home/jetson/yahboomcar_ros2_ws_new/yahboomcar_ws/install/yahboomcar_description/share/colcon-core/packages/yahboomcar_description)
[35.336s] colcon.colcon_ros.task.ament_python.build INFO Building ROS package in '/home/jetson/yahboomcar_ros2_ws_new/yahboomcar_ws/src/yahboomcar_laser' with build type 'ament_python'
[35.336s] colcon.colcon_core.shell Level 1 create_environment_hook('yahboomcar_laser', 'ament_prefix_path')
[35.337s] colcon.colcon_core.shell INFO Creating environment hook '/home/jetson/yahboomcar_ros2_ws_new/yahboomcar_ws/install/yahboomcar_laser/share/yahboomcar_laser/hook/ament_prefix_path.ps1'
[35.348s] colcon.colcon_core.shell INFO Creating environment descriptor '/home/jetson/yahboomcar_ros2_ws_new/yahboomcar_ws/install/yahboomcar_laser/share/yahboomcar_laser/hook/ament_prefix_path.dsv'
[35.350s] colcon.colcon_core.shell INFO Creating environment hook '/home/jetson/yahboomcar_ros2_ws_new/yahboomcar_ws/install/yahboomcar_laser/share/yahboomcar_laser/hook/ament_prefix_path.sh'
[35.357s] colcon.colcon_core.shell INFO Skip shell extension 'powershell' for command environment: Not usable outside of PowerShell
[35.357s] colcon.colcon_core.shell DEBUG Skip shell extension 'dsv' for command environment
[36.497s] colcon.colcon_core.task.python.build INFO Building Python package in '/home/jetson/yahboomcar_ros2_ws_new/yahboomcar_ws/src/yahboomcar_laser'
[36.498s] colcon.colcon_core.shell INFO Skip shell extension 'powershell' for command environment: Not usable outside of PowerShell
[36.498s] colcon.colcon_core.shell DEBUG Skip shell extension 'dsv' for command environment
[36.533s] colcon.colcon_core.environment Level 1 create_environment_scripts_only(robot_pose_publisher_ros2)
[36.534s] colcon.colcon_core.environment Level 1 checking '/home/jetson/yahboomcar_ros2_ws_new/yahboomcar_ws/install/robot_pose_publisher_ros2' for CMake module files
[36.536s] colcon.colcon_core.environment Level 1 checking '/home/jetson/yahboomcar_ros2_ws_new/yahboomcar_ws/install/robot_pose_publisher_ros2' for CMake config files
[36.536s] colcon.colcon_core.shell Level 1 create_environment_hook('robot_pose_publisher_ros2', 'cmake_prefix_path')
[36.537s] colcon.colcon_core.shell INFO Creating environment hook '/home/jetson/yahboomcar_ros2_ws_new/yahboomcar_ws/install/robot_pose_publisher_ros2/share/robot_pose_publisher_ros2/hook/cmake_prefix_path.ps1'
[36.538s] colcon.colcon_core.shell INFO Creating environment descriptor '/home/jetson/yahboomcar_ros2_ws_new/yahboomcar_ws/install/robot_pose_publisher_ros2/share/robot_pose_publisher_ros2/hook/cmake_prefix_path.dsv'
[36.543s] colcon.colcon_core.event_handler.log_command DEBUG Invoked command in '/home/jetson/yahboomcar_ros2_ws_new/yahboomcar_ws/build/robot_pose_publisher_ros2' returned '0': CMAKE_PREFIX_PATH=${CMAKE_PREFIX_PATH}:/opt/ros/humble /usr/bin/cmake --install /home/jetson/yahboomcar_ros2_ws_new/yahboomcar_ws/build/robot_pose_publisher_ros2
[36.544s] colcon.colcon_core.shell INFO Creating environment hook '/home/jetson/yahboomcar_ros2_ws_new/yahboomcar_ws/install/robot_pose_publisher_ros2/share/robot_pose_publisher_ros2/hook/cmake_prefix_path.sh'
[36.550s] colcon.colcon_core.environment Level 1 checking '/home/jetson/yahboomcar_ros2_ws_new/yahboomcar_ws/install/robot_pose_publisher_ros2/lib'
[36.550s] colcon.colcon_core.environment Level 1 checking '/home/jetson/yahboomcar_ros2_ws_new/yahboomcar_ws/install/robot_pose_publisher_ros2/bin'
[36.551s] colcon.colcon_core.environment Level 1 checking '/home/jetson/yahboomcar_ros2_ws_new/yahboomcar_ws/install/robot_pose_publisher_ros2/lib/pkgconfig/robot_pose_publisher_ros2.pc'
[36.551s] colcon.colcon_core.environment Level 1 checking '/home/jetson/yahboomcar_ros2_ws_new/yahboomcar_ws/install/robot_pose_publisher_ros2/lib/python3.10/site-packages'
[36.551s] colcon.colcon_core.environment Level 1 checking '/home/jetson/yahboomcar_ros2_ws_new/yahboomcar_ws/install/robot_pose_publisher_ros2/bin'
[36.552s] colcon.colcon_core.shell INFO Creating package script '/home/jetson/yahboomcar_ros2_ws_new/yahboomcar_ws/install/robot_pose_publisher_ros2/share/robot_pose_publisher_ros2/package.ps1'
[36.554s] colcon.colcon_core.shell INFO Creating package descriptor '/home/jetson/yahboomcar_ros2_ws_new/yahboomcar_ws/install/robot_pose_publisher_ros2/share/robot_pose_publisher_ros2/package.dsv'
[36.563s] colcon.colcon_core.shell INFO Creating package script '/home/jetson/yahboomcar_ros2_ws_new/yahboomcar_ws/install/robot_pose_publisher_ros2/share/robot_pose_publisher_ros2/package.sh'
[36.566s] colcon.colcon_core.shell INFO Creating package script '/home/jetson/yahboomcar_ros2_ws_new/yahboomcar_ws/install/robot_pose_publisher_ros2/share/robot_pose_publisher_ros2/package.bash'
[36.580s] colcon.colcon_core.shell INFO Creating package script '/home/jetson/yahboomcar_ros2_ws_new/yahboomcar_ws/install/robot_pose_publisher_ros2/share/robot_pose_publisher_ros2/package.zsh'
[36.582s] colcon.colcon_core.environment Level 1 create_file_with_runtime_dependencies(/home/jetson/yahboomcar_ros2_ws_new/yahboomcar_ws/install/robot_pose_publisher_ros2/share/colcon-core/packages/robot_pose_publisher_ros2)
[36.592s] colcon.colcon_core.environment Level 1 create_environment_scripts_only(robot_pose_publisher_ros2)
[36.593s] colcon.colcon_core.environment Level 1 checking '/home/jetson/yahboomcar_ros2_ws_new/yahboomcar_ws/install/robot_pose_publisher_ros2' for CMake module files
[36.594s] colcon.colcon_core.environment Level 1 checking '/home/jetson/yahboomcar_ros2_ws_new/yahboomcar_ws/install/robot_pose_publisher_ros2' for CMake config files
[36.595s] colcon.colcon_core.shell Level 1 create_environment_hook('robot_pose_publisher_ros2', 'cmake_prefix_path')
[36.595s] colcon.colcon_core.shell INFO Creating environment hook '/home/jetson/yahboomcar_ros2_ws_new/yahboomcar_ws/install/robot_pose_publisher_ros2/share/robot_pose_publisher_ros2/hook/cmake_prefix_path.ps1'
[36.596s] colcon.colcon_core.shell INFO Creating environment descriptor '/home/jetson/yahboomcar_ros2_ws_new/yahboomcar_ws/install/robot_pose_publisher_ros2/share/robot_pose_publisher_ros2/hook/cmake_prefix_path.dsv'
[36.597s] colcon.colcon_core.shell INFO Creating environment hook '/home/jetson/yahboomcar_ros2_ws_new/yahboomcar_ws/install/robot_pose_publisher_ros2/share/robot_pose_publisher_ros2/hook/cmake_prefix_path.sh'
[36.598s] colcon.colcon_core.environment Level 1 checking '/home/jetson/yahboomcar_ros2_ws_new/yahboomcar_ws/install/robot_pose_publisher_ros2/lib'
[36.599s] colcon.colcon_core.environment Level 1 checking '/home/jetson/yahboomcar_ros2_ws_new/yahboomcar_ws/install/robot_pose_publisher_ros2/bin'
[36.600s] colcon.colcon_core.environment Level 1 checking '/home/jetson/yahboomcar_ros2_ws_new/yahboomcar_ws/install/robot_pose_publisher_ros2/lib/pkgconfig/robot_pose_publisher_ros2.pc'
[36.603s] colcon.colcon_core.environment Level 1 checking '/home/jetson/yahboomcar_ros2_ws_new/yahboomcar_ws/install/robot_pose_publisher_ros2/lib/python3.10/site-packages'
[36.603s] colcon.colcon_core.environment Level 1 checking '/home/jetson/yahboomcar_ros2_ws_new/yahboomcar_ws/install/robot_pose_publisher_ros2/bin'
[36.616s] colcon.colcon_core.shell INFO Creating package script '/home/jetson/yahboomcar_ros2_ws_new/yahboomcar_ws/install/robot_pose_publisher_ros2/share/robot_pose_publisher_ros2/package.ps1'
[36.623s] colcon.colcon_core.shell INFO Creating package descriptor '/home/jetson/yahboomcar_ros2_ws_new/yahboomcar_ws/install/robot_pose_publisher_ros2/share/robot_pose_publisher_ros2/package.dsv'
[36.625s] colcon.colcon_core.shell INFO Creating package script '/home/jetson/yahboomcar_ros2_ws_new/yahboomcar_ws/install/robot_pose_publisher_ros2/share/robot_pose_publisher_ros2/package.sh'
[36.627s] colcon.colcon_core.shell INFO Creating package script '/home/jetson/yahboomcar_ros2_ws_new/yahboomcar_ws/install/robot_pose_publisher_ros2/share/robot_pose_publisher_ros2/package.bash'
[36.628s] colcon.colcon_core.shell INFO Creating package script '/home/jetson/yahboomcar_ros2_ws_new/yahboomcar_ws/install/robot_pose_publisher_ros2/share/robot_pose_publisher_ros2/package.zsh'
[36.629s] colcon.colcon_core.environment Level 1 create_file_with_runtime_dependencies(/home/jetson/yahboomcar_ros2_ws_new/yahboomcar_ws/install/robot_pose_publisher_ros2/share/colcon-core/packages/robot_pose_publisher_ros2)
[36.633s] colcon.colcon_ros.task.ament_python.build INFO Building ROS package in '/home/jetson/yahboomcar_ros2_ws_new/yahboomcar_ws/src/yahboomcar_linefollow' with build type 'ament_python'
[36.637s] colcon.colcon_core.shell Level 1 create_environment_hook('yahboomcar_linefollow', 'ament_prefix_path')
[36.638s] colcon.colcon_core.shell INFO Creating environment hook '/home/jetson/yahboomcar_ros2_ws_new/yahboomcar_ws/install/yahboomcar_linefollow/share/yahboomcar_linefollow/hook/ament_prefix_path.ps1'
[36.653s] colcon.colcon_core.shell INFO Creating environment descriptor '/home/jetson/yahboomcar_ros2_ws_new/yahboomcar_ws/install/yahboomcar_linefollow/share/yahboomcar_linefollow/hook/ament_prefix_path.dsv'
[36.654s] colcon.colcon_core.shell INFO Creating environment hook '/home/jetson/yahboomcar_ros2_ws_new/yahboomcar_ws/install/yahboomcar_linefollow/share/yahboomcar_linefollow/hook/ament_prefix_path.sh'
[36.656s] colcon.colcon_core.shell INFO Skip shell extension 'powershell' for command environment: Not usable outside of PowerShell
[36.656s] colcon.colcon_core.shell DEBUG Skip shell extension 'dsv' for command environment
[37.952s] colcon.colcon_core.task.python.build INFO Building Python package in '/home/jetson/yahboomcar_ros2_ws_new/yahboomcar_ws/src/yahboomcar_linefollow'
[37.953s] colcon.colcon_core.shell INFO Skip shell extension 'powershell' for command environment: Not usable outside of PowerShell
[37.953s] colcon.colcon_core.shell DEBUG Skip shell extension 'dsv' for command environment
[38.002s] colcon.colcon_core.event_handler.log_command DEBUG Invoking command in '/home/jetson/yahboomcar_ros2_ws_new/yahboomcar_ws/build/yahboomcar_description_x1': PYTHONPATH=/home/jetson/yahboomcar_ros2_ws_new/yahboomcar_ws/build/yahboomcar_description_x1/prefix_override:/usr/lib/python3/dist-packages/colcon_core/task/python/colcon_distutils_commands:/home/jetson/yahboomcar_ros2_ws_new/yahboomcar_ws/install/yahboomcar_description_x1/lib/python3.10/site-packages:${PYTHONPATH} /usr/bin/python3 -W ignore:setup.py install is deprecated -W ignore:easy_install command is deprecated setup.py develop --editable --build-directory /home/jetson/yahboomcar_ros2_ws_new/yahboomcar_ws/build/yahboomcar_description_x1/build --no-deps symlink_data
[39.119s] colcon.colcon_core.event_handler.log_command DEBUG Invoking command in '/home/jetson/yahboomcar_ros2_ws_new/yahboomcar_ws/build/yahboomcar_laser': PYTHONPATH=/home/jetson/yahboomcar_ros2_ws_new/yahboomcar_ws/build/yahboomcar_laser/prefix_override:/usr/lib/python3/dist-packages/colcon_core/task/python/colcon_distutils_commands:/home/jetson/yahboomcar_ros2_ws_new/yahboomcar_ws/install/yahboomcar_laser/lib/python3.10/site-packages:${PYTHONPATH} /usr/bin/python3 -W ignore:setup.py install is deprecated -W ignore:easy_install command is deprecated setup.py develop --editable --build-directory /home/jetson/yahboomcar_ros2_ws_new/yahboomcar_ws/build/yahboomcar_laser/build --no-deps symlink_data
[39.185s] colcon.colcon_core.environment Level 1 create_environment_scripts_only(yahboomcar_msgs)
[39.186s] colcon.colcon_core.environment Level 1 checking '/home/jetson/yahboomcar_ros2_ws_new/yahboomcar_ws/install/yahboomcar_msgs' for CMake module files
[39.187s] colcon.colcon_core.environment Level 1 checking '/home/jetson/yahboomcar_ros2_ws_new/yahboomcar_ws/install/yahboomcar_msgs' for CMake config files
[39.189s] colcon.colcon_core.shell Level 1 create_environment_hook('yahboomcar_msgs', 'cmake_prefix_path')
[39.189s] colcon.colcon_core.shell INFO Creating environment hook '/home/jetson/yahboomcar_ros2_ws_new/yahboomcar_ws/install/yahboomcar_msgs/share/yahboomcar_msgs/hook/cmake_prefix_path.ps1'
[39.192s] colcon.colcon_core.event_handler.log_command DEBUG Invoked command in '/home/jetson/yahboomcar_ros2_ws_new/yahboomcar_ws/build/yahboomcar_msgs' returned '0': CMAKE_PREFIX_PATH=${CMAKE_PREFIX_PATH}:/opt/ros/humble /usr/bin/cmake --install /home/jetson/yahboomcar_ros2_ws_new/yahboomcar_ws/build/yahboomcar_msgs
[39.193s] colcon.colcon_core.shell INFO Creating environment descriptor '/home/jetson/yahboomcar_ros2_ws_new/yahboomcar_ws/install/yahboomcar_msgs/share/yahboomcar_msgs/hook/cmake_prefix_path.dsv'
[39.194s] colcon.colcon_core.shell INFO Creating environment hook '/home/jetson/yahboomcar_ros2_ws_new/yahboomcar_ws/install/yahboomcar_msgs/share/yahboomcar_msgs/hook/cmake_prefix_path.sh'
[39.195s] colcon.colcon_core.environment Level 1 checking '/home/jetson/yahboomcar_ros2_ws_new/yahboomcar_ws/install/yahboomcar_msgs/lib'
[39.196s] colcon.colcon_core.shell Level 1 create_environment_hook('yahboomcar_msgs', 'ld_library_path_lib')
[39.196s] colcon.colcon_core.shell INFO Creating environment hook '/home/jetson/yahboomcar_ros2_ws_new/yahboomcar_ws/install/yahboomcar_msgs/share/yahboomcar_msgs/hook/ld_library_path_lib.ps1'
[39.197s] colcon.colcon_core.shell INFO Creating environment descriptor '/home/jetson/yahboomcar_ros2_ws_new/yahboomcar_ws/install/yahboomcar_msgs/share/yahboomcar_msgs/hook/ld_library_path_lib.dsv'
[39.198s] colcon.colcon_core.shell INFO Creating environment hook '/home/jetson/yahboomcar_ros2_ws_new/yahboomcar_ws/install/yahboomcar_msgs/share/yahboomcar_msgs/hook/ld_library_path_lib.sh'
[39.219s] colcon.colcon_core.environment Level 1 checking '/home/jetson/yahboomcar_ros2_ws_new/yahboomcar_ws/install/yahboomcar_msgs/bin'
[39.219s] colcon.colcon_core.environment Level 1 checking '/home/jetson/yahboomcar_ros2_ws_new/yahboomcar_ws/install/yahboomcar_msgs/lib/pkgconfig/yahboomcar_msgs.pc'
[39.220s] colcon.colcon_core.environment Level 1 checking '/home/jetson/yahboomcar_ros2_ws_new/yahboomcar_ws/install/yahboomcar_msgs/lib/python3.10/site-packages'
[39.220s] colcon.colcon_core.environment Level 1 checking '/home/jetson/yahboomcar_ros2_ws_new/yahboomcar_ws/install/yahboomcar_msgs/bin'
[39.221s] colcon.colcon_core.shell INFO Creating package script '/home/jetson/yahboomcar_ros2_ws_new/yahboomcar_ws/install/yahboomcar_msgs/share/yahboomcar_msgs/package.ps1'
[39.223s] colcon.colcon_core.shell INFO Creating package descriptor '/home/jetson/yahboomcar_ros2_ws_new/yahboomcar_ws/install/yahboomcar_msgs/share/yahboomcar_msgs/package.dsv'
[39.224s] colcon.colcon_core.shell INFO Creating package script '/home/jetson/yahboomcar_ros2_ws_new/yahboomcar_ws/install/yahboomcar_msgs/share/yahboomcar_msgs/package.sh'
[39.225s] colcon.colcon_core.shell INFO Creating package script '/home/jetson/yahboomcar_ros2_ws_new/yahboomcar_ws/install/yahboomcar_msgs/share/yahboomcar_msgs/package.bash'
[39.226s] colcon.colcon_core.shell INFO Creating package script '/home/jetson/yahboomcar_ros2_ws_new/yahboomcar_ws/install/yahboomcar_msgs/share/yahboomcar_msgs/package.zsh'
[39.227s] colcon.colcon_core.environment Level 1 create_file_with_runtime_dependencies(/home/jetson/yahboomcar_ros2_ws_new/yahboomcar_ws/install/yahboomcar_msgs/share/colcon-core/packages/yahboomcar_msgs)
[39.233s] colcon.colcon_core.environment Level 1 create_environment_scripts_only(yahboomcar_msgs)
[39.234s] colcon.colcon_core.environment Level 1 checking '/home/jetson/yahboomcar_ros2_ws_new/yahboomcar_ws/install/yahboomcar_msgs' for CMake module files
[39.235s] colcon.colcon_core.environment Level 1 checking '/home/jetson/yahboomcar_ros2_ws_new/yahboomcar_ws/install/yahboomcar_msgs' for CMake config files
[39.236s] colcon.colcon_core.shell Level 1 create_environment_hook('yahboomcar_msgs', 'cmake_prefix_path')
[39.237s] colcon.colcon_core.shell INFO Creating environment hook '/home/jetson/yahboomcar_ros2_ws_new/yahboomcar_ws/install/yahboomcar_msgs/share/yahboomcar_msgs/hook/cmake_prefix_path.ps1'
[39.245s] colcon.colcon_core.shell INFO Creating environment descriptor '/home/jetson/yahboomcar_ros2_ws_new/yahboomcar_ws/install/yahboomcar_msgs/share/yahboomcar_msgs/hook/cmake_prefix_path.dsv'
[39.256s] colcon.colcon_core.shell INFO Creating environment hook '/home/jetson/yahboomcar_ros2_ws_new/yahboomcar_ws/install/yahboomcar_msgs/share/yahboomcar_msgs/hook/cmake_prefix_path.sh'
[39.260s] colcon.colcon_core.environment Level 1 checking '/home/jetson/yahboomcar_ros2_ws_new/yahboomcar_ws/install/yahboomcar_msgs/lib'
[39.261s] colcon.colcon_core.shell Level 1 create_environment_hook('yahboomcar_msgs', 'ld_library_path_lib')
[39.262s] colcon.colcon_core.shell INFO Creating environment hook '/home/jetson/yahboomcar_ros2_ws_new/yahboomcar_ws/install/yahboomcar_msgs/share/yahboomcar_msgs/hook/ld_library_path_lib.ps1'
[39.264s] colcon.colcon_core.shell INFO Creating environment descriptor '/home/jetson/yahboomcar_ros2_ws_new/yahboomcar_ws/install/yahboomcar_msgs/share/yahboomcar_msgs/hook/ld_library_path_lib.dsv'
[39.265s] colcon.colcon_core.shell INFO Creating environment hook '/home/jetson/yahboomcar_ros2_ws_new/yahboomcar_ws/install/yahboomcar_msgs/share/yahboomcar_msgs/hook/ld_library_path_lib.sh'
[39.266s] colcon.colcon_core.environment Level 1 checking '/home/jetson/yahboomcar_ros2_ws_new/yahboomcar_ws/install/yahboomcar_msgs/bin'
[39.266s] colcon.colcon_core.environment Level 1 checking '/home/jetson/yahboomcar_ros2_ws_new/yahboomcar_ws/install/yahboomcar_msgs/lib/pkgconfig/yahboomcar_msgs.pc'
[39.267s] colcon.colcon_core.environment Level 1 checking '/home/jetson/yahboomcar_ros2_ws_new/yahboomcar_ws/install/yahboomcar_msgs/lib/python3.10/site-packages'
[39.267s] colcon.colcon_core.environment Level 1 checking '/home/jetson/yahboomcar_ros2_ws_new/yahboomcar_ws/install/yahboomcar_msgs/bin'
[39.268s] colcon.colcon_core.shell INFO Creating package script '/home/jetson/yahboomcar_ros2_ws_new/yahboomcar_ws/install/yahboomcar_msgs/share/yahboomcar_msgs/package.ps1'
[39.270s] colcon.colcon_core.shell INFO Creating package descriptor '/home/jetson/yahboomcar_ros2_ws_new/yahboomcar_ws/install/yahboomcar_msgs/share/yahboomcar_msgs/package.dsv'
[39.276s] colcon.colcon_core.shell INFO Creating package script '/home/jetson/yahboomcar_ros2_ws_new/yahboomcar_ws/install/yahboomcar_msgs/share/yahboomcar_msgs/package.sh'
[39.278s] colcon.colcon_core.shell INFO Creating package script '/home/jetson/yahboomcar_ros2_ws_new/yahboomcar_ws/install/yahboomcar_msgs/share/yahboomcar_msgs/package.bash'
[39.280s] colcon.colcon_core.shell INFO Creating package script '/home/jetson/yahboomcar_ros2_ws_new/yahboomcar_ws/install/yahboomcar_msgs/share/yahboomcar_msgs/package.zsh'
[39.281s] colcon.colcon_core.environment Level 1 create_file_with_runtime_dependencies(/home/jetson/yahboomcar_ros2_ws_new/yahboomcar_ws/install/yahboomcar_msgs/share/colcon-core/packages/yahboomcar_msgs)
[39.295s] colcon.colcon_ros.task.ament_python.build INFO Building ROS package in '/home/jetson/yahboomcar_ros2_ws_new/yahboomcar_ws/src/yahboomcar_mediapipe' with build type 'ament_python'
[39.296s] colcon.colcon_core.shell Level 1 create_environment_hook('yahboomcar_mediapipe', 'ament_prefix_path')
[39.297s] colcon.colcon_core.shell INFO Creating environment hook '/home/jetson/yahboomcar_ros2_ws_new/yahboomcar_ws/install/yahboomcar_mediapipe/share/yahboomcar_mediapipe/hook/ament_prefix_path.ps1'
[39.299s] colcon.colcon_core.shell INFO Creating environment descriptor '/home/jetson/yahboomcar_ros2_ws_new/yahboomcar_ws/install/yahboomcar_mediapipe/share/yahboomcar_mediapipe/hook/ament_prefix_path.dsv'
[39.300s] colcon.colcon_core.shell INFO Creating environment hook '/home/jetson/yahboomcar_ros2_ws_new/yahboomcar_ws/install/yahboomcar_mediapipe/share/yahboomcar_mediapipe/hook/ament_prefix_path.sh'
[39.301s] colcon.colcon_core.shell INFO Skip shell extension 'powershell' for command environment: Not usable outside of PowerShell
[39.301s] colcon.colcon_core.shell DEBUG Skip shell extension 'dsv' for command environment
[40.357s] colcon.colcon_core.task.python.build INFO Building Python package in '/home/jetson/yahboomcar_ros2_ws_new/yahboomcar_ws/src/yahboomcar_mediapipe'
[40.358s] colcon.colcon_core.shell INFO Skip shell extension 'powershell' for command environment: Not usable outside of PowerShell
[40.358s] colcon.colcon_core.shell DEBUG Skip shell extension 'dsv' for command environment
[41.261s] colcon.colcon_core.event_handler.log_command DEBUG Invoking command in '/home/jetson/yahboomcar_ros2_ws_new/yahboomcar_ws/build/yahboomcar_linefollow': PYTHONPATH=/home/jetson/yahboomcar_ros2_ws_new/yahboomcar_ws/build/yahboomcar_linefollow/prefix_override:/usr/lib/python3/dist-packages/colcon_core/task/python/colcon_distutils_commands:/home/jetson/yahboomcar_ros2_ws_new/yahboomcar_ws/install/yahboomcar_linefollow/lib/python3.10/site-packages:${PYTHONPATH} /usr/bin/python3 -W ignore:setup.py install is deprecated -W ignore:easy_install command is deprecated setup.py develop --editable --build-directory /home/jetson/yahboomcar_ros2_ws_new/yahboomcar_ws/build/yahboomcar_linefollow/build --no-deps symlink_data
[42.507s] colcon.colcon_core.shell Level 1 create_environment_hook('yahboomcar_description_x1', 'pythonpath_develop')
[42.508s] colcon.colcon_core.shell INFO Creating environment hook '/home/jetson/yahboomcar_ros2_ws_new/yahboomcar_ws/build/yahboomcar_description_x1/share/yahboomcar_description_x1/hook/pythonpath_develop.ps1'
[42.510s] colcon.colcon_core.event_handler.log_command DEBUG Invoked command in '/home/jetson/yahboomcar_ros2_ws_new/yahboomcar_ws/build/yahboomcar_description_x1' returned '0': PYTHONPATH=/home/jetson/yahboomcar_ros2_ws_new/yahboomcar_ws/build/yahboomcar_description_x1/prefix_override:/usr/lib/python3/dist-packages/colcon_core/task/python/colcon_distutils_commands:/home/jetson/yahboomcar_ros2_ws_new/yahboomcar_ws/install/yahboomcar_description_x1/lib/python3.10/site-packages:${PYTHONPATH} /usr/bin/python3 -W ignore:setup.py install is deprecated -W ignore:easy_install command is deprecated setup.py develop --editable --build-directory /home/jetson/yahboomcar_ros2_ws_new/yahboomcar_ws/build/yahboomcar_description_x1/build --no-deps symlink_data
[42.512s] colcon.colcon_core.shell INFO Creating environment descriptor '/home/jetson/yahboomcar_ros2_ws_new/yahboomcar_ws/build/yahboomcar_description_x1/share/yahboomcar_description_x1/hook/pythonpath_develop.dsv'
[42.513s] colcon.colcon_core.shell INFO Creating environment hook '/home/jetson/yahboomcar_ros2_ws_new/yahboomcar_ws/build/yahboomcar_description_x1/share/yahboomcar_description_x1/hook/pythonpath_develop.sh'
[42.515s] colcon.colcon_core.environment Level 1 checking '/home/jetson/yahboomcar_ros2_ws_new/yahboomcar_ws/install/yahboomcar_description_x1' for CMake module files
[42.516s] colcon.colcon_core.environment Level 1 checking '/home/jetson/yahboomcar_ros2_ws_new/yahboomcar_ws/install/yahboomcar_description_x1' for CMake config files
[42.517s] colcon.colcon_core.environment Level 1 checking '/home/jetson/yahboomcar_ros2_ws_new/yahboomcar_ws/install/yahboomcar_description_x1/lib'
[42.517s] colcon.colcon_core.environment Level 1 checking '/home/jetson/yahboomcar_ros2_ws_new/yahboomcar_ws/install/yahboomcar_description_x1/bin'
[42.518s] colcon.colcon_core.environment Level 1 checking '/home/jetson/yahboomcar_ros2_ws_new/yahboomcar_ws/install/yahboomcar_description_x1/lib/pkgconfig/yahboomcar_description_x1.pc'
[42.518s] colcon.colcon_core.environment Level 1 checking '/home/jetson/yahboomcar_ros2_ws_new/yahboomcar_ws/install/yahboomcar_description_x1/lib/python3.10/site-packages'
[42.518s] colcon.colcon_core.shell Level 1 create_environment_hook('yahboomcar_description_x1', 'pythonpath')
[42.520s] colcon.colcon_core.shell INFO Creating environment hook '/home/jetson/yahboomcar_ros2_ws_new/yahboomcar_ws/install/yahboomcar_description_x1/share/yahboomcar_description_x1/hook/pythonpath.ps1'
[42.522s] colcon.colcon_core.shell INFO Creating environment descriptor '/home/jetson/yahboomcar_ros2_ws_new/yahboomcar_ws/install/yahboomcar_description_x1/share/yahboomcar_description_x1/hook/pythonpath.dsv'
[42.523s] colcon.colcon_core.shell INFO Creating environment hook '/home/jetson/yahboomcar_ros2_ws_new/yahboomcar_ws/install/yahboomcar_description_x1/share/yahboomcar_description_x1/hook/pythonpath.sh'
[42.524s] colcon.colcon_core.environment Level 1 checking '/home/jetson/yahboomcar_ros2_ws_new/yahboomcar_ws/install/yahboomcar_description_x1/bin'
[42.525s] colcon.colcon_core.environment Level 1 create_environment_scripts_only(yahboomcar_description_x1)
[42.525s] colcon.colcon_core.shell INFO Creating package script '/home/jetson/yahboomcar_ros2_ws_new/yahboomcar_ws/install/yahboomcar_description_x1/share/yahboomcar_description_x1/package.ps1'
[42.536s] colcon.colcon_core.shell INFO Creating package descriptor '/home/jetson/yahboomcar_ros2_ws_new/yahboomcar_ws/install/yahboomcar_description_x1/share/yahboomcar_description_x1/package.dsv'
[42.551s] colcon.colcon_core.shell INFO Creating package script '/home/jetson/yahboomcar_ros2_ws_new/yahboomcar_ws/install/yahboomcar_description_x1/share/yahboomcar_description_x1/package.sh'
[42.553s] colcon.colcon_core.shell INFO Creating package script '/home/jetson/yahboomcar_ros2_ws_new/yahboomcar_ws/install/yahboomcar_description_x1/share/yahboomcar_description_x1/package.bash'
[42.558s] colcon.colcon_core.shell INFO Creating package script '/home/jetson/yahboomcar_ros2_ws_new/yahboomcar_ws/install/yahboomcar_description_x1/share/yahboomcar_description_x1/package.zsh'
[42.560s] colcon.colcon_core.environment Level 1 create_file_with_runtime_dependencies(/home/jetson/yahboomcar_ros2_ws_new/yahboomcar_ws/install/yahboomcar_description_x1/share/colcon-core/packages/yahboomcar_description_x1)
[42.573s] colcon.colcon_ros.task.ament_python.build INFO Building ROS package in '/home/jetson/yahboomcar_ros2_ws_new/yahboomcar_ws/src/yahboomcar_multi' with build type 'ament_python'
[42.574s] colcon.colcon_core.shell Level 1 create_environment_hook('yahboomcar_multi', 'ament_prefix_path')
[42.574s] colcon.colcon_core.shell INFO Creating environment hook '/home/jetson/yahboomcar_ros2_ws_new/yahboomcar_ws/install/yahboomcar_multi/share/yahboomcar_multi/hook/ament_prefix_path.ps1'
[42.580s] colcon.colcon_core.shell INFO Creating environment descriptor '/home/jetson/yahboomcar_ros2_ws_new/yahboomcar_ws/install/yahboomcar_multi/share/yahboomcar_multi/hook/ament_prefix_path.dsv'
[42.583s] colcon.colcon_core.shell INFO Creating environment hook '/home/jetson/yahboomcar_ros2_ws_new/yahboomcar_ws/install/yahboomcar_multi/share/yahboomcar_multi/hook/ament_prefix_path.sh'
[42.594s] colcon.colcon_core.shell INFO Skip shell extension 'powershell' for command environment: Not usable outside of PowerShell
[42.594s] colcon.colcon_core.shell DEBUG Skip shell extension 'dsv' for command environment
[43.739s] colcon.colcon_core.task.python.build INFO Building Python package in '/home/jetson/yahboomcar_ros2_ws_new/yahboomcar_ws/src/yahboomcar_multi'
[43.740s] colcon.colcon_core.shell INFO Skip shell extension 'powershell' for command environment: Not usable outside of PowerShell
[43.740s] colcon.colcon_core.shell DEBUG Skip shell extension 'dsv' for command environment
[43.773s] colcon.colcon_core.shell Level 1 create_environment_hook('yahboomcar_laser', 'pythonpath_develop')
[43.774s] colcon.colcon_core.shell INFO Creating environment hook '/home/jetson/yahboomcar_ros2_ws_new/yahboomcar_ws/build/yahboomcar_laser/share/yahboomcar_laser/hook/pythonpath_develop.ps1'
[43.778s] colcon.colcon_core.shell INFO Creating environment descriptor '/home/jetson/yahboomcar_ros2_ws_new/yahboomcar_ws/build/yahboomcar_laser/share/yahboomcar_laser/hook/pythonpath_develop.dsv'
[43.780s] colcon.colcon_core.shell INFO Creating environment hook '/home/jetson/yahboomcar_ros2_ws_new/yahboomcar_ws/build/yahboomcar_laser/share/yahboomcar_laser/hook/pythonpath_develop.sh'
[43.782s] colcon.colcon_core.environment Level 1 checking '/home/jetson/yahboomcar_ros2_ws_new/yahboomcar_ws/install/yahboomcar_laser' for CMake module files
[43.783s] colcon.colcon_core.event_handler.log_command DEBUG Invoked command in '/home/jetson/yahboomcar_ros2_ws_new/yahboomcar_ws/build/yahboomcar_laser' returned '0': PYTHONPATH=/home/jetson/yahboomcar_ros2_ws_new/yahboomcar_ws/build/yahboomcar_laser/prefix_override:/usr/lib/python3/dist-packages/colcon_core/task/python/colcon_distutils_commands:/home/jetson/yahboomcar_ros2_ws_new/yahboomcar_ws/install/yahboomcar_laser/lib/python3.10/site-packages:${PYTHONPATH} /usr/bin/python3 -W ignore:setup.py install is deprecated -W ignore:easy_install command is deprecated setup.py develop --editable --build-directory /home/jetson/yahboomcar_ros2_ws_new/yahboomcar_ws/build/yahboomcar_laser/build --no-deps symlink_data
[43.784s] colcon.colcon_core.environment Level 1 checking '/home/jetson/yahboomcar_ros2_ws_new/yahboomcar_ws/install/yahboomcar_laser' for CMake config files
[43.786s] colcon.colcon_core.environment Level 1 checking '/home/jetson/yahboomcar_ros2_ws_new/yahboomcar_ws/install/yahboomcar_laser/lib'
[43.786s] colcon.colcon_core.environment Level 1 checking '/home/jetson/yahboomcar_ros2_ws_new/yahboomcar_ws/install/yahboomcar_laser/bin'
[43.786s] colcon.colcon_core.environment Level 1 checking '/home/jetson/yahboomcar_ros2_ws_new/yahboomcar_ws/install/yahboomcar_laser/lib/pkgconfig/yahboomcar_laser.pc'
[43.786s] colcon.colcon_core.environment Level 1 checking '/home/jetson/yahboomcar_ros2_ws_new/yahboomcar_ws/install/yahboomcar_laser/lib/python3.10/site-packages'
[43.786s] colcon.colcon_core.shell Level 1 create_environment_hook('yahboomcar_laser', 'pythonpath')
[43.787s] colcon.colcon_core.shell INFO Creating environment hook '/home/jetson/yahboomcar_ros2_ws_new/yahboomcar_ws/install/yahboomcar_laser/share/yahboomcar_laser/hook/pythonpath.ps1'
[43.788s] colcon.colcon_core.shell INFO Creating environment descriptor '/home/jetson/yahboomcar_ros2_ws_new/yahboomcar_ws/install/yahboomcar_laser/share/yahboomcar_laser/hook/pythonpath.dsv'
[43.789s] colcon.colcon_core.shell INFO Creating environment hook '/home/jetson/yahboomcar_ros2_ws_new/yahboomcar_ws/install/yahboomcar_laser/share/yahboomcar_laser/hook/pythonpath.sh'
[43.790s] colcon.colcon_core.environment Level 1 checking '/home/jetson/yahboomcar_ros2_ws_new/yahboomcar_ws/install/yahboomcar_laser/bin'
[43.790s] colcon.colcon_core.environment Level 1 create_environment_scripts_only(yahboomcar_laser)
[43.791s] colcon.colcon_core.shell INFO Creating package script '/home/jetson/yahboomcar_ros2_ws_new/yahboomcar_ws/install/yahboomcar_laser/share/yahboomcar_laser/package.ps1'
[43.792s] colcon.colcon_core.shell INFO Creating package descriptor '/home/jetson/yahboomcar_ros2_ws_new/yahboomcar_ws/install/yahboomcar_laser/share/yahboomcar_laser/package.dsv'
[43.793s] colcon.colcon_core.shell INFO Creating package script '/home/jetson/yahboomcar_ros2_ws_new/yahboomcar_ws/install/yahboomcar_laser/share/yahboomcar_laser/package.sh'
[43.794s] colcon.colcon_core.shell INFO Creating package script '/home/jetson/yahboomcar_ros2_ws_new/yahboomcar_ws/install/yahboomcar_laser/share/yahboomcar_laser/package.bash'
[43.795s] colcon.colcon_core.shell INFO Creating package script '/home/jetson/yahboomcar_ros2_ws_new/yahboomcar_ws/install/yahboomcar_laser/share/yahboomcar_laser/package.zsh'
[43.816s] colcon.colcon_core.environment Level 1 create_file_with_runtime_dependencies(/home/jetson/yahboomcar_ros2_ws_new/yahboomcar_ws/install/yahboomcar_laser/share/colcon-core/packages/yahboomcar_laser)
[43.833s] colcon.colcon_core.event_handler.log_command DEBUG Invoking command in '/home/jetson/yahboomcar_ros2_ws_new/yahboomcar_ws/build/yahboomcar_mediapipe': PYTHONPATH=/home/jetson/yahboomcar_ros2_ws_new/yahboomcar_ws/build/yahboomcar_mediapipe/prefix_override:/usr/lib/python3/dist-packages/colcon_core/task/python/colcon_distutils_commands:/home/jetson/yahboomcar_ros2_ws_new/yahboomcar_ws/install/yahboomcar_mediapipe/lib/python3.10/site-packages:${PYTHONPATH} /usr/bin/python3 -W ignore:setup.py install is deprecated -W ignore:easy_install command is deprecated setup.py develop --editable --build-directory /home/jetson/yahboomcar_ros2_ws_new/yahboomcar_ws/build/yahboomcar_mediapipe/build --no-deps symlink_data
[43.846s] colcon.colcon_ros.task.ament_python.build INFO Building ROS package in '/home/jetson/yahboomcar_ros2_ws_new/yahboomcar_ws/src/yahboomcar_nav' with build type 'ament_python'
[43.847s] colcon.colcon_core.shell Level 1 create_environment_hook('yahboomcar_nav', 'ament_prefix_path')
[43.847s] colcon.colcon_core.shell INFO Creating environment hook '/home/jetson/yahboomcar_ros2_ws_new/yahboomcar_ws/install/yahboomcar_nav/share/yahboomcar_nav/hook/ament_prefix_path.ps1'
[43.850s] colcon.colcon_core.shell INFO Creating environment descriptor '/home/jetson/yahboomcar_ros2_ws_new/yahboomcar_ws/install/yahboomcar_nav/share/yahboomcar_nav/hook/ament_prefix_path.dsv'
[43.851s] colcon.colcon_core.shell INFO Creating environment hook '/home/jetson/yahboomcar_ros2_ws_new/yahboomcar_ws/install/yahboomcar_nav/share/yahboomcar_nav/hook/ament_prefix_path.sh'
[43.852s] colcon.colcon_core.shell INFO Skip shell extension 'powershell' for command environment: Not usable outside of PowerShell
[43.852s] colcon.colcon_core.shell DEBUG Skip shell extension 'dsv' for command environment
[45.653s] colcon.colcon_core.task.python.build INFO Building Python package in '/home/jetson/yahboomcar_ros2_ws_new/yahboomcar_ws/src/yahboomcar_nav'
[45.654s] colcon.colcon_core.shell INFO Skip shell extension 'powershell' for command environment: Not usable outside of PowerShell
[45.654s] colcon.colcon_core.shell DEBUG Skip shell extension 'dsv' for command environment
[45.697s] colcon.colcon_core.shell Level 1 create_environment_hook('yahboomcar_linefollow', 'pythonpath_develop')
[45.697s] colcon.colcon_core.shell INFO Creating environment hook '/home/jetson/yahboomcar_ros2_ws_new/yahboomcar_ws/build/yahboomcar_linefollow/share/yahboomcar_linefollow/hook/pythonpath_develop.ps1'
[45.700s] colcon.colcon_core.shell INFO Creating environment descriptor '/home/jetson/yahboomcar_ros2_ws_new/yahboomcar_ws/build/yahboomcar_linefollow/share/yahboomcar_linefollow/hook/pythonpath_develop.dsv'
[45.702s] colcon.colcon_core.shell INFO Creating environment hook '/home/jetson/yahboomcar_ros2_ws_new/yahboomcar_ws/build/yahboomcar_linefollow/share/yahboomcar_linefollow/hook/pythonpath_develop.sh'
[45.706s] colcon.colcon_core.environment Level 1 checking '/home/jetson/yahboomcar_ros2_ws_new/yahboomcar_ws/install/yahboomcar_linefollow' for CMake module files
[45.709s] colcon.colcon_core.environment Level 1 checking '/home/jetson/yahboomcar_ros2_ws_new/yahboomcar_ws/install/yahboomcar_linefollow' for CMake config files
[45.711s] colcon.colcon_core.event_handler.log_command DEBUG Invoked command in '/home/jetson/yahboomcar_ros2_ws_new/yahboomcar_ws/build/yahboomcar_linefollow' returned '0': PYTHONPATH=/home/jetson/yahboomcar_ros2_ws_new/yahboomcar_ws/build/yahboomcar_linefollow/prefix_override:/usr/lib/python3/dist-packages/colcon_core/task/python/colcon_distutils_commands:/home/jetson/yahboomcar_ros2_ws_new/yahboomcar_ws/install/yahboomcar_linefollow/lib/python3.10/site-packages:${PYTHONPATH} /usr/bin/python3 -W ignore:setup.py install is deprecated -W ignore:easy_install command is deprecated setup.py develop --editable --build-directory /home/jetson/yahboomcar_ros2_ws_new/yahboomcar_ws/build/yahboomcar_linefollow/build --no-deps symlink_data
[45.716s] colcon.colcon_core.environment Level 1 checking '/home/jetson/yahboomcar_ros2_ws_new/yahboomcar_ws/install/yahboomcar_linefollow/lib'
[45.716s] colcon.colcon_core.environment Level 1 checking '/home/jetson/yahboomcar_ros2_ws_new/yahboomcar_ws/install/yahboomcar_linefollow/bin'
[45.716s] colcon.colcon_core.environment Level 1 checking '/home/jetson/yahboomcar_ros2_ws_new/yahboomcar_ws/install/yahboomcar_linefollow/lib/pkgconfig/yahboomcar_linefollow.pc'
[45.716s] colcon.colcon_core.environment Level 1 checking '/home/jetson/yahboomcar_ros2_ws_new/yahboomcar_ws/install/yahboomcar_linefollow/lib/python3.10/site-packages'
[45.717s] colcon.colcon_core.shell Level 1 create_environment_hook('yahboomcar_linefollow', 'pythonpath')
[45.717s] colcon.colcon_core.shell INFO Creating environment hook '/home/jetson/yahboomcar_ros2_ws_new/yahboomcar_ws/install/yahboomcar_linefollow/share/yahboomcar_linefollow/hook/pythonpath.ps1'
[45.718s] colcon.colcon_core.shell INFO Creating environment descriptor '/home/jetson/yahboomcar_ros2_ws_new/yahboomcar_ws/install/yahboomcar_linefollow/share/yahboomcar_linefollow/hook/pythonpath.dsv'
[45.722s] colcon.colcon_core.shell INFO Creating environment hook '/home/jetson/yahboomcar_ros2_ws_new/yahboomcar_ws/install/yahboomcar_linefollow/share/yahboomcar_linefollow/hook/pythonpath.sh'
[45.730s] colcon.colcon_core.environment Level 1 checking '/home/jetson/yahboomcar_ros2_ws_new/yahboomcar_ws/install/yahboomcar_linefollow/bin'
[45.731s] colcon.colcon_core.environment Level 1 create_environment_scripts_only(yahboomcar_linefollow)
[45.732s] colcon.colcon_core.shell INFO Creating package script '/home/jetson/yahboomcar_ros2_ws_new/yahboomcar_ws/install/yahboomcar_linefollow/share/yahboomcar_linefollow/package.ps1'
[45.734s] colcon.colcon_core.shell INFO Creating package descriptor '/home/jetson/yahboomcar_ros2_ws_new/yahboomcar_ws/install/yahboomcar_linefollow/share/yahboomcar_linefollow/package.dsv'
[45.738s] colcon.colcon_core.shell INFO Creating package script '/home/jetson/yahboomcar_ros2_ws_new/yahboomcar_ws/install/yahboomcar_linefollow/share/yahboomcar_linefollow/package.sh'
[45.743s] colcon.colcon_core.shell INFO Creating package script '/home/jetson/yahboomcar_ros2_ws_new/yahboomcar_ws/install/yahboomcar_linefollow/share/yahboomcar_linefollow/package.bash'
[45.744s] colcon.colcon_core.shell INFO Creating package script '/home/jetson/yahboomcar_ros2_ws_new/yahboomcar_ws/install/yahboomcar_linefollow/share/yahboomcar_linefollow/package.zsh'
[45.753s] colcon.colcon_core.environment Level 1 create_file_with_runtime_dependencies(/home/jetson/yahboomcar_ros2_ws_new/yahboomcar_ws/install/yahboomcar_linefollow/share/colcon-core/packages/yahboomcar_linefollow)
[45.766s] colcon.colcon_ros.task.ament_python.build INFO Building ROS package in '/home/jetson/yahboomcar_ros2_ws_new/yahboomcar_ws/src/yahboomcar_rviz' with build type 'ament_python'
[45.767s] colcon.colcon_core.shell Level 1 create_environment_hook('yahboomcar_rviz', 'ament_prefix_path')
[45.768s] colcon.colcon_core.shell INFO Creating environment hook '/home/jetson/yahboomcar_ros2_ws_new/yahboomcar_ws/install/yahboomcar_rviz/share/yahboomcar_rviz/hook/ament_prefix_path.ps1'
[45.773s] colcon.colcon_core.shell INFO Creating environment descriptor '/home/jetson/yahboomcar_ros2_ws_new/yahboomcar_ws/install/yahboomcar_rviz/share/yahboomcar_rviz/hook/ament_prefix_path.dsv'
[45.774s] colcon.colcon_core.shell INFO Creating environment hook '/home/jetson/yahboomcar_ros2_ws_new/yahboomcar_ws/install/yahboomcar_rviz/share/yahboomcar_rviz/hook/ament_prefix_path.sh'
[45.779s] colcon.colcon_core.shell INFO Skip shell extension 'powershell' for command environment: Not usable outside of PowerShell
[45.779s] colcon.colcon_core.shell DEBUG Skip shell extension 'dsv' for command environment
[47.565s] colcon.colcon_core.task.python.build INFO Building Python package in '/home/jetson/yahboomcar_ros2_ws_new/yahboomcar_ws/src/yahboomcar_rviz'
[47.566s] colcon.colcon_core.shell INFO Skip shell extension 'powershell' for command environment: Not usable outside of PowerShell
[47.566s] colcon.colcon_core.shell DEBUG Skip shell extension 'dsv' for command environment
[47.651s] colcon.colcon_core.event_handler.log_command DEBUG Invoking command in '/home/jetson/yahboomcar_ros2_ws_new/yahboomcar_ws/build/yahboomcar_multi': PYTHONPATH=/home/jetson/yahboomcar_ros2_ws_new/yahboomcar_ws/build/yahboomcar_multi/prefix_override:/usr/lib/python3/dist-packages/colcon_core/task/python/colcon_distutils_commands:/home/jetson/yahboomcar_ros2_ws_new/yahboomcar_ws/install/yahboomcar_multi/lib/python3.10/site-packages:${PYTHONPATH} /usr/bin/python3 -W ignore:setup.py install is deprecated -W ignore:easy_install command is deprecated setup.py develop --editable --build-directory /home/jetson/yahboomcar_ros2_ws_new/yahboomcar_ws/build/yahboomcar_multi/build --no-deps symlink_data
[48.257s] colcon.colcon_core.shell Level 1 create_environment_hook('yahboomcar_mediapipe', 'pythonpath_develop')
[48.258s] colcon.colcon_core.shell INFO Creating environment hook '/home/jetson/yahboomcar_ros2_ws_new/yahboomcar_ws/build/yahboomcar_mediapipe/share/yahboomcar_mediapipe/hook/pythonpath_develop.ps1'
[48.260s] colcon.colcon_core.event_handler.log_command DEBUG Invoked command in '/home/jetson/yahboomcar_ros2_ws_new/yahboomcar_ws/build/yahboomcar_mediapipe' returned '0': PYTHONPATH=/home/jetson/yahboomcar_ros2_ws_new/yahboomcar_ws/build/yahboomcar_mediapipe/prefix_override:/usr/lib/python3/dist-packages/colcon_core/task/python/colcon_distutils_commands:/home/jetson/yahboomcar_ros2_ws_new/yahboomcar_ws/install/yahboomcar_mediapipe/lib/python3.10/site-packages:${PYTHONPATH} /usr/bin/python3 -W ignore:setup.py install is deprecated -W ignore:easy_install command is deprecated setup.py develop --editable --build-directory /home/jetson/yahboomcar_ros2_ws_new/yahboomcar_ws/build/yahboomcar_mediapipe/build --no-deps symlink_data
[48.262s] colcon.colcon_core.shell INFO Creating environment descriptor '/home/jetson/yahboomcar_ros2_ws_new/yahboomcar_ws/build/yahboomcar_mediapipe/share/yahboomcar_mediapipe/hook/pythonpath_develop.dsv'
[48.264s] colcon.colcon_core.shell INFO Creating environment hook '/home/jetson/yahboomcar_ros2_ws_new/yahboomcar_ws/build/yahboomcar_mediapipe/share/yahboomcar_mediapipe/hook/pythonpath_develop.sh'
[48.266s] colcon.colcon_core.environment Level 1 checking '/home/jetson/yahboomcar_ros2_ws_new/yahboomcar_ws/install/yahboomcar_mediapipe' for CMake module files
[48.267s] colcon.colcon_core.environment Level 1 checking '/home/jetson/yahboomcar_ros2_ws_new/yahboomcar_ws/install/yahboomcar_mediapipe' for CMake config files
[48.269s] colcon.colcon_core.environment Level 1 checking '/home/jetson/yahboomcar_ros2_ws_new/yahboomcar_ws/install/yahboomcar_mediapipe/lib'
[48.269s] colcon.colcon_core.environment Level 1 checking '/home/jetson/yahboomcar_ros2_ws_new/yahboomcar_ws/install/yahboomcar_mediapipe/bin'
[48.269s] colcon.colcon_core.environment Level 1 checking '/home/jetson/yahboomcar_ros2_ws_new/yahboomcar_ws/install/yahboomcar_mediapipe/lib/pkgconfig/yahboomcar_mediapipe.pc'
[48.270s] colcon.colcon_core.environment Level 1 checking '/home/jetson/yahboomcar_ros2_ws_new/yahboomcar_ws/install/yahboomcar_mediapipe/lib/python3.10/site-packages'
[48.274s] colcon.colcon_core.shell Level 1 create_environment_hook('yahboomcar_mediapipe', 'pythonpath')
[48.275s] colcon.colcon_core.shell INFO Creating environment hook '/home/jetson/yahboomcar_ros2_ws_new/yahboomcar_ws/install/yahboomcar_mediapipe/share/yahboomcar_mediapipe/hook/pythonpath.ps1'
[48.280s] colcon.colcon_core.shell INFO Creating environment descriptor '/home/jetson/yahboomcar_ros2_ws_new/yahboomcar_ws/install/yahboomcar_mediapipe/share/yahboomcar_mediapipe/hook/pythonpath.dsv'
[48.281s] colcon.colcon_core.shell INFO Creating environment hook '/home/jetson/yahboomcar_ros2_ws_new/yahboomcar_ws/install/yahboomcar_mediapipe/share/yahboomcar_mediapipe/hook/pythonpath.sh'
[48.282s] colcon.colcon_core.environment Level 1 checking '/home/jetson/yahboomcar_ros2_ws_new/yahboomcar_ws/install/yahboomcar_mediapipe/bin'
[48.283s] colcon.colcon_core.environment Level 1 create_environment_scripts_only(yahboomcar_mediapipe)
[48.284s] colcon.colcon_core.shell INFO Creating package script '/home/jetson/yahboomcar_ros2_ws_new/yahboomcar_ws/install/yahboomcar_mediapipe/share/yahboomcar_mediapipe/package.ps1'
[48.285s] colcon.colcon_core.shell INFO Creating package descriptor '/home/jetson/yahboomcar_ros2_ws_new/yahboomcar_ws/install/yahboomcar_mediapipe/share/yahboomcar_mediapipe/package.dsv'
[48.303s] colcon.colcon_core.shell INFO Creating package script '/home/jetson/yahboomcar_ros2_ws_new/yahboomcar_ws/install/yahboomcar_mediapipe/share/yahboomcar_mediapipe/package.sh'
[48.304s] colcon.colcon_core.shell INFO Creating package script '/home/jetson/yahboomcar_ros2_ws_new/yahboomcar_ws/install/yahboomcar_mediapipe/share/yahboomcar_mediapipe/package.bash'
[48.307s] colcon.colcon_core.shell INFO Creating package script '/home/jetson/yahboomcar_ros2_ws_new/yahboomcar_ws/install/yahboomcar_mediapipe/share/yahboomcar_mediapipe/package.zsh'
[48.312s] colcon.colcon_core.environment Level 1 create_file_with_runtime_dependencies(/home/jetson/yahboomcar_ros2_ws_new/yahboomcar_ws/install/yahboomcar_mediapipe/share/colcon-core/packages/yahboomcar_mediapipe)
[48.321s] colcon.colcon_ros.task.ament_cmake.build INFO Building ROS package in '/home/jetson/yahboomcar_ros2_ws_new/yahboomcar_ws/src/yahboomcar_slam' with build type 'ament_cmake'
[48.323s] colcon.colcon_cmake.task.cmake.build INFO Building CMake package in '/home/jetson/yahboomcar_ros2_ws_new/yahboomcar_ws/src/yahboomcar_slam'
[48.326s] colcon.colcon_core.shell INFO Skip shell extension 'powershell' for command environment: Not usable outside of PowerShell
[48.326s] colcon.colcon_core.shell DEBUG Skip shell extension 'dsv' for command environment
[48.422s] colcon.colcon_core.event_handler.log_command DEBUG Invoking command in '/home/jetson/yahboomcar_ros2_ws_new/yahboomcar_ws/build/yahboomcar_slam': CMAKE_PREFIX_PATH=${CMAKE_PREFIX_PATH}:/opt/ros/humble /usr/bin/cmake /home/jetson/yahboomcar_ros2_ws_new/yahboomcar_ws/src/yahboomcar_slam -DAMENT_CMAKE_SYMLINK_INSTALL=1 -DCMAKE_INSTALL_PREFIX=/home/jetson/yahboomcar_ros2_ws_new/yahboomcar_ws/install/yahboomcar_slam
[49.935s] colcon.colcon_core.event_handler.log_command DEBUG Invoking command in '/home/jetson/yahboomcar_ros2_ws_new/yahboomcar_ws/build/yahboomcar_nav': PYTHONPATH=/home/jetson/yahboomcar_ros2_ws_new/yahboomcar_ws/build/yahboomcar_nav/prefix_override:/usr/lib/python3/dist-packages/colcon_core/task/python/colcon_distutils_commands:/home/jetson/yahboomcar_ros2_ws_new/yahboomcar_ws/install/yahboomcar_nav/lib/python3.10/site-packages:${PYTHONPATH} /usr/bin/python3 -W ignore:setup.py install is deprecated -W ignore:easy_install command is deprecated setup.py develop --editable --build-directory /home/jetson/yahboomcar_ros2_ws_new/yahboomcar_ws/build/yahboomcar_nav/build --no-deps symlink_data
[51.232s] colcon.colcon_core.event_handler.log_command DEBUG Invoking command in '/home/jetson/yahboomcar_ros2_ws_new/yahboomcar_ws/build/yahboomcar_rviz': PYTHONPATH=/home/jetson/yahboomcar_ros2_ws_new/yahboomcar_ws/build/yahboomcar_rviz/prefix_override:/usr/lib/python3/dist-packages/colcon_core/task/python/colcon_distutils_commands:/home/jetson/yahboomcar_ros2_ws_new/yahboomcar_ws/install/yahboomcar_rviz/lib/python3.10/site-packages:${PYTHONPATH} /usr/bin/python3 -W ignore:setup.py install is deprecated -W ignore:easy_install command is deprecated setup.py develop --editable --build-directory /home/jetson/yahboomcar_ros2_ws_new/yahboomcar_ws/build/yahboomcar_rviz/build --no-deps symlink_data
[51.804s] colcon.colcon_core.shell Level 1 create_environment_hook('yahboomcar_multi', 'pythonpath_develop')
[51.805s] colcon.colcon_core.shell INFO Creating environment hook '/home/jetson/yahboomcar_ros2_ws_new/yahboomcar_ws/build/yahboomcar_multi/share/yahboomcar_multi/hook/pythonpath_develop.ps1'
[51.808s] colcon.colcon_core.event_handler.log_command DEBUG Invoked command in '/home/jetson/yahboomcar_ros2_ws_new/yahboomcar_ws/build/yahboomcar_multi' returned '0': PYTHONPATH=/home/jetson/yahboomcar_ros2_ws_new/yahboomcar_ws/build/yahboomcar_multi/prefix_override:/usr/lib/python3/dist-packages/colcon_core/task/python/colcon_distutils_commands:/home/jetson/yahboomcar_ros2_ws_new/yahboomcar_ws/install/yahboomcar_multi/lib/python3.10/site-packages:${PYTHONPATH} /usr/bin/python3 -W ignore:setup.py install is deprecated -W ignore:easy_install command is deprecated setup.py develop --editable --build-directory /home/jetson/yahboomcar_ros2_ws_new/yahboomcar_ws/build/yahboomcar_multi/build --no-deps symlink_data
[51.810s] colcon.colcon_core.shell INFO Creating environment descriptor '/home/jetson/yahboomcar_ros2_ws_new/yahboomcar_ws/build/yahboomcar_multi/share/yahboomcar_multi/hook/pythonpath_develop.dsv'
[51.812s] colcon.colcon_core.shell INFO Creating environment hook '/home/jetson/yahboomcar_ros2_ws_new/yahboomcar_ws/build/yahboomcar_multi/share/yahboomcar_multi/hook/pythonpath_develop.sh'
[51.814s] colcon.colcon_core.environment Level 1 checking '/home/jetson/yahboomcar_ros2_ws_new/yahboomcar_ws/install/yahboomcar_multi' for CMake module files
[51.815s] colcon.colcon_core.environment Level 1 checking '/home/jetson/yahboomcar_ros2_ws_new/yahboomcar_ws/install/yahboomcar_multi' for CMake config files
[51.823s] colcon.colcon_core.environment Level 1 checking '/home/jetson/yahboomcar_ros2_ws_new/yahboomcar_ws/install/yahboomcar_multi/lib'
[51.823s] colcon.colcon_core.environment Level 1 checking '/home/jetson/yahboomcar_ros2_ws_new/yahboomcar_ws/install/yahboomcar_multi/bin'
[51.823s] colcon.colcon_core.environment Level 1 checking '/home/jetson/yahboomcar_ros2_ws_new/yahboomcar_ws/install/yahboomcar_multi/lib/pkgconfig/yahboomcar_multi.pc'
[51.824s] colcon.colcon_core.environment Level 1 checking '/home/jetson/yahboomcar_ros2_ws_new/yahboomcar_ws/install/yahboomcar_multi/lib/python3.10/site-packages'
[51.824s] colcon.colcon_core.shell Level 1 create_environment_hook('yahboomcar_multi', 'pythonpath')
[51.825s] colcon.colcon_core.shell INFO Creating environment hook '/home/jetson/yahboomcar_ros2_ws_new/yahboomcar_ws/install/yahboomcar_multi/share/yahboomcar_multi/hook/pythonpath.ps1'
[51.826s] colcon.colcon_core.shell INFO Creating environment descriptor '/home/jetson/yahboomcar_ros2_ws_new/yahboomcar_ws/install/yahboomcar_multi/share/yahboomcar_multi/hook/pythonpath.dsv'
[51.839s] colcon.colcon_core.shell INFO Creating environment hook '/home/jetson/yahboomcar_ros2_ws_new/yahboomcar_ws/install/yahboomcar_multi/share/yahboomcar_multi/hook/pythonpath.sh'
[51.841s] colcon.colcon_core.environment Level 1 checking '/home/jetson/yahboomcar_ros2_ws_new/yahboomcar_ws/install/yahboomcar_multi/bin'
[51.842s] colcon.colcon_core.environment Level 1 create_environment_scripts_only(yahboomcar_multi)
[51.843s] colcon.colcon_core.shell INFO Creating package script '/home/jetson/yahboomcar_ros2_ws_new/yahboomcar_ws/install/yahboomcar_multi/share/yahboomcar_multi/package.ps1'
[51.845s] colcon.colcon_core.shell INFO Creating package descriptor '/home/jetson/yahboomcar_ros2_ws_new/yahboomcar_ws/install/yahboomcar_multi/share/yahboomcar_multi/package.dsv'
[51.846s] colcon.colcon_core.shell INFO Creating package script '/home/jetson/yahboomcar_ros2_ws_new/yahboomcar_ws/install/yahboomcar_multi/share/yahboomcar_multi/package.sh'
[51.848s] colcon.colcon_core.shell INFO Creating package script '/home/jetson/yahboomcar_ros2_ws_new/yahboomcar_ws/install/yahboomcar_multi/share/yahboomcar_multi/package.bash'
[51.850s] colcon.colcon_core.shell INFO Creating package script '/home/jetson/yahboomcar_ros2_ws_new/yahboomcar_ws/install/yahboomcar_multi/share/yahboomcar_multi/package.zsh'
[51.851s] colcon.colcon_core.environment Level 1 create_file_with_runtime_dependencies(/home/jetson/yahboomcar_ros2_ws_new/yahboomcar_ws/install/yahboomcar_multi/share/colcon-core/packages/yahboomcar_multi)
[51.860s] colcon.colcon_ros.task.ament_python.build INFO Building ROS package in '/home/jetson/yahboomcar_ros2_ws_new/yahboomcar_ws/src/yahboomcar_visual' with build type 'ament_python'
[51.861s] colcon.colcon_core.shell Level 1 create_environment_hook('yahboomcar_visual', 'ament_prefix_path')
[51.861s] colcon.colcon_core.shell INFO Creating environment hook '/home/jetson/yahboomcar_ros2_ws_new/yahboomcar_ws/install/yahboomcar_visual/share/yahboomcar_visual/hook/ament_prefix_path.ps1'
[51.866s] colcon.colcon_core.shell INFO Creating environment descriptor '/home/jetson/yahboomcar_ros2_ws_new/yahboomcar_ws/install/yahboomcar_visual/share/yahboomcar_visual/hook/ament_prefix_path.dsv'
[51.868s] colcon.colcon_core.shell INFO Creating environment hook '/home/jetson/yahboomcar_ros2_ws_new/yahboomcar_ws/install/yahboomcar_visual/share/yahboomcar_visual/hook/ament_prefix_path.sh'
[51.870s] colcon.colcon_core.shell INFO Skip shell extension 'powershell' for command environment: Not usable outside of PowerShell
[51.870s] colcon.colcon_core.shell DEBUG Skip shell extension 'dsv' for command environment
[52.895s] colcon.colcon_core.task.python.build INFO Building Python package in '/home/jetson/yahboomcar_ros2_ws_new/yahboomcar_ws/src/yahboomcar_visual'
[52.896s] colcon.colcon_core.shell INFO Skip shell extension 'powershell' for command environment: Not usable outside of PowerShell
[52.896s] colcon.colcon_core.shell DEBUG Skip shell extension 'dsv' for command environment
[53.482s] colcon.colcon_core.shell Level 1 create_environment_hook('yahboomcar_nav', 'pythonpath_develop')
[53.483s] colcon.colcon_core.shell INFO Creating environment hook '/home/jetson/yahboomcar_ros2_ws_new/yahboomcar_ws/build/yahboomcar_nav/share/yahboomcar_nav/hook/pythonpath_develop.ps1'
[53.484s] colcon.colcon_core.event_handler.log_command DEBUG Invoked command in '/home/jetson/yahboomcar_ros2_ws_new/yahboomcar_ws/build/yahboomcar_nav' returned '0': PYTHONPATH=/home/jetson/yahboomcar_ros2_ws_new/yahboomcar_ws/build/yahboomcar_nav/prefix_override:/usr/lib/python3/dist-packages/colcon_core/task/python/colcon_distutils_commands:/home/jetson/yahboomcar_ros2_ws_new/yahboomcar_ws/install/yahboomcar_nav/lib/python3.10/site-packages:${PYTHONPATH} /usr/bin/python3 -W ignore:setup.py install is deprecated -W ignore:easy_install command is deprecated setup.py develop --editable --build-directory /home/jetson/yahboomcar_ros2_ws_new/yahboomcar_ws/build/yahboomcar_nav/build --no-deps symlink_data
[53.487s] colcon.colcon_core.shell INFO Creating environment descriptor '/home/jetson/yahboomcar_ros2_ws_new/yahboomcar_ws/build/yahboomcar_nav/share/yahboomcar_nav/hook/pythonpath_develop.dsv'
[53.488s] colcon.colcon_core.shell INFO Creating environment hook '/home/jetson/yahboomcar_ros2_ws_new/yahboomcar_ws/build/yahboomcar_nav/share/yahboomcar_nav/hook/pythonpath_develop.sh'
[53.489s] colcon.colcon_core.environment Level 1 checking '/home/jetson/yahboomcar_ros2_ws_new/yahboomcar_ws/install/yahboomcar_nav' for CMake module files
[53.490s] colcon.colcon_core.environment Level 1 checking '/home/jetson/yahboomcar_ros2_ws_new/yahboomcar_ws/install/yahboomcar_nav' for CMake config files
[53.493s] colcon.colcon_core.environment Level 1 checking '/home/jetson/yahboomcar_ros2_ws_new/yahboomcar_ws/install/yahboomcar_nav/lib'
[53.493s] colcon.colcon_core.environment Level 1 checking '/home/jetson/yahboomcar_ros2_ws_new/yahboomcar_ws/install/yahboomcar_nav/bin'
[53.493s] colcon.colcon_core.environment Level 1 checking '/home/jetson/yahboomcar_ros2_ws_new/yahboomcar_ws/install/yahboomcar_nav/lib/pkgconfig/yahboomcar_nav.pc'
[53.493s] colcon.colcon_core.environment Level 1 checking '/home/jetson/yahboomcar_ros2_ws_new/yahboomcar_ws/install/yahboomcar_nav/lib/python3.10/site-packages'
[53.494s] colcon.colcon_core.shell Level 1 create_environment_hook('yahboomcar_nav', 'pythonpath')
[53.494s] colcon.colcon_core.shell INFO Creating environment hook '/home/jetson/yahboomcar_ros2_ws_new/yahboomcar_ws/install/yahboomcar_nav/share/yahboomcar_nav/hook/pythonpath.ps1'
[53.508s] colcon.colcon_core.shell INFO Creating environment descriptor '/home/jetson/yahboomcar_ros2_ws_new/yahboomcar_ws/install/yahboomcar_nav/share/yahboomcar_nav/hook/pythonpath.dsv'
[53.509s] colcon.colcon_core.shell INFO Creating environment hook '/home/jetson/yahboomcar_ros2_ws_new/yahboomcar_ws/install/yahboomcar_nav/share/yahboomcar_nav/hook/pythonpath.sh'
[53.510s] colcon.colcon_core.environment Level 1 checking '/home/jetson/yahboomcar_ros2_ws_new/yahboomcar_ws/install/yahboomcar_nav/bin'
[53.510s] colcon.colcon_core.environment Level 1 create_environment_scripts_only(yahboomcar_nav)
[53.511s] colcon.colcon_core.shell INFO Creating package script '/home/jetson/yahboomcar_ros2_ws_new/yahboomcar_ws/install/yahboomcar_nav/share/yahboomcar_nav/package.ps1'
[53.512s] colcon.colcon_core.shell INFO Creating package descriptor '/home/jetson/yahboomcar_ros2_ws_new/yahboomcar_ws/install/yahboomcar_nav/share/yahboomcar_nav/package.dsv'
[53.513s] colcon.colcon_core.shell INFO Creating package script '/home/jetson/yahboomcar_ros2_ws_new/yahboomcar_ws/install/yahboomcar_nav/share/yahboomcar_nav/package.sh'
[53.514s] colcon.colcon_core.shell INFO Creating package script '/home/jetson/yahboomcar_ros2_ws_new/yahboomcar_ws/install/yahboomcar_nav/share/yahboomcar_nav/package.bash'
[53.515s] colcon.colcon_core.shell INFO Creating package script '/home/jetson/yahboomcar_ros2_ws_new/yahboomcar_ws/install/yahboomcar_nav/share/yahboomcar_nav/package.zsh'
[53.515s] colcon.colcon_core.environment Level 1 create_file_with_runtime_dependencies(/home/jetson/yahboomcar_ros2_ws_new/yahboomcar_ws/install/yahboomcar_nav/share/colcon-core/packages/yahboomcar_nav)
[53.528s] colcon.colcon_ros.task.ament_python.build INFO Building ROS package in '/home/jetson/yahboomcar_ros2_ws_new/yahboomcar_ws/src/yahboomcar_voice_ctrl' with build type 'ament_python'
[53.529s] colcon.colcon_core.shell Level 1 create_environment_hook('yahboomcar_voice_ctrl', 'ament_prefix_path')
[53.530s] colcon.colcon_core.shell INFO Creating environment hook '/home/jetson/yahboomcar_ros2_ws_new/yahboomcar_ws/install/yahboomcar_voice_ctrl/share/yahboomcar_voice_ctrl/hook/ament_prefix_path.ps1'
[53.534s] colcon.colcon_core.shell INFO Creating environment descriptor '/home/jetson/yahboomcar_ros2_ws_new/yahboomcar_ws/install/yahboomcar_voice_ctrl/share/yahboomcar_voice_ctrl/hook/ament_prefix_path.dsv'
[53.535s] colcon.colcon_core.shell INFO Creating environment hook '/home/jetson/yahboomcar_ros2_ws_new/yahboomcar_ws/install/yahboomcar_voice_ctrl/share/yahboomcar_voice_ctrl/hook/ament_prefix_path.sh'
[53.537s] colcon.colcon_core.shell INFO Skip shell extension 'powershell' for command environment: Not usable outside of PowerShell
[53.537s] colcon.colcon_core.shell DEBUG Skip shell extension 'dsv' for command environment
[54.564s] colcon.colcon_core.task.python.build INFO Building Python package in '/home/jetson/yahboomcar_ros2_ws_new/yahboomcar_ws/src/yahboomcar_voice_ctrl'
[54.565s] colcon.colcon_core.shell INFO Skip shell extension 'powershell' for command environment: Not usable outside of PowerShell
[54.565s] colcon.colcon_core.shell DEBUG Skip shell extension 'dsv' for command environment
[54.580s] colcon.colcon_core.shell Level 1 create_environment_hook('yahboomcar_rviz', 'pythonpath_develop')
[54.581s] colcon.colcon_core.shell INFO Creating environment hook '/home/jetson/yahboomcar_ros2_ws_new/yahboomcar_ws/build/yahboomcar_rviz/share/yahboomcar_rviz/hook/pythonpath_develop.ps1'
[54.584s] colcon.colcon_core.shell INFO Creating environment descriptor '/home/jetson/yahboomcar_ros2_ws_new/yahboomcar_ws/build/yahboomcar_rviz/share/yahboomcar_rviz/hook/pythonpath_develop.dsv'
[54.586s] colcon.colcon_core.shell INFO Creating environment hook '/home/jetson/yahboomcar_ros2_ws_new/yahboomcar_ws/build/yahboomcar_rviz/share/yahboomcar_rviz/hook/pythonpath_develop.sh'
[54.588s] colcon.colcon_core.environment Level 1 checking '/home/jetson/yahboomcar_ros2_ws_new/yahboomcar_ws/install/yahboomcar_rviz' for CMake module files
[54.592s] colcon.colcon_core.environment Level 1 checking '/home/jetson/yahboomcar_ros2_ws_new/yahboomcar_ws/install/yahboomcar_rviz' for CMake config files
[54.596s] colcon.colcon_core.environment Level 1 checking '/home/jetson/yahboomcar_ros2_ws_new/yahboomcar_ws/install/yahboomcar_rviz/lib'
[54.596s] colcon.colcon_core.environment Level 1 checking '/home/jetson/yahboomcar_ros2_ws_new/yahboomcar_ws/install/yahboomcar_rviz/bin'
[54.597s] colcon.colcon_core.environment Level 1 checking '/home/jetson/yahboomcar_ros2_ws_new/yahboomcar_ws/install/yahboomcar_rviz/lib/pkgconfig/yahboomcar_rviz.pc'
[54.597s] colcon.colcon_core.environment Level 1 checking '/home/jetson/yahboomcar_ros2_ws_new/yahboomcar_ws/install/yahboomcar_rviz/lib/python3.10/site-packages'
[54.597s] colcon.colcon_core.shell Level 1 create_environment_hook('yahboomcar_rviz', 'pythonpath')
[54.598s] colcon.colcon_core.shell INFO Creating environment hook '/home/jetson/yahboomcar_ros2_ws_new/yahboomcar_ws/install/yahboomcar_rviz/share/yahboomcar_rviz/hook/pythonpath.ps1'
[54.599s] colcon.colcon_core.shell INFO Creating environment descriptor '/home/jetson/yahboomcar_ros2_ws_new/yahboomcar_ws/install/yahboomcar_rviz/share/yahboomcar_rviz/hook/pythonpath.dsv'
[54.606s] colcon.colcon_core.event_handler.log_command DEBUG Invoked command in '/home/jetson/yahboomcar_ros2_ws_new/yahboomcar_ws/build/yahboomcar_rviz' returned '0': PYTHONPATH=/home/jetson/yahboomcar_ros2_ws_new/yahboomcar_ws/build/yahboomcar_rviz/prefix_override:/usr/lib/python3/dist-packages/colcon_core/task/python/colcon_distutils_commands:/home/jetson/yahboomcar_ros2_ws_new/yahboomcar_ws/install/yahboomcar_rviz/lib/python3.10/site-packages:${PYTHONPATH} /usr/bin/python3 -W ignore:setup.py install is deprecated -W ignore:easy_install command is deprecated setup.py develop --editable --build-directory /home/jetson/yahboomcar_ros2_ws_new/yahboomcar_ws/build/yahboomcar_rviz/build --no-deps symlink_data
[54.608s] colcon.colcon_core.shell INFO Creating environment hook '/home/jetson/yahboomcar_ros2_ws_new/yahboomcar_ws/install/yahboomcar_rviz/share/yahboomcar_rviz/hook/pythonpath.sh'
[54.609s] colcon.colcon_core.environment Level 1 checking '/home/jetson/yahboomcar_ros2_ws_new/yahboomcar_ws/install/yahboomcar_rviz/bin'
[54.609s] colcon.colcon_core.environment Level 1 create_environment_scripts_only(yahboomcar_rviz)
[54.610s] colcon.colcon_core.shell INFO Creating package script '/home/jetson/yahboomcar_ros2_ws_new/yahboomcar_ws/install/yahboomcar_rviz/share/yahboomcar_rviz/package.ps1'
[54.612s] colcon.colcon_core.shell INFO Creating package descriptor '/home/jetson/yahboomcar_ros2_ws_new/yahboomcar_ws/install/yahboomcar_rviz/share/yahboomcar_rviz/package.dsv'
[54.612s] colcon.colcon_core.shell INFO Creating package script '/home/jetson/yahboomcar_ros2_ws_new/yahboomcar_ws/install/yahboomcar_rviz/share/yahboomcar_rviz/package.sh'
[54.613s] colcon.colcon_core.shell INFO Creating package script '/home/jetson/yahboomcar_ros2_ws_new/yahboomcar_ws/install/yahboomcar_rviz/share/yahboomcar_rviz/package.bash'
[54.614s] colcon.colcon_core.shell INFO Creating package script '/home/jetson/yahboomcar_ros2_ws_new/yahboomcar_ws/install/yahboomcar_rviz/share/yahboomcar_rviz/package.zsh'
[54.615s] colcon.colcon_core.environment Level 1 create_file_with_runtime_dependencies(/home/jetson/yahboomcar_ros2_ws_new/yahboomcar_ws/install/yahboomcar_rviz/share/colcon-core/packages/yahboomcar_rviz)
[54.627s] colcon.colcon_ros.task.ament_cmake.build INFO Building ROS package in '/home/jetson/yahboomcar_ros2_ws_new/yahboomcar_ws/src/yahboomcar_point' with build type 'ament_cmake'
[54.628s] colcon.colcon_cmake.task.cmake.build INFO Building CMake package in '/home/jetson/yahboomcar_ros2_ws_new/yahboomcar_ws/src/yahboomcar_point'
[54.628s] colcon.colcon_core.shell INFO Skip shell extension 'powershell' for command environment: Not usable outside of PowerShell
[54.629s] colcon.colcon_core.shell DEBUG Skip shell extension 'dsv' for command environment
[54.685s] colcon.colcon_core.event_handler.log_command DEBUG Invoking command in '/home/jetson/yahboomcar_ros2_ws_new/yahboomcar_ws/build/yahboomcar_point': AMENT_PREFIX_PATH=/home/jetson/yahboomcar_ros2_ws_new/yahboomcar_ws/install/yahboomcar_msgs:${AMENT_PREFIX_PATH} CMAKE_PREFIX_PATH=/home/jetson/yahboomcar_ros2_ws_new/yahboomcar_ws/install/yahboomcar_msgs:/home/jetson/yahboomcar_ws/install/yahboomcar_voice_ctrl:/home/jetson/yahboomcar_ws/install/yahboomcar_slam:/home/jetson/yahboomcar_ws/install/yahboomcar_nav:/home/jetson/yahboomcar_ws/install/yahboomcar_astra:/home/jetson/yahboomcar_ws/install/yahboomcar_ctrl:/home/jetson/yahboomcar_ws/install/yahboomcar_bringup:/home/jetson/yahboomcar_ws/install/yahboomcar_msgs:/home/jetson/yahboomcar_ws/install/yahboomcar_linefollw:/home/jetson/yahboomcar_ws/install/yahboomcar_laser:/home/jetson/yahboomcar_ws/install/yahboomcar_description:/home/jetson/yahboomcar_ws/install/ros2_orbslam:/home/jetson/yahboomcar_ws/install/cv_bridge:/home/jetson/yahboomcar_ros2_ws/software/library_ws/install/ydlidar_ros2_driver:/home/jetson/yahboomcar_ros2_ws/software/library_ws/install/web_video_server:/home/jetson/yahboomcar_ros2_ws/software/library_ws/install/teb_local_planner:/home/jetson/yahboomcar_ros2_ws/software/library_ws/install/teb_msgs:/home/jetson/yahboomcar_ros2_ws/software/library_ws/install/sllidar_ros2:/home/jetson/yahboomcar_ros2_ws/software/library_ws/install/slam_gmapping:/home/jetson/yahboomcar_ros2_ws/software/library_ws/install/robot_localization:/home/jetson/yahboomcar_ros2_ws/software/library_ws/install/openslam_gmapping:/home/jetson/yahboomcar_ros2_ws/software/library_ws/install/costmap_converter:/home/jetson/yahboomcar_ros2_ws/software/library_ws/install/costmap_converter_msgs:/home/jetson/yahboomcar_ros2_ws/software/library_ws/install/astra_camera:/home/jetson/yahboomcar_ros2_ws/software/library_ws/install/astra_camera_msgs:/opt/ros/humble LD_LIBRARY_PATH=/home/jetson/yahboomcar_ros2_ws_new/yahboomcar_ws/install/yahboomcar_msgs/lib:/usr/local/lib:/home/jetson/yahboomcar_ros2_ws/software/ORB_SLAM2/lib:/home/jetson/yahboomcar_ros2_ws/software/ORB_SLAM2/Thirdparty/DBoW2/lib:/home/jetson/yahboomcar_ros2_ws/software/ORB_SLAM2/Thirdparty/g2o/lib:/home/jetson/yahboomcar_ws/install/yahboomcar_astra/usr/local/lib/yahboomcar_astra:/usr/local/lib:/usr/local/cuda-12.6/lib64:/usr/local/lib:/home/jetson/yahboomcar_ros2_ws/software/ORB_SLAM2/lib:/home/jetson/yahboomcar_ros2_ws/software/ORB_SLAM2/Thirdparty/DBoW2/lib:/home/jetson/yahboomcar_ros2_ws/software/ORB_SLAM2/Thirdparty/g2o/lib:/home/jetson/yahboomcar_ws/install/yahboomcar_astra/usr/local/lib/yahboomcar_astra:/home/jetson/yahboomcar_ws/install/yahboomcar_astra/lib:/home/jetson/yahboomcar_ws/install/yahboomcar_msgs/lib:/home/jetson/yahboomcar_ws/install/cv_bridge/lib:/home/jetson/yahboomcar_ros2_ws/software/library_ws/install/teb_local_planner/lib:/home/jetson/yahboomcar_ros2_ws/software/library_ws/install/teb_msgs/lib:/home/jetson/yahboomcar_ros2_ws/software/library_ws/install/robot_localization/lib:/home/jetson/yahboomcar_ros2_ws/software/library_ws/install/openslam_gmapping/lib:/home/jetson/yahboomcar_ros2_ws/software/library_ws/install/costmap_converter/lib:/home/jetson/yahboomcar_ros2_ws/software/library_ws/install/costmap_converter_msgs/lib:/home/jetson/yahboomcar_ros2_ws/software/library_ws/install/astra_camera/lib:/home/jetson/yahboomcar_ros2_ws/software/library_ws/install/astra_camera_msgs/lib:/opt/ros/humble/opt/rviz_ogre_vendor/lib:/opt/ros/humble/lib/aarch64-linux-gnu:/opt/ros/humble/lib:/usr/local/lib:/usr/local/cuda-12.6/lib64 PYTHONPATH=/home/jetson/yahboomcar_ros2_ws_new/yahboomcar_ws/install/yahboomcar_msgs/local/lib/python3.10/dist-packages:${PYTHONPATH} /usr/bin/cmake /home/jetson/yahboomcar_ros2_ws_new/yahboomcar_ws/src/yahboomcar_point -DAMENT_CMAKE_SYMLINK_INSTALL=1 -DCMAKE_INSTALL_PREFIX=/home/jetson/yahboomcar_ros2_ws_new/yahboomcar_ws/install/yahboomcar_point
[55.330s] colcon.colcon_core.event_handler.log_command DEBUG Invoking command in '/home/jetson/yahboomcar_ros2_ws_new/yahboomcar_ws/build/yahboomcar_visual': PYTHONPATH=/home/jetson/yahboomcar_ros2_ws_new/yahboomcar_ws/build/yahboomcar_visual/prefix_override:/usr/lib/python3/dist-packages/colcon_core/task/python/colcon_distutils_commands:/home/jetson/yahboomcar_ros2_ws_new/yahboomcar_ws/install/yahboomcar_visual/lib/python3.10/site-packages:${PYTHONPATH} /usr/bin/python3 -W ignore:setup.py install is deprecated -W ignore:easy_install command is deprecated setup.py develop --editable --build-directory /home/jetson/yahboomcar_ros2_ws_new/yahboomcar_ws/build/yahboomcar_visual/build --no-deps symlink_data
[57.055s] colcon.colcon_core.event_handler.log_command DEBUG Invoking command in '/home/jetson/yahboomcar_ros2_ws_new/yahboomcar_ws/build/yahboomcar_voice_ctrl': PYTHONPATH=/home/jetson/yahboomcar_ros2_ws_new/yahboomcar_ws/build/yahboomcar_voice_ctrl/prefix_override:/usr/lib/python3/dist-packages/colcon_core/task/python/colcon_distutils_commands:/home/jetson/yahboomcar_ros2_ws_new/yahboomcar_ws/install/yahboomcar_voice_ctrl/lib/python3.10/site-packages:${PYTHONPATH} /usr/bin/python3 -W ignore:setup.py install is deprecated -W ignore:easy_install command is deprecated setup.py develop --editable --build-directory /home/jetson/yahboomcar_ros2_ws_new/yahboomcar_ws/build/yahboomcar_voice_ctrl/build --no-deps symlink_data
[58.288s] colcon.colcon_core.shell Level 1 create_environment_hook('yahboomcar_visual', 'pythonpath_develop')
[58.289s] colcon.colcon_core.shell INFO Creating environment hook '/home/jetson/yahboomcar_ros2_ws_new/yahboomcar_ws/build/yahboomcar_visual/share/yahboomcar_visual/hook/pythonpath_develop.ps1'
[58.292s] colcon.colcon_core.event_handler.log_command DEBUG Invoked command in '/home/jetson/yahboomcar_ros2_ws_new/yahboomcar_ws/build/yahboomcar_visual' returned '0': PYTHONPATH=/home/jetson/yahboomcar_ros2_ws_new/yahboomcar_ws/build/yahboomcar_visual/prefix_override:/usr/lib/python3/dist-packages/colcon_core/task/python/colcon_distutils_commands:/home/jetson/yahboomcar_ros2_ws_new/yahboomcar_ws/install/yahboomcar_visual/lib/python3.10/site-packages:${PYTHONPATH} /usr/bin/python3 -W ignore:setup.py install is deprecated -W ignore:easy_install command is deprecated setup.py develop --editable --build-directory /home/jetson/yahboomcar_ros2_ws_new/yahboomcar_ws/build/yahboomcar_visual/build --no-deps symlink_data
[58.294s] colcon.colcon_core.shell INFO Creating environment descriptor '/home/jetson/yahboomcar_ros2_ws_new/yahboomcar_ws/build/yahboomcar_visual/share/yahboomcar_visual/hook/pythonpath_develop.dsv'
[58.296s] colcon.colcon_core.shell INFO Creating environment hook '/home/jetson/yahboomcar_ros2_ws_new/yahboomcar_ws/build/yahboomcar_visual/share/yahboomcar_visual/hook/pythonpath_develop.sh'
[58.298s] colcon.colcon_core.environment Level 1 checking '/home/jetson/yahboomcar_ros2_ws_new/yahboomcar_ws/install/yahboomcar_visual' for CMake module files
[58.299s] colcon.colcon_core.environment Level 1 checking '/home/jetson/yahboomcar_ros2_ws_new/yahboomcar_ws/install/yahboomcar_visual' for CMake config files
[58.300s] colcon.colcon_core.environment Level 1 checking '/home/jetson/yahboomcar_ros2_ws_new/yahboomcar_ws/install/yahboomcar_visual/lib'
[58.300s] colcon.colcon_core.environment Level 1 checking '/home/jetson/yahboomcar_ros2_ws_new/yahboomcar_ws/install/yahboomcar_visual/bin'
[58.301s] colcon.colcon_core.environment Level 1 checking '/home/jetson/yahboomcar_ros2_ws_new/yahboomcar_ws/install/yahboomcar_visual/lib/pkgconfig/yahboomcar_visual.pc'
[58.301s] colcon.colcon_core.environment Level 1 checking '/home/jetson/yahboomcar_ros2_ws_new/yahboomcar_ws/install/yahboomcar_visual/lib/python3.10/site-packages'
[58.301s] colcon.colcon_core.shell Level 1 create_environment_hook('yahboomcar_visual', 'pythonpath')
[58.302s] colcon.colcon_core.shell INFO Creating environment hook '/home/jetson/yahboomcar_ros2_ws_new/yahboomcar_ws/install/yahboomcar_visual/share/yahboomcar_visual/hook/pythonpath.ps1'
[58.307s] colcon.colcon_core.shell INFO Creating environment descriptor '/home/jetson/yahboomcar_ros2_ws_new/yahboomcar_ws/install/yahboomcar_visual/share/yahboomcar_visual/hook/pythonpath.dsv'
[58.309s] colcon.colcon_core.shell INFO Creating environment hook '/home/jetson/yahboomcar_ros2_ws_new/yahboomcar_ws/install/yahboomcar_visual/share/yahboomcar_visual/hook/pythonpath.sh'
[58.314s] colcon.colcon_core.environment Level 1 checking '/home/jetson/yahboomcar_ros2_ws_new/yahboomcar_ws/install/yahboomcar_visual/bin'
[58.314s] colcon.colcon_core.environment Level 1 create_environment_scripts_only(yahboomcar_visual)
[58.315s] colcon.colcon_core.shell INFO Creating package script '/home/jetson/yahboomcar_ros2_ws_new/yahboomcar_ws/install/yahboomcar_visual/share/yahboomcar_visual/package.ps1'
[58.320s] colcon.colcon_core.shell INFO Creating package descriptor '/home/jetson/yahboomcar_ros2_ws_new/yahboomcar_ws/install/yahboomcar_visual/share/yahboomcar_visual/package.dsv'
[58.322s] colcon.colcon_core.shell INFO Creating package script '/home/jetson/yahboomcar_ros2_ws_new/yahboomcar_ws/install/yahboomcar_visual/share/yahboomcar_visual/package.sh'
[58.323s] colcon.colcon_core.shell INFO Creating package script '/home/jetson/yahboomcar_ros2_ws_new/yahboomcar_ws/install/yahboomcar_visual/share/yahboomcar_visual/package.bash'
[58.325s] colcon.colcon_core.shell INFO Creating package script '/home/jetson/yahboomcar_ros2_ws_new/yahboomcar_ws/install/yahboomcar_visual/share/yahboomcar_visual/package.zsh'
[58.327s] colcon.colcon_core.environment Level 1 create_file_with_runtime_dependencies(/home/jetson/yahboomcar_ros2_ws_new/yahboomcar_ws/install/yahboomcar_visual/share/colcon-core/packages/yahboomcar_visual)
[59.392s] colcon.colcon_core.shell Level 1 create_environment_hook('yahboomcar_voice_ctrl', 'pythonpath_develop')
[59.393s] colcon.colcon_core.shell INFO Creating environment hook '/home/jetson/yahboomcar_ros2_ws_new/yahboomcar_ws/build/yahboomcar_voice_ctrl/share/yahboomcar_voice_ctrl/hook/pythonpath_develop.ps1'
[59.395s] colcon.colcon_core.event_handler.log_command DEBUG Invoked command in '/home/jetson/yahboomcar_ros2_ws_new/yahboomcar_ws/build/yahboomcar_voice_ctrl' returned '0': PYTHONPATH=/home/jetson/yahboomcar_ros2_ws_new/yahboomcar_ws/build/yahboomcar_voice_ctrl/prefix_override:/usr/lib/python3/dist-packages/colcon_core/task/python/colcon_distutils_commands:/home/jetson/yahboomcar_ros2_ws_new/yahboomcar_ws/install/yahboomcar_voice_ctrl/lib/python3.10/site-packages:${PYTHONPATH} /usr/bin/python3 -W ignore:setup.py install is deprecated -W ignore:easy_install command is deprecated setup.py develop --editable --build-directory /home/jetson/yahboomcar_ros2_ws_new/yahboomcar_ws/build/yahboomcar_voice_ctrl/build --no-deps symlink_data
[59.398s] colcon.colcon_core.shell INFO Creating environment descriptor '/home/jetson/yahboomcar_ros2_ws_new/yahboomcar_ws/build/yahboomcar_voice_ctrl/share/yahboomcar_voice_ctrl/hook/pythonpath_develop.dsv'
[59.399s] colcon.colcon_core.shell INFO Creating environment hook '/home/jetson/yahboomcar_ros2_ws_new/yahboomcar_ws/build/yahboomcar_voice_ctrl/share/yahboomcar_voice_ctrl/hook/pythonpath_develop.sh'
[59.401s] colcon.colcon_core.environment Level 1 checking '/home/jetson/yahboomcar_ros2_ws_new/yahboomcar_ws/install/yahboomcar_voice_ctrl' for CMake module files
[59.402s] colcon.colcon_core.environment Level 1 checking '/home/jetson/yahboomcar_ros2_ws_new/yahboomcar_ws/install/yahboomcar_voice_ctrl' for CMake config files
[59.403s] colcon.colcon_core.environment Level 1 checking '/home/jetson/yahboomcar_ros2_ws_new/yahboomcar_ws/install/yahboomcar_voice_ctrl/lib'
[59.403s] colcon.colcon_core.environment Level 1 checking '/home/jetson/yahboomcar_ros2_ws_new/yahboomcar_ws/install/yahboomcar_voice_ctrl/bin'
[59.403s] colcon.colcon_core.environment Level 1 checking '/home/jetson/yahboomcar_ros2_ws_new/yahboomcar_ws/install/yahboomcar_voice_ctrl/lib/pkgconfig/yahboomcar_voice_ctrl.pc'
[59.404s] colcon.colcon_core.environment Level 1 checking '/home/jetson/yahboomcar_ros2_ws_new/yahboomcar_ws/install/yahboomcar_voice_ctrl/lib/python3.10/site-packages'
[59.404s] colcon.colcon_core.shell Level 1 create_environment_hook('yahboomcar_voice_ctrl', 'pythonpath')
[59.404s] colcon.colcon_core.shell INFO Creating environment hook '/home/jetson/yahboomcar_ros2_ws_new/yahboomcar_ws/install/yahboomcar_voice_ctrl/share/yahboomcar_voice_ctrl/hook/pythonpath.ps1'
[59.406s] colcon.colcon_core.shell INFO Creating environment descriptor '/home/jetson/yahboomcar_ros2_ws_new/yahboomcar_ws/install/yahboomcar_voice_ctrl/share/yahboomcar_voice_ctrl/hook/pythonpath.dsv'
[59.407s] colcon.colcon_core.shell INFO Creating environment hook '/home/jetson/yahboomcar_ros2_ws_new/yahboomcar_ws/install/yahboomcar_voice_ctrl/share/yahboomcar_voice_ctrl/hook/pythonpath.sh'
[59.409s] colcon.colcon_core.environment Level 1 checking '/home/jetson/yahboomcar_ros2_ws_new/yahboomcar_ws/install/yahboomcar_voice_ctrl/bin'
[59.409s] colcon.colcon_core.environment Level 1 create_environment_scripts_only(yahboomcar_voice_ctrl)
[59.410s] colcon.colcon_core.shell INFO Creating package script '/home/jetson/yahboomcar_ros2_ws_new/yahboomcar_ws/install/yahboomcar_voice_ctrl/share/yahboomcar_voice_ctrl/package.ps1'
[59.412s] colcon.colcon_core.shell INFO Creating package descriptor '/home/jetson/yahboomcar_ros2_ws_new/yahboomcar_ws/install/yahboomcar_voice_ctrl/share/yahboomcar_voice_ctrl/package.dsv'
[59.413s] colcon.colcon_core.shell INFO Creating package script '/home/jetson/yahboomcar_ros2_ws_new/yahboomcar_ws/install/yahboomcar_voice_ctrl/share/yahboomcar_voice_ctrl/package.sh'
[59.415s] colcon.colcon_core.shell INFO Creating package script '/home/jetson/yahboomcar_ros2_ws_new/yahboomcar_ws/install/yahboomcar_voice_ctrl/share/yahboomcar_voice_ctrl/package.bash'
[59.416s] colcon.colcon_core.shell INFO Creating package script '/home/jetson/yahboomcar_ros2_ws_new/yahboomcar_ws/install/yahboomcar_voice_ctrl/share/yahboomcar_voice_ctrl/package.zsh'
[59.417s] colcon.colcon_core.environment Level 1 create_file_with_runtime_dependencies(/home/jetson/yahboomcar_ros2_ws_new/yahboomcar_ws/install/yahboomcar_voice_ctrl/share/colcon-core/packages/yahboomcar_voice_ctrl)
[59.531s] colcon.colcon_core.event_handler.log_command DEBUG Invoked command in '/home/jetson/yahboomcar_ros2_ws_new/yahboomcar_ws/build/yahboomcar_base_node' returned '0': CMAKE_PREFIX_PATH=${CMAKE_PREFIX_PATH}:/opt/ros/humble /usr/bin/cmake --build /home/jetson/yahboomcar_ros2_ws_new/yahboomcar_ws/build/yahboomcar_base_node -- -j6 -l6
[59.537s] colcon.colcon_core.event_handler.log_command DEBUG Invoking command in '/home/jetson/yahboomcar_ros2_ws_new/yahboomcar_ws/build/yahboomcar_base_node': CMAKE_PREFIX_PATH=${CMAKE_PREFIX_PATH}:/opt/ros/humble /usr/bin/cmake --install /home/jetson/yahboomcar_ros2_ws_new/yahboomcar_ws/build/yahboomcar_base_node
[60.007s] colcon.colcon_core.environment Level 1 create_environment_scripts_only(yahboomcar_base_node)
[60.008s] colcon.colcon_core.environment Level 1 checking '/home/jetson/yahboomcar_ros2_ws_new/yahboomcar_ws/install/yahboomcar_base_node' for CMake module files
[60.009s] colcon.colcon_core.event_handler.log_command DEBUG Invoked command in '/home/jetson/yahboomcar_ros2_ws_new/yahboomcar_ws/build/yahboomcar_base_node' returned '0': CMAKE_PREFIX_PATH=${CMAKE_PREFIX_PATH}:/opt/ros/humble /usr/bin/cmake --install /home/jetson/yahboomcar_ros2_ws_new/yahboomcar_ws/build/yahboomcar_base_node
[60.010s] colcon.colcon_core.environment Level 1 checking '/home/jetson/yahboomcar_ros2_ws_new/yahboomcar_ws/install/yahboomcar_base_node' for CMake config files
[60.011s] colcon.colcon_core.shell Level 1 create_environment_hook('yahboomcar_base_node', 'cmake_prefix_path')
[60.012s] colcon.colcon_core.shell INFO Creating environment hook '/home/jetson/yahboomcar_ros2_ws_new/yahboomcar_ws/install/yahboomcar_base_node/share/yahboomcar_base_node/hook/cmake_prefix_path.ps1'
[60.015s] colcon.colcon_core.shell INFO Creating environment descriptor '/home/jetson/yahboomcar_ros2_ws_new/yahboomcar_ws/install/yahboomcar_base_node/share/yahboomcar_base_node/hook/cmake_prefix_path.dsv'
[60.017s] colcon.colcon_core.shell INFO Creating environment hook '/home/jetson/yahboomcar_ros2_ws_new/yahboomcar_ws/install/yahboomcar_base_node/share/yahboomcar_base_node/hook/cmake_prefix_path.sh'
[60.019s] colcon.colcon_core.environment Level 1 checking '/home/jetson/yahboomcar_ros2_ws_new/yahboomcar_ws/install/yahboomcar_base_node/lib'
[60.019s] colcon.colcon_core.environment Level 1 checking '/home/jetson/yahboomcar_ros2_ws_new/yahboomcar_ws/install/yahboomcar_base_node/bin'
[60.019s] colcon.colcon_core.environment Level 1 checking '/home/jetson/yahboomcar_ros2_ws_new/yahboomcar_ws/install/yahboomcar_base_node/lib/pkgconfig/yahboomcar_base_node.pc'
[60.020s] colcon.colcon_core.environment Level 1 checking '/home/jetson/yahboomcar_ros2_ws_new/yahboomcar_ws/install/yahboomcar_base_node/lib/python3.10/site-packages'
[60.020s] colcon.colcon_core.environment Level 1 checking '/home/jetson/yahboomcar_ros2_ws_new/yahboomcar_ws/install/yahboomcar_base_node/bin'
[60.021s] colcon.colcon_core.shell INFO Creating package script '/home/jetson/yahboomcar_ros2_ws_new/yahboomcar_ws/install/yahboomcar_base_node/share/yahboomcar_base_node/package.ps1'
[60.022s] colcon.colcon_core.shell INFO Creating package descriptor '/home/jetson/yahboomcar_ros2_ws_new/yahboomcar_ws/install/yahboomcar_base_node/share/yahboomcar_base_node/package.dsv'
[60.024s] colcon.colcon_core.shell INFO Creating package script '/home/jetson/yahboomcar_ros2_ws_new/yahboomcar_ws/install/yahboomcar_base_node/share/yahboomcar_base_node/package.sh'
[60.025s] colcon.colcon_core.shell INFO Creating package script '/home/jetson/yahboomcar_ros2_ws_new/yahboomcar_ws/install/yahboomcar_base_node/share/yahboomcar_base_node/package.bash'
[60.026s] colcon.colcon_core.shell INFO Creating package script '/home/jetson/yahboomcar_ros2_ws_new/yahboomcar_ws/install/yahboomcar_base_node/share/yahboomcar_base_node/package.zsh'
[60.026s] colcon.colcon_core.environment Level 1 create_file_with_runtime_dependencies(/home/jetson/yahboomcar_ros2_ws_new/yahboomcar_ws/install/yahboomcar_base_node/share/colcon-core/packages/yahboomcar_base_node)
[60.030s] colcon.colcon_core.environment Level 1 create_environment_scripts_only(yahboomcar_base_node)
[60.032s] colcon.colcon_core.environment Level 1 checking '/home/jetson/yahboomcar_ros2_ws_new/yahboomcar_ws/install/yahboomcar_base_node' for CMake module files
[60.033s] colcon.colcon_core.environment Level 1 checking '/home/jetson/yahboomcar_ros2_ws_new/yahboomcar_ws/install/yahboomcar_base_node' for CMake config files
[60.034s] colcon.colcon_core.shell Level 1 create_environment_hook('yahboomcar_base_node', 'cmake_prefix_path')
[60.035s] colcon.colcon_core.shell INFO Creating environment hook '/home/jetson/yahboomcar_ros2_ws_new/yahboomcar_ws/install/yahboomcar_base_node/share/yahboomcar_base_node/hook/cmake_prefix_path.ps1'
[60.037s] colcon.colcon_core.shell INFO Creating environment descriptor '/home/jetson/yahboomcar_ros2_ws_new/yahboomcar_ws/install/yahboomcar_base_node/share/yahboomcar_base_node/hook/cmake_prefix_path.dsv'
[60.038s] colcon.colcon_core.shell INFO Creating environment hook '/home/jetson/yahboomcar_ros2_ws_new/yahboomcar_ws/install/yahboomcar_base_node/share/yahboomcar_base_node/hook/cmake_prefix_path.sh'
[60.040s] colcon.colcon_core.environment Level 1 checking '/home/jetson/yahboomcar_ros2_ws_new/yahboomcar_ws/install/yahboomcar_base_node/lib'
[60.040s] colcon.colcon_core.environment Level 1 checking '/home/jetson/yahboomcar_ros2_ws_new/yahboomcar_ws/install/yahboomcar_base_node/bin'
[60.040s] colcon.colcon_core.environment Level 1 checking '/home/jetson/yahboomcar_ros2_ws_new/yahboomcar_ws/install/yahboomcar_base_node/lib/pkgconfig/yahboomcar_base_node.pc'
[60.040s] colcon.colcon_core.environment Level 1 checking '/home/jetson/yahboomcar_ros2_ws_new/yahboomcar_ws/install/yahboomcar_base_node/lib/python3.10/site-packages'
[60.041s] colcon.colcon_core.environment Level 1 checking '/home/jetson/yahboomcar_ros2_ws_new/yahboomcar_ws/install/yahboomcar_base_node/bin'
[60.041s] colcon.colcon_core.shell INFO Creating package script '/home/jetson/yahboomcar_ros2_ws_new/yahboomcar_ws/install/yahboomcar_base_node/share/yahboomcar_base_node/package.ps1'
[60.055s] colcon.colcon_core.shell INFO Creating package descriptor '/home/jetson/yahboomcar_ros2_ws_new/yahboomcar_ws/install/yahboomcar_base_node/share/yahboomcar_base_node/package.dsv'
[60.058s] colcon.colcon_core.shell INFO Creating package script '/home/jetson/yahboomcar_ros2_ws_new/yahboomcar_ws/install/yahboomcar_base_node/share/yahboomcar_base_node/package.sh'
[60.060s] colcon.colcon_core.shell INFO Creating package script '/home/jetson/yahboomcar_ros2_ws_new/yahboomcar_ws/install/yahboomcar_base_node/share/yahboomcar_base_node/package.bash'
[60.061s] colcon.colcon_core.shell INFO Creating package script '/home/jetson/yahboomcar_ros2_ws_new/yahboomcar_ws/install/yahboomcar_base_node/share/yahboomcar_base_node/package.zsh'
[60.062s] colcon.colcon_core.environment Level 1 create_file_with_runtime_dependencies(/home/jetson/yahboomcar_ros2_ws_new/yahboomcar_ws/install/yahboomcar_base_node/share/colcon-core/packages/yahboomcar_base_node)
[63.006s] colcon.colcon_core.event_handler.log_command DEBUG Invoked command in '/home/jetson/yahboomcar_ros2_ws_new/yahboomcar_ws/build/yahboomcar_slam' returned '0': CMAKE_PREFIX_PATH=${CMAKE_PREFIX_PATH}:/opt/ros/humble /usr/bin/cmake /home/jetson/yahboomcar_ros2_ws_new/yahboomcar_ws/src/yahboomcar_slam -DAMENT_CMAKE_SYMLINK_INSTALL=1 -DCMAKE_INSTALL_PREFIX=/home/jetson/yahboomcar_ros2_ws_new/yahboomcar_ws/install/yahboomcar_slam
[63.009s] colcon.colcon_core.event_handler.log_command DEBUG Invoking command in '/home/jetson/yahboomcar_ros2_ws_new/yahboomcar_ws/build/yahboomcar_slam': CMAKE_PREFIX_PATH=${CMAKE_PREFIX_PATH}:/opt/ros/humble /usr/bin/cmake --build /home/jetson/yahboomcar_ros2_ws_new/yahboomcar_ws/build/yahboomcar_slam -- -j6 -l6
[63.108s] colcon.colcon_core.event_handler.log_command DEBUG Invoked command in '/home/jetson/yahboomcar_ros2_ws_new/yahboomcar_ws/build/yahboomcar_KCFTracker' returned '0': CMAKE_PREFIX_PATH=${CMAKE_PREFIX_PATH}:/opt/ros/humble /usr/bin/cmake --build /home/jetson/yahboomcar_ros2_ws_new/yahboomcar_ws/build/yahboomcar_KCFTracker -- -j6 -l6
[63.110s] colcon.colcon_core.event_handler.log_command DEBUG Invoking command in '/home/jetson/yahboomcar_ros2_ws_new/yahboomcar_ws/build/yahboomcar_KCFTracker': CMAKE_PREFIX_PATH=${CMAKE_PREFIX_PATH}:/opt/ros/humble /usr/bin/cmake --install /home/jetson/yahboomcar_ros2_ws_new/yahboomcar_ws/build/yahboomcar_KCFTracker
[63.556s] colcon.colcon_core.environment Level 1 create_environment_scripts_only(yahboomcar_KCFTracker)
[63.557s] colcon.colcon_core.environment Level 1 checking '/home/jetson/yahboomcar_ros2_ws_new/yahboomcar_ws/install/yahboomcar_KCFTracker' for CMake module files
[63.558s] colcon.colcon_core.event_handler.log_command DEBUG Invoked command in '/home/jetson/yahboomcar_ros2_ws_new/yahboomcar_ws/build/yahboomcar_KCFTracker' returned '0': CMAKE_PREFIX_PATH=${CMAKE_PREFIX_PATH}:/opt/ros/humble /usr/bin/cmake --install /home/jetson/yahboomcar_ros2_ws_new/yahboomcar_ws/build/yahboomcar_KCFTracker
[63.559s] colcon.colcon_core.environment Level 1 checking '/home/jetson/yahboomcar_ros2_ws_new/yahboomcar_ws/install/yahboomcar_KCFTracker' for CMake config files
[63.560s] colcon.colcon_core.shell Level 1 create_environment_hook('yahboomcar_KCFTracker', 'cmake_prefix_path')
[63.560s] colcon.colcon_core.shell INFO Creating environment hook '/home/jetson/yahboomcar_ros2_ws_new/yahboomcar_ws/install/yahboomcar_KCFTracker/share/yahboomcar_KCFTracker/hook/cmake_prefix_path.ps1'
[63.561s] colcon.colcon_core.shell INFO Creating environment descriptor '/home/jetson/yahboomcar_ros2_ws_new/yahboomcar_ws/install/yahboomcar_KCFTracker/share/yahboomcar_KCFTracker/hook/cmake_prefix_path.dsv'
[63.562s] colcon.colcon_core.shell INFO Creating environment hook '/home/jetson/yahboomcar_ros2_ws_new/yahboomcar_ws/install/yahboomcar_KCFTracker/share/yahboomcar_KCFTracker/hook/cmake_prefix_path.sh'
[63.563s] colcon.colcon_core.environment Level 1 checking '/home/jetson/yahboomcar_ros2_ws_new/yahboomcar_ws/install/yahboomcar_KCFTracker/lib'
[63.564s] colcon.colcon_core.environment Level 1 checking '/home/jetson/yahboomcar_ros2_ws_new/yahboomcar_ws/install/yahboomcar_KCFTracker/bin'
[63.564s] colcon.colcon_core.environment Level 1 checking '/home/jetson/yahboomcar_ros2_ws_new/yahboomcar_ws/install/yahboomcar_KCFTracker/lib/pkgconfig/yahboomcar_KCFTracker.pc'
[63.564s] colcon.colcon_core.environment Level 1 checking '/home/jetson/yahboomcar_ros2_ws_new/yahboomcar_ws/install/yahboomcar_KCFTracker/lib/python3.10/site-packages'
[63.565s] colcon.colcon_core.environment Level 1 checking '/home/jetson/yahboomcar_ros2_ws_new/yahboomcar_ws/install/yahboomcar_KCFTracker/bin'
[63.565s] colcon.colcon_core.shell INFO Creating package script '/home/jetson/yahboomcar_ros2_ws_new/yahboomcar_ws/install/yahboomcar_KCFTracker/share/yahboomcar_KCFTracker/package.ps1'
[63.566s] colcon.colcon_core.shell INFO Creating package descriptor '/home/jetson/yahboomcar_ros2_ws_new/yahboomcar_ws/install/yahboomcar_KCFTracker/share/yahboomcar_KCFTracker/package.dsv'
[63.567s] colcon.colcon_core.shell INFO Creating package script '/home/jetson/yahboomcar_ros2_ws_new/yahboomcar_ws/install/yahboomcar_KCFTracker/share/yahboomcar_KCFTracker/package.sh'
[63.568s] colcon.colcon_core.shell INFO Creating package script '/home/jetson/yahboomcar_ros2_ws_new/yahboomcar_ws/install/yahboomcar_KCFTracker/share/yahboomcar_KCFTracker/package.bash'
[63.568s] colcon.colcon_core.shell INFO Creating package script '/home/jetson/yahboomcar_ros2_ws_new/yahboomcar_ws/install/yahboomcar_KCFTracker/share/yahboomcar_KCFTracker/package.zsh'
[63.569s] colcon.colcon_core.environment Level 1 create_file_with_runtime_dependencies(/home/jetson/yahboomcar_ros2_ws_new/yahboomcar_ws/install/yahboomcar_KCFTracker/share/colcon-core/packages/yahboomcar_KCFTracker)
[63.571s] colcon.colcon_core.environment Level 1 create_environment_scripts_only(yahboomcar_KCFTracker)
[63.571s] colcon.colcon_core.environment Level 1 checking '/home/jetson/yahboomcar_ros2_ws_new/yahboomcar_ws/install/yahboomcar_KCFTracker' for CMake module files
[63.572s] colcon.colcon_core.environment Level 1 checking '/home/jetson/yahboomcar_ros2_ws_new/yahboomcar_ws/install/yahboomcar_KCFTracker' for CMake config files
[63.573s] colcon.colcon_core.shell Level 1 create_environment_hook('yahboomcar_KCFTracker', 'cmake_prefix_path')
[63.573s] colcon.colcon_core.shell INFO Creating environment hook '/home/jetson/yahboomcar_ros2_ws_new/yahboomcar_ws/install/yahboomcar_KCFTracker/share/yahboomcar_KCFTracker/hook/cmake_prefix_path.ps1'
[63.574s] colcon.colcon_core.shell INFO Creating environment descriptor '/home/jetson/yahboomcar_ros2_ws_new/yahboomcar_ws/install/yahboomcar_KCFTracker/share/yahboomcar_KCFTracker/hook/cmake_prefix_path.dsv'
[63.576s] colcon.colcon_core.shell INFO Creating environment hook '/home/jetson/yahboomcar_ros2_ws_new/yahboomcar_ws/install/yahboomcar_KCFTracker/share/yahboomcar_KCFTracker/hook/cmake_prefix_path.sh'
[63.577s] colcon.colcon_core.environment Level 1 checking '/home/jetson/yahboomcar_ros2_ws_new/yahboomcar_ws/install/yahboomcar_KCFTracker/lib'
[63.577s] colcon.colcon_core.environment Level 1 checking '/home/jetson/yahboomcar_ros2_ws_new/yahboomcar_ws/install/yahboomcar_KCFTracker/bin'
[63.578s] colcon.colcon_core.environment Level 1 checking '/home/jetson/yahboomcar_ros2_ws_new/yahboomcar_ws/install/yahboomcar_KCFTracker/lib/pkgconfig/yahboomcar_KCFTracker.pc'
[63.578s] colcon.colcon_core.environment Level 1 checking '/home/jetson/yahboomcar_ros2_ws_new/yahboomcar_ws/install/yahboomcar_KCFTracker/lib/python3.10/site-packages'
[63.578s] colcon.colcon_core.environment Level 1 checking '/home/jetson/yahboomcar_ros2_ws_new/yahboomcar_ws/install/yahboomcar_KCFTracker/bin'
[63.579s] colcon.colcon_core.shell INFO Creating package script '/home/jetson/yahboomcar_ros2_ws_new/yahboomcar_ws/install/yahboomcar_KCFTracker/share/yahboomcar_KCFTracker/package.ps1'
[63.580s] colcon.colcon_core.shell INFO Creating package descriptor '/home/jetson/yahboomcar_ros2_ws_new/yahboomcar_ws/install/yahboomcar_KCFTracker/share/yahboomcar_KCFTracker/package.dsv'
[63.581s] colcon.colcon_core.shell INFO Creating package script '/home/jetson/yahboomcar_ros2_ws_new/yahboomcar_ws/install/yahboomcar_KCFTracker/share/yahboomcar_KCFTracker/package.sh'
[63.582s] colcon.colcon_core.shell INFO Creating package script '/home/jetson/yahboomcar_ros2_ws_new/yahboomcar_ws/install/yahboomcar_KCFTracker/share/yahboomcar_KCFTracker/package.bash'
[63.583s] colcon.colcon_core.shell INFO Creating package script '/home/jetson/yahboomcar_ros2_ws_new/yahboomcar_ws/install/yahboomcar_KCFTracker/share/yahboomcar_KCFTracker/package.zsh'
[63.584s] colcon.colcon_core.environment Level 1 create_file_with_runtime_dependencies(/home/jetson/yahboomcar_ros2_ws_new/yahboomcar_ws/install/yahboomcar_KCFTracker/share/colcon-core/packages/yahboomcar_KCFTracker)
[66.365s] colcon.colcon_core.event_handler.log_command DEBUG Invoked command in '/home/jetson/yahboomcar_ros2_ws_new/yahboomcar_ws/build/yahboomcar_point' returned '0': AMENT_PREFIX_PATH=/home/jetson/yahboomcar_ros2_ws_new/yahboomcar_ws/install/yahboomcar_msgs:${AMENT_PREFIX_PATH} CMAKE_PREFIX_PATH=/home/jetson/yahboomcar_ros2_ws_new/yahboomcar_ws/install/yahboomcar_msgs:/home/jetson/yahboomcar_ws/install/yahboomcar_voice_ctrl:/home/jetson/yahboomcar_ws/install/yahboomcar_slam:/home/jetson/yahboomcar_ws/install/yahboomcar_nav:/home/jetson/yahboomcar_ws/install/yahboomcar_astra:/home/jetson/yahboomcar_ws/install/yahboomcar_ctrl:/home/jetson/yahboomcar_ws/install/yahboomcar_bringup:/home/jetson/yahboomcar_ws/install/yahboomcar_msgs:/home/jetson/yahboomcar_ws/install/yahboomcar_linefollw:/home/jetson/yahboomcar_ws/install/yahboomcar_laser:/home/jetson/yahboomcar_ws/install/yahboomcar_description:/home/jetson/yahboomcar_ws/install/ros2_orbslam:/home/jetson/yahboomcar_ws/install/cv_bridge:/home/jetson/yahboomcar_ros2_ws/software/library_ws/install/ydlidar_ros2_driver:/home/jetson/yahboomcar_ros2_ws/software/library_ws/install/web_video_server:/home/jetson/yahboomcar_ros2_ws/software/library_ws/install/teb_local_planner:/home/jetson/yahboomcar_ros2_ws/software/library_ws/install/teb_msgs:/home/jetson/yahboomcar_ros2_ws/software/library_ws/install/sllidar_ros2:/home/jetson/yahboomcar_ros2_ws/software/library_ws/install/slam_gmapping:/home/jetson/yahboomcar_ros2_ws/software/library_ws/install/robot_localization:/home/jetson/yahboomcar_ros2_ws/software/library_ws/install/openslam_gmapping:/home/jetson/yahboomcar_ros2_ws/software/library_ws/install/costmap_converter:/home/jetson/yahboomcar_ros2_ws/software/library_ws/install/costmap_converter_msgs:/home/jetson/yahboomcar_ros2_ws/software/library_ws/install/astra_camera:/home/jetson/yahboomcar_ros2_ws/software/library_ws/install/astra_camera_msgs:/opt/ros/humble LD_LIBRARY_PATH=/home/jetson/yahboomcar_ros2_ws_new/yahboomcar_ws/install/yahboomcar_msgs/lib:/usr/local/lib:/home/jetson/yahboomcar_ros2_ws/software/ORB_SLAM2/lib:/home/jetson/yahboomcar_ros2_ws/software/ORB_SLAM2/Thirdparty/DBoW2/lib:/home/jetson/yahboomcar_ros2_ws/software/ORB_SLAM2/Thirdparty/g2o/lib:/home/jetson/yahboomcar_ws/install/yahboomcar_astra/usr/local/lib/yahboomcar_astra:/usr/local/lib:/usr/local/cuda-12.6/lib64:/usr/local/lib:/home/jetson/yahboomcar_ros2_ws/software/ORB_SLAM2/lib:/home/jetson/yahboomcar_ros2_ws/software/ORB_SLAM2/Thirdparty/DBoW2/lib:/home/jetson/yahboomcar_ros2_ws/software/ORB_SLAM2/Thirdparty/g2o/lib:/home/jetson/yahboomcar_ws/install/yahboomcar_astra/usr/local/lib/yahboomcar_astra:/home/jetson/yahboomcar_ws/install/yahboomcar_astra/lib:/home/jetson/yahboomcar_ws/install/yahboomcar_msgs/lib:/home/jetson/yahboomcar_ws/install/cv_bridge/lib:/home/jetson/yahboomcar_ros2_ws/software/library_ws/install/teb_local_planner/lib:/home/jetson/yahboomcar_ros2_ws/software/library_ws/install/teb_msgs/lib:/home/jetson/yahboomcar_ros2_ws/software/library_ws/install/robot_localization/lib:/home/jetson/yahboomcar_ros2_ws/software/library_ws/install/openslam_gmapping/lib:/home/jetson/yahboomcar_ros2_ws/software/library_ws/install/costmap_converter/lib:/home/jetson/yahboomcar_ros2_ws/software/library_ws/install/costmap_converter_msgs/lib:/home/jetson/yahboomcar_ros2_ws/software/library_ws/install/astra_camera/lib:/home/jetson/yahboomcar_ros2_ws/software/library_ws/install/astra_camera_msgs/lib:/opt/ros/humble/opt/rviz_ogre_vendor/lib:/opt/ros/humble/lib/aarch64-linux-gnu:/opt/ros/humble/lib:/usr/local/lib:/usr/local/cuda-12.6/lib64 PYTHONPATH=/home/jetson/yahboomcar_ros2_ws_new/yahboomcar_ws/install/yahboomcar_msgs/local/lib/python3.10/dist-packages:${PYTHONPATH} /usr/bin/cmake /home/jetson/yahboomcar_ros2_ws_new/yahboomcar_ws/src/yahboomcar_point -DAMENT_CMAKE_SYMLINK_INSTALL=1 -DCMAKE_INSTALL_PREFIX=/home/jetson/yahboomcar_ros2_ws_new/yahboomcar_ws/install/yahboomcar_point
[66.370s] colcon.colcon_core.event_handler.log_command DEBUG Invoking command in '/home/jetson/yahboomcar_ros2_ws_new/yahboomcar_ws/build/yahboomcar_point': AMENT_PREFIX_PATH=/home/jetson/yahboomcar_ros2_ws_new/yahboomcar_ws/install/yahboomcar_msgs:${AMENT_PREFIX_PATH} CMAKE_PREFIX_PATH=/home/jetson/yahboomcar_ros2_ws_new/yahboomcar_ws/install/yahboomcar_msgs:/home/jetson/yahboomcar_ws/install/yahboomcar_voice_ctrl:/home/jetson/yahboomcar_ws/install/yahboomcar_slam:/home/jetson/yahboomcar_ws/install/yahboomcar_nav:/home/jetson/yahboomcar_ws/install/yahboomcar_astra:/home/jetson/yahboomcar_ws/install/yahboomcar_ctrl:/home/jetson/yahboomcar_ws/install/yahboomcar_bringup:/home/jetson/yahboomcar_ws/install/yahboomcar_msgs:/home/jetson/yahboomcar_ws/install/yahboomcar_linefollw:/home/jetson/yahboomcar_ws/install/yahboomcar_laser:/home/jetson/yahboomcar_ws/install/yahboomcar_description:/home/jetson/yahboomcar_ws/install/ros2_orbslam:/home/jetson/yahboomcar_ws/install/cv_bridge:/home/jetson/yahboomcar_ros2_ws/software/library_ws/install/ydlidar_ros2_driver:/home/jetson/yahboomcar_ros2_ws/software/library_ws/install/web_video_server:/home/jetson/yahboomcar_ros2_ws/software/library_ws/install/teb_local_planner:/home/jetson/yahboomcar_ros2_ws/software/library_ws/install/teb_msgs:/home/jetson/yahboomcar_ros2_ws/software/library_ws/install/sllidar_ros2:/home/jetson/yahboomcar_ros2_ws/software/library_ws/install/slam_gmapping:/home/jetson/yahboomcar_ros2_ws/software/library_ws/install/robot_localization:/home/jetson/yahboomcar_ros2_ws/software/library_ws/install/openslam_gmapping:/home/jetson/yahboomcar_ros2_ws/software/library_ws/install/costmap_converter:/home/jetson/yahboomcar_ros2_ws/software/library_ws/install/costmap_converter_msgs:/home/jetson/yahboomcar_ros2_ws/software/library_ws/install/astra_camera:/home/jetson/yahboomcar_ros2_ws/software/library_ws/install/astra_camera_msgs:/opt/ros/humble LD_LIBRARY_PATH=/home/jetson/yahboomcar_ros2_ws_new/yahboomcar_ws/install/yahboomcar_msgs/lib:/usr/local/lib:/home/jetson/yahboomcar_ros2_ws/software/ORB_SLAM2/lib:/home/jetson/yahboomcar_ros2_ws/software/ORB_SLAM2/Thirdparty/DBoW2/lib:/home/jetson/yahboomcar_ros2_ws/software/ORB_SLAM2/Thirdparty/g2o/lib:/home/jetson/yahboomcar_ws/install/yahboomcar_astra/usr/local/lib/yahboomcar_astra:/usr/local/lib:/usr/local/cuda-12.6/lib64:/usr/local/lib:/home/jetson/yahboomcar_ros2_ws/software/ORB_SLAM2/lib:/home/jetson/yahboomcar_ros2_ws/software/ORB_SLAM2/Thirdparty/DBoW2/lib:/home/jetson/yahboomcar_ros2_ws/software/ORB_SLAM2/Thirdparty/g2o/lib:/home/jetson/yahboomcar_ws/install/yahboomcar_astra/usr/local/lib/yahboomcar_astra:/home/jetson/yahboomcar_ws/install/yahboomcar_astra/lib:/home/jetson/yahboomcar_ws/install/yahboomcar_msgs/lib:/home/jetson/yahboomcar_ws/install/cv_bridge/lib:/home/jetson/yahboomcar_ros2_ws/software/library_ws/install/teb_local_planner/lib:/home/jetson/yahboomcar_ros2_ws/software/library_ws/install/teb_msgs/lib:/home/jetson/yahboomcar_ros2_ws/software/library_ws/install/robot_localization/lib:/home/jetson/yahboomcar_ros2_ws/software/library_ws/install/openslam_gmapping/lib:/home/jetson/yahboomcar_ros2_ws/software/library_ws/install/costmap_converter/lib:/home/jetson/yahboomcar_ros2_ws/software/library_ws/install/costmap_converter_msgs/lib:/home/jetson/yahboomcar_ros2_ws/software/library_ws/install/astra_camera/lib:/home/jetson/yahboomcar_ros2_ws/software/library_ws/install/astra_camera_msgs/lib:/opt/ros/humble/opt/rviz_ogre_vendor/lib:/opt/ros/humble/lib/aarch64-linux-gnu:/opt/ros/humble/lib:/usr/local/lib:/usr/local/cuda-12.6/lib64 PYTHONPATH=/home/jetson/yahboomcar_ros2_ws_new/yahboomcar_ws/install/yahboomcar_msgs/local/lib/python3.10/dist-packages:${PYTHONPATH} /usr/bin/cmake --build /home/jetson/yahboomcar_ros2_ws_new/yahboomcar_ws/build/yahboomcar_point -- -j6 -l6
[99.179s] colcon.colcon_core.event_handler.log_command DEBUG Invoked command in '/home/jetson/yahboomcar_ros2_ws_new/yahboomcar_ws/build/yahboomcar_point' returned '0': AMENT_PREFIX_PATH=/home/jetson/yahboomcar_ros2_ws_new/yahboomcar_ws/install/yahboomcar_msgs:${AMENT_PREFIX_PATH} CMAKE_PREFIX_PATH=/home/jetson/yahboomcar_ros2_ws_new/yahboomcar_ws/install/yahboomcar_msgs:/home/jetson/yahboomcar_ws/install/yahboomcar_voice_ctrl:/home/jetson/yahboomcar_ws/install/yahboomcar_slam:/home/jetson/yahboomcar_ws/install/yahboomcar_nav:/home/jetson/yahboomcar_ws/install/yahboomcar_astra:/home/jetson/yahboomcar_ws/install/yahboomcar_ctrl:/home/jetson/yahboomcar_ws/install/yahboomcar_bringup:/home/jetson/yahboomcar_ws/install/yahboomcar_msgs:/home/jetson/yahboomcar_ws/install/yahboomcar_linefollw:/home/jetson/yahboomcar_ws/install/yahboomcar_laser:/home/jetson/yahboomcar_ws/install/yahboomcar_description:/home/jetson/yahboomcar_ws/install/ros2_orbslam:/home/jetson/yahboomcar_ws/install/cv_bridge:/home/jetson/yahboomcar_ros2_ws/software/library_ws/install/ydlidar_ros2_driver:/home/jetson/yahboomcar_ros2_ws/software/library_ws/install/web_video_server:/home/jetson/yahboomcar_ros2_ws/software/library_ws/install/teb_local_planner:/home/jetson/yahboomcar_ros2_ws/software/library_ws/install/teb_msgs:/home/jetson/yahboomcar_ros2_ws/software/library_ws/install/sllidar_ros2:/home/jetson/yahboomcar_ros2_ws/software/library_ws/install/slam_gmapping:/home/jetson/yahboomcar_ros2_ws/software/library_ws/install/robot_localization:/home/jetson/yahboomcar_ros2_ws/software/library_ws/install/openslam_gmapping:/home/jetson/yahboomcar_ros2_ws/software/library_ws/install/costmap_converter:/home/jetson/yahboomcar_ros2_ws/software/library_ws/install/costmap_converter_msgs:/home/jetson/yahboomcar_ros2_ws/software/library_ws/install/astra_camera:/home/jetson/yahboomcar_ros2_ws/software/library_ws/install/astra_camera_msgs:/opt/ros/humble LD_LIBRARY_PATH=/home/jetson/yahboomcar_ros2_ws_new/yahboomcar_ws/install/yahboomcar_msgs/lib:/usr/local/lib:/home/jetson/yahboomcar_ros2_ws/software/ORB_SLAM2/lib:/home/jetson/yahboomcar_ros2_ws/software/ORB_SLAM2/Thirdparty/DBoW2/lib:/home/jetson/yahboomcar_ros2_ws/software/ORB_SLAM2/Thirdparty/g2o/lib:/home/jetson/yahboomcar_ws/install/yahboomcar_astra/usr/local/lib/yahboomcar_astra:/usr/local/lib:/usr/local/cuda-12.6/lib64:/usr/local/lib:/home/jetson/yahboomcar_ros2_ws/software/ORB_SLAM2/lib:/home/jetson/yahboomcar_ros2_ws/software/ORB_SLAM2/Thirdparty/DBoW2/lib:/home/jetson/yahboomcar_ros2_ws/software/ORB_SLAM2/Thirdparty/g2o/lib:/home/jetson/yahboomcar_ws/install/yahboomcar_astra/usr/local/lib/yahboomcar_astra:/home/jetson/yahboomcar_ws/install/yahboomcar_astra/lib:/home/jetson/yahboomcar_ws/install/yahboomcar_msgs/lib:/home/jetson/yahboomcar_ws/install/cv_bridge/lib:/home/jetson/yahboomcar_ros2_ws/software/library_ws/install/teb_local_planner/lib:/home/jetson/yahboomcar_ros2_ws/software/library_ws/install/teb_msgs/lib:/home/jetson/yahboomcar_ros2_ws/software/library_ws/install/robot_localization/lib:/home/jetson/yahboomcar_ros2_ws/software/library_ws/install/openslam_gmapping/lib:/home/jetson/yahboomcar_ros2_ws/software/library_ws/install/costmap_converter/lib:/home/jetson/yahboomcar_ros2_ws/software/library_ws/install/costmap_converter_msgs/lib:/home/jetson/yahboomcar_ros2_ws/software/library_ws/install/astra_camera/lib:/home/jetson/yahboomcar_ros2_ws/software/library_ws/install/astra_camera_msgs/lib:/opt/ros/humble/opt/rviz_ogre_vendor/lib:/opt/ros/humble/lib/aarch64-linux-gnu:/opt/ros/humble/lib:/usr/local/lib:/usr/local/cuda-12.6/lib64 PYTHONPATH=/home/jetson/yahboomcar_ros2_ws_new/yahboomcar_ws/install/yahboomcar_msgs/local/lib/python3.10/dist-packages:${PYTHONPATH} /usr/bin/cmake --build /home/jetson/yahboomcar_ros2_ws_new/yahboomcar_ws/build/yahboomcar_point -- -j6 -l6
[99.185s] colcon.colcon_core.event_handler.log_command DEBUG Invoking command in '/home/jetson/yahboomcar_ros2_ws_new/yahboomcar_ws/build/yahboomcar_point': AMENT_PREFIX_PATH=/home/jetson/yahboomcar_ros2_ws_new/yahboomcar_ws/install/yahboomcar_msgs:${AMENT_PREFIX_PATH} CMAKE_PREFIX_PATH=/home/jetson/yahboomcar_ros2_ws_new/yahboomcar_ws/install/yahboomcar_msgs:/home/jetson/yahboomcar_ws/install/yahboomcar_voice_ctrl:/home/jetson/yahboomcar_ws/install/yahboomcar_slam:/home/jetson/yahboomcar_ws/install/yahboomcar_nav:/home/jetson/yahboomcar_ws/install/yahboomcar_astra:/home/jetson/yahboomcar_ws/install/yahboomcar_ctrl:/home/jetson/yahboomcar_ws/install/yahboomcar_bringup:/home/jetson/yahboomcar_ws/install/yahboomcar_msgs:/home/jetson/yahboomcar_ws/install/yahboomcar_linefollw:/home/jetson/yahboomcar_ws/install/yahboomcar_laser:/home/jetson/yahboomcar_ws/install/yahboomcar_description:/home/jetson/yahboomcar_ws/install/ros2_orbslam:/home/jetson/yahboomcar_ws/install/cv_bridge:/home/jetson/yahboomcar_ros2_ws/software/library_ws/install/ydlidar_ros2_driver:/home/jetson/yahboomcar_ros2_ws/software/library_ws/install/web_video_server:/home/jetson/yahboomcar_ros2_ws/software/library_ws/install/teb_local_planner:/home/jetson/yahboomcar_ros2_ws/software/library_ws/install/teb_msgs:/home/jetson/yahboomcar_ros2_ws/software/library_ws/install/sllidar_ros2:/home/jetson/yahboomcar_ros2_ws/software/library_ws/install/slam_gmapping:/home/jetson/yahboomcar_ros2_ws/software/library_ws/install/robot_localization:/home/jetson/yahboomcar_ros2_ws/software/library_ws/install/openslam_gmapping:/home/jetson/yahboomcar_ros2_ws/software/library_ws/install/costmap_converter:/home/jetson/yahboomcar_ros2_ws/software/library_ws/install/costmap_converter_msgs:/home/jetson/yahboomcar_ros2_ws/software/library_ws/install/astra_camera:/home/jetson/yahboomcar_ros2_ws/software/library_ws/install/astra_camera_msgs:/opt/ros/humble LD_LIBRARY_PATH=/home/jetson/yahboomcar_ros2_ws_new/yahboomcar_ws/install/yahboomcar_msgs/lib:/usr/local/lib:/home/jetson/yahboomcar_ros2_ws/software/ORB_SLAM2/lib:/home/jetson/yahboomcar_ros2_ws/software/ORB_SLAM2/Thirdparty/DBoW2/lib:/home/jetson/yahboomcar_ros2_ws/software/ORB_SLAM2/Thirdparty/g2o/lib:/home/jetson/yahboomcar_ws/install/yahboomcar_astra/usr/local/lib/yahboomcar_astra:/usr/local/lib:/usr/local/cuda-12.6/lib64:/usr/local/lib:/home/jetson/yahboomcar_ros2_ws/software/ORB_SLAM2/lib:/home/jetson/yahboomcar_ros2_ws/software/ORB_SLAM2/Thirdparty/DBoW2/lib:/home/jetson/yahboomcar_ros2_ws/software/ORB_SLAM2/Thirdparty/g2o/lib:/home/jetson/yahboomcar_ws/install/yahboomcar_astra/usr/local/lib/yahboomcar_astra:/home/jetson/yahboomcar_ws/install/yahboomcar_astra/lib:/home/jetson/yahboomcar_ws/install/yahboomcar_msgs/lib:/home/jetson/yahboomcar_ws/install/cv_bridge/lib:/home/jetson/yahboomcar_ros2_ws/software/library_ws/install/teb_local_planner/lib:/home/jetson/yahboomcar_ros2_ws/software/library_ws/install/teb_msgs/lib:/home/jetson/yahboomcar_ros2_ws/software/library_ws/install/robot_localization/lib:/home/jetson/yahboomcar_ros2_ws/software/library_ws/install/openslam_gmapping/lib:/home/jetson/yahboomcar_ros2_ws/software/library_ws/install/costmap_converter/lib:/home/jetson/yahboomcar_ros2_ws/software/library_ws/install/costmap_converter_msgs/lib:/home/jetson/yahboomcar_ros2_ws/software/library_ws/install/astra_camera/lib:/home/jetson/yahboomcar_ros2_ws/software/library_ws/install/astra_camera_msgs/lib:/opt/ros/humble/opt/rviz_ogre_vendor/lib:/opt/ros/humble/lib/aarch64-linux-gnu:/opt/ros/humble/lib:/usr/local/lib:/usr/local/cuda-12.6/lib64 PYTHONPATH=/home/jetson/yahboomcar_ros2_ws_new/yahboomcar_ws/install/yahboomcar_msgs/local/lib/python3.10/dist-packages:${PYTHONPATH} /usr/bin/cmake --install /home/jetson/yahboomcar_ros2_ws_new/yahboomcar_ws/build/yahboomcar_point
[99.589s] colcon.colcon_core.environment Level 1 create_environment_scripts_only(yahboomcar_point)
[99.590s] colcon.colcon_core.environment Level 1 checking '/home/jetson/yahboomcar_ros2_ws_new/yahboomcar_ws/install/yahboomcar_point' for CMake module files
[99.592s] colcon.colcon_core.event_handler.log_command DEBUG Invoked command in '/home/jetson/yahboomcar_ros2_ws_new/yahboomcar_ws/build/yahboomcar_point' returned '0': AMENT_PREFIX_PATH=/home/jetson/yahboomcar_ros2_ws_new/yahboomcar_ws/install/yahboomcar_msgs:${AMENT_PREFIX_PATH} CMAKE_PREFIX_PATH=/home/jetson/yahboomcar_ros2_ws_new/yahboomcar_ws/install/yahboomcar_msgs:/home/jetson/yahboomcar_ws/install/yahboomcar_voice_ctrl:/home/jetson/yahboomcar_ws/install/yahboomcar_slam:/home/jetson/yahboomcar_ws/install/yahboomcar_nav:/home/jetson/yahboomcar_ws/install/yahboomcar_astra:/home/jetson/yahboomcar_ws/install/yahboomcar_ctrl:/home/jetson/yahboomcar_ws/install/yahboomcar_bringup:/home/jetson/yahboomcar_ws/install/yahboomcar_msgs:/home/jetson/yahboomcar_ws/install/yahboomcar_linefollw:/home/jetson/yahboomcar_ws/install/yahboomcar_laser:/home/jetson/yahboomcar_ws/install/yahboomcar_description:/home/jetson/yahboomcar_ws/install/ros2_orbslam:/home/jetson/yahboomcar_ws/install/cv_bridge:/home/jetson/yahboomcar_ros2_ws/software/library_ws/install/ydlidar_ros2_driver:/home/jetson/yahboomcar_ros2_ws/software/library_ws/install/web_video_server:/home/jetson/yahboomcar_ros2_ws/software/library_ws/install/teb_local_planner:/home/jetson/yahboomcar_ros2_ws/software/library_ws/install/teb_msgs:/home/jetson/yahboomcar_ros2_ws/software/library_ws/install/sllidar_ros2:/home/jetson/yahboomcar_ros2_ws/software/library_ws/install/slam_gmapping:/home/jetson/yahboomcar_ros2_ws/software/library_ws/install/robot_localization:/home/jetson/yahboomcar_ros2_ws/software/library_ws/install/openslam_gmapping:/home/jetson/yahboomcar_ros2_ws/software/library_ws/install/costmap_converter:/home/jetson/yahboomcar_ros2_ws/software/library_ws/install/costmap_converter_msgs:/home/jetson/yahboomcar_ros2_ws/software/library_ws/install/astra_camera:/home/jetson/yahboomcar_ros2_ws/software/library_ws/install/astra_camera_msgs:/opt/ros/humble LD_LIBRARY_PATH=/home/jetson/yahboomcar_ros2_ws_new/yahboomcar_ws/install/yahboomcar_msgs/lib:/usr/local/lib:/home/jetson/yahboomcar_ros2_ws/software/ORB_SLAM2/lib:/home/jetson/yahboomcar_ros2_ws/software/ORB_SLAM2/Thirdparty/DBoW2/lib:/home/jetson/yahboomcar_ros2_ws/software/ORB_SLAM2/Thirdparty/g2o/lib:/home/jetson/yahboomcar_ws/install/yahboomcar_astra/usr/local/lib/yahboomcar_astra:/usr/local/lib:/usr/local/cuda-12.6/lib64:/usr/local/lib:/home/jetson/yahboomcar_ros2_ws/software/ORB_SLAM2/lib:/home/jetson/yahboomcar_ros2_ws/software/ORB_SLAM2/Thirdparty/DBoW2/lib:/home/jetson/yahboomcar_ros2_ws/software/ORB_SLAM2/Thirdparty/g2o/lib:/home/jetson/yahboomcar_ws/install/yahboomcar_astra/usr/local/lib/yahboomcar_astra:/home/jetson/yahboomcar_ws/install/yahboomcar_astra/lib:/home/jetson/yahboomcar_ws/install/yahboomcar_msgs/lib:/home/jetson/yahboomcar_ws/install/cv_bridge/lib:/home/jetson/yahboomcar_ros2_ws/software/library_ws/install/teb_local_planner/lib:/home/jetson/yahboomcar_ros2_ws/software/library_ws/install/teb_msgs/lib:/home/jetson/yahboomcar_ros2_ws/software/library_ws/install/robot_localization/lib:/home/jetson/yahboomcar_ros2_ws/software/library_ws/install/openslam_gmapping/lib:/home/jetson/yahboomcar_ros2_ws/software/library_ws/install/costmap_converter/lib:/home/jetson/yahboomcar_ros2_ws/software/library_ws/install/costmap_converter_msgs/lib:/home/jetson/yahboomcar_ros2_ws/software/library_ws/install/astra_camera/lib:/home/jetson/yahboomcar_ros2_ws/software/library_ws/install/astra_camera_msgs/lib:/opt/ros/humble/opt/rviz_ogre_vendor/lib:/opt/ros/humble/lib/aarch64-linux-gnu:/opt/ros/humble/lib:/usr/local/lib:/usr/local/cuda-12.6/lib64 PYTHONPATH=/home/jetson/yahboomcar_ros2_ws_new/yahboomcar_ws/install/yahboomcar_msgs/local/lib/python3.10/dist-packages:${PYTHONPATH} /usr/bin/cmake --install /home/jetson/yahboomcar_ros2_ws_new/yahboomcar_ws/build/yahboomcar_point
[99.594s] colcon.colcon_core.environment Level 1 checking '/home/jetson/yahboomcar_ros2_ws_new/yahboomcar_ws/install/yahboomcar_point' for CMake config files
[99.594s] colcon.colcon_core.shell Level 1 create_environment_hook('yahboomcar_point', 'cmake_prefix_path')
[99.595s] colcon.colcon_core.shell INFO Creating environment hook '/home/jetson/yahboomcar_ros2_ws_new/yahboomcar_ws/install/yahboomcar_point/share/yahboomcar_point/hook/cmake_prefix_path.ps1'
[99.598s] colcon.colcon_core.shell INFO Creating environment descriptor '/home/jetson/yahboomcar_ros2_ws_new/yahboomcar_ws/install/yahboomcar_point/share/yahboomcar_point/hook/cmake_prefix_path.dsv'
[99.599s] colcon.colcon_core.shell INFO Creating environment hook '/home/jetson/yahboomcar_ros2_ws_new/yahboomcar_ws/install/yahboomcar_point/share/yahboomcar_point/hook/cmake_prefix_path.sh'
[99.601s] colcon.colcon_core.environment Level 1 checking '/home/jetson/yahboomcar_ros2_ws_new/yahboomcar_ws/install/yahboomcar_point/lib'
[99.602s] colcon.colcon_core.environment Level 1 checking '/home/jetson/yahboomcar_ros2_ws_new/yahboomcar_ws/install/yahboomcar_point/bin'
[99.602s] colcon.colcon_core.environment Level 1 checking '/home/jetson/yahboomcar_ros2_ws_new/yahboomcar_ws/install/yahboomcar_point/lib/pkgconfig/yahboomcar_point.pc'
[99.603s] colcon.colcon_core.environment Level 1 checking '/home/jetson/yahboomcar_ros2_ws_new/yahboomcar_ws/install/yahboomcar_point/lib/python3.10/site-packages'
[99.604s] colcon.colcon_core.environment Level 1 checking '/home/jetson/yahboomcar_ros2_ws_new/yahboomcar_ws/install/yahboomcar_point/bin'
[99.605s] colcon.colcon_core.shell INFO Creating package script '/home/jetson/yahboomcar_ros2_ws_new/yahboomcar_ws/install/yahboomcar_point/share/yahboomcar_point/package.ps1'
[99.606s] colcon.colcon_core.shell INFO Creating package descriptor '/home/jetson/yahboomcar_ros2_ws_new/yahboomcar_ws/install/yahboomcar_point/share/yahboomcar_point/package.dsv'
[99.608s] colcon.colcon_core.shell INFO Creating package script '/home/jetson/yahboomcar_ros2_ws_new/yahboomcar_ws/install/yahboomcar_point/share/yahboomcar_point/package.sh'
[99.610s] colcon.colcon_core.shell INFO Creating package script '/home/jetson/yahboomcar_ros2_ws_new/yahboomcar_ws/install/yahboomcar_point/share/yahboomcar_point/package.bash'
[99.611s] colcon.colcon_core.shell INFO Creating package script '/home/jetson/yahboomcar_ros2_ws_new/yahboomcar_ws/install/yahboomcar_point/share/yahboomcar_point/package.zsh'
[99.612s] colcon.colcon_core.environment Level 1 create_file_with_runtime_dependencies(/home/jetson/yahboomcar_ros2_ws_new/yahboomcar_ws/install/yahboomcar_point/share/colcon-core/packages/yahboomcar_point)
[99.615s] colcon.colcon_core.environment Level 1 create_environment_scripts_only(yahboomcar_point)
[99.616s] colcon.colcon_core.environment Level 1 checking '/home/jetson/yahboomcar_ros2_ws_new/yahboomcar_ws/install/yahboomcar_point' for CMake module files
[99.618s] colcon.colcon_core.environment Level 1 checking '/home/jetson/yahboomcar_ros2_ws_new/yahboomcar_ws/install/yahboomcar_point' for CMake config files
[99.619s] colcon.colcon_core.shell Level 1 create_environment_hook('yahboomcar_point', 'cmake_prefix_path')
[99.619s] colcon.colcon_core.shell INFO Creating environment hook '/home/jetson/yahboomcar_ros2_ws_new/yahboomcar_ws/install/yahboomcar_point/share/yahboomcar_point/hook/cmake_prefix_path.ps1'
[99.621s] colcon.colcon_core.shell INFO Creating environment descriptor '/home/jetson/yahboomcar_ros2_ws_new/yahboomcar_ws/install/yahboomcar_point/share/yahboomcar_point/hook/cmake_prefix_path.dsv'
[99.622s] colcon.colcon_core.shell INFO Creating environment hook '/home/jetson/yahboomcar_ros2_ws_new/yahboomcar_ws/install/yahboomcar_point/share/yahboomcar_point/hook/cmake_prefix_path.sh'
[99.624s] colcon.colcon_core.environment Level 1 checking '/home/jetson/yahboomcar_ros2_ws_new/yahboomcar_ws/install/yahboomcar_point/lib'
[99.625s] colcon.colcon_core.environment Level 1 checking '/home/jetson/yahboomcar_ros2_ws_new/yahboomcar_ws/install/yahboomcar_point/bin'
[99.625s] colcon.colcon_core.environment Level 1 checking '/home/jetson/yahboomcar_ros2_ws_new/yahboomcar_ws/install/yahboomcar_point/lib/pkgconfig/yahboomcar_point.pc'
[99.626s] colcon.colcon_core.environment Level 1 checking '/home/jetson/yahboomcar_ros2_ws_new/yahboomcar_ws/install/yahboomcar_point/lib/python3.10/site-packages'
[99.626s] colcon.colcon_core.environment Level 1 checking '/home/jetson/yahboomcar_ros2_ws_new/yahboomcar_ws/install/yahboomcar_point/bin'
[99.628s] colcon.colcon_core.shell INFO Creating package script '/home/jetson/yahboomcar_ros2_ws_new/yahboomcar_ws/install/yahboomcar_point/share/yahboomcar_point/package.ps1'
[99.630s] colcon.colcon_core.shell INFO Creating package descriptor '/home/jetson/yahboomcar_ros2_ws_new/yahboomcar_ws/install/yahboomcar_point/share/yahboomcar_point/package.dsv'
[99.631s] colcon.colcon_core.shell INFO Creating package script '/home/jetson/yahboomcar_ros2_ws_new/yahboomcar_ws/install/yahboomcar_point/share/yahboomcar_point/package.sh'
[99.633s] colcon.colcon_core.shell INFO Creating package script '/home/jetson/yahboomcar_ros2_ws_new/yahboomcar_ws/install/yahboomcar_point/share/yahboomcar_point/package.bash'
[99.634s] colcon.colcon_core.shell INFO Creating package script '/home/jetson/yahboomcar_ros2_ws_new/yahboomcar_ws/install/yahboomcar_point/share/yahboomcar_point/package.zsh'
[99.636s] colcon.colcon_core.environment Level 1 create_file_with_runtime_dependencies(/home/jetson/yahboomcar_ros2_ws_new/yahboomcar_ws/install/yahboomcar_point/share/colcon-core/packages/yahboomcar_point)
[147.342s] colcon.colcon_core.event_handler.log_command DEBUG Invoked command in '/home/jetson/yahboomcar_ros2_ws_new/yahboomcar_ws/build/yahboomcar_slam' returned '0': CMAKE_PREFIX_PATH=${CMAKE_PREFIX_PATH}:/opt/ros/humble /usr/bin/cmake --build /home/jetson/yahboomcar_ros2_ws_new/yahboomcar_ws/build/yahboomcar_slam -- -j6 -l6
[147.346s] colcon.colcon_core.event_handler.log_command DEBUG Invoking command in '/home/jetson/yahboomcar_ros2_ws_new/yahboomcar_ws/build/yahboomcar_slam': CMAKE_PREFIX_PATH=${CMAKE_PREFIX_PATH}:/opt/ros/humble /usr/bin/cmake --install /home/jetson/yahboomcar_ros2_ws_new/yahboomcar_ws/build/yahboomcar_slam
[148.160s] colcon.colcon_core.environment Level 1 create_environment_scripts_only(yahboomcar_slam)
[148.161s] colcon.colcon_core.environment Level 1 checking '/home/jetson/yahboomcar_ros2_ws_new/yahboomcar_ws/install/yahboomcar_slam' for CMake module files
[148.163s] colcon.colcon_core.event_handler.log_command DEBUG Invoked command in '/home/jetson/yahboomcar_ros2_ws_new/yahboomcar_ws/build/yahboomcar_slam' returned '0': CMAKE_PREFIX_PATH=${CMAKE_PREFIX_PATH}:/opt/ros/humble /usr/bin/cmake --install /home/jetson/yahboomcar_ros2_ws_new/yahboomcar_ws/build/yahboomcar_slam
[148.164s] colcon.colcon_core.environment Level 1 checking '/home/jetson/yahboomcar_ros2_ws_new/yahboomcar_ws/install/yahboomcar_slam' for CMake config files
[148.166s] colcon.colcon_core.shell Level 1 create_environment_hook('yahboomcar_slam', 'cmake_prefix_path')
[148.167s] colcon.colcon_core.shell INFO Creating environment hook '/home/jetson/yahboomcar_ros2_ws_new/yahboomcar_ws/install/yahboomcar_slam/share/yahboomcar_slam/hook/cmake_prefix_path.ps1'
[148.169s] colcon.colcon_core.shell INFO Creating environment descriptor '/home/jetson/yahboomcar_ros2_ws_new/yahboomcar_ws/install/yahboomcar_slam/share/yahboomcar_slam/hook/cmake_prefix_path.dsv'
[148.170s] colcon.colcon_core.shell INFO Creating environment hook '/home/jetson/yahboomcar_ros2_ws_new/yahboomcar_ws/install/yahboomcar_slam/share/yahboomcar_slam/hook/cmake_prefix_path.sh'
[148.173s] colcon.colcon_core.environment Level 1 checking '/home/jetson/yahboomcar_ros2_ws_new/yahboomcar_ws/install/yahboomcar_slam/lib'
[148.173s] colcon.colcon_core.environment Level 1 checking '/home/jetson/yahboomcar_ros2_ws_new/yahboomcar_ws/install/yahboomcar_slam/bin'
[148.173s] colcon.colcon_core.environment Level 1 checking '/home/jetson/yahboomcar_ros2_ws_new/yahboomcar_ws/install/yahboomcar_slam/lib/pkgconfig/yahboomcar_slam.pc'
[148.174s] colcon.colcon_core.environment Level 1 checking '/home/jetson/yahboomcar_ros2_ws_new/yahboomcar_ws/install/yahboomcar_slam/lib/python3.10/site-packages'
[148.176s] colcon.colcon_core.environment Level 1 checking '/home/jetson/yahboomcar_ros2_ws_new/yahboomcar_ws/install/yahboomcar_slam/bin'
[148.177s] colcon.colcon_core.shell INFO Creating package script '/home/jetson/yahboomcar_ros2_ws_new/yahboomcar_ws/install/yahboomcar_slam/share/yahboomcar_slam/package.ps1'
[148.179s] colcon.colcon_core.shell INFO Creating package descriptor '/home/jetson/yahboomcar_ros2_ws_new/yahboomcar_ws/install/yahboomcar_slam/share/yahboomcar_slam/package.dsv'
[148.180s] colcon.colcon_core.shell INFO Creating package script '/home/jetson/yahboomcar_ros2_ws_new/yahboomcar_ws/install/yahboomcar_slam/share/yahboomcar_slam/package.sh'
[148.182s] colcon.colcon_core.shell INFO Creating package script '/home/jetson/yahboomcar_ros2_ws_new/yahboomcar_ws/install/yahboomcar_slam/share/yahboomcar_slam/package.bash'
[148.183s] colcon.colcon_core.shell INFO Creating package script '/home/jetson/yahboomcar_ros2_ws_new/yahboomcar_ws/install/yahboomcar_slam/share/yahboomcar_slam/package.zsh'
[148.184s] colcon.colcon_core.environment Level 1 create_file_with_runtime_dependencies(/home/jetson/yahboomcar_ros2_ws_new/yahboomcar_ws/install/yahboomcar_slam/share/colcon-core/packages/yahboomcar_slam)
[148.187s] colcon.colcon_core.environment Level 1 create_environment_scripts_only(yahboomcar_slam)
[148.188s] colcon.colcon_core.environment Level 1 checking '/home/jetson/yahboomcar_ros2_ws_new/yahboomcar_ws/install/yahboomcar_slam' for CMake module files
[148.190s] colcon.colcon_core.environment Level 1 checking '/home/jetson/yahboomcar_ros2_ws_new/yahboomcar_ws/install/yahboomcar_slam' for CMake config files
[148.192s] colcon.colcon_core.shell Level 1 create_environment_hook('yahboomcar_slam', 'cmake_prefix_path')
[148.193s] colcon.colcon_core.shell INFO Creating environment hook '/home/jetson/yahboomcar_ros2_ws_new/yahboomcar_ws/install/yahboomcar_slam/share/yahboomcar_slam/hook/cmake_prefix_path.ps1'
[148.194s] colcon.colcon_core.shell INFO Creating environment descriptor '/home/jetson/yahboomcar_ros2_ws_new/yahboomcar_ws/install/yahboomcar_slam/share/yahboomcar_slam/hook/cmake_prefix_path.dsv'
[148.196s] colcon.colcon_core.shell INFO Creating environment hook '/home/jetson/yahboomcar_ros2_ws_new/yahboomcar_ws/install/yahboomcar_slam/share/yahboomcar_slam/hook/cmake_prefix_path.sh'
[148.198s] colcon.colcon_core.environment Level 1 checking '/home/jetson/yahboomcar_ros2_ws_new/yahboomcar_ws/install/yahboomcar_slam/lib'
[148.198s] colcon.colcon_core.environment Level 1 checking '/home/jetson/yahboomcar_ros2_ws_new/yahboomcar_ws/install/yahboomcar_slam/bin'
[148.198s] colcon.colcon_core.environment Level 1 checking '/home/jetson/yahboomcar_ros2_ws_new/yahboomcar_ws/install/yahboomcar_slam/lib/pkgconfig/yahboomcar_slam.pc'
[148.199s] colcon.colcon_core.environment Level 1 checking '/home/jetson/yahboomcar_ros2_ws_new/yahboomcar_ws/install/yahboomcar_slam/lib/python3.10/site-packages'
[148.200s] colcon.colcon_core.environment Level 1 checking '/home/jetson/yahboomcar_ros2_ws_new/yahboomcar_ws/install/yahboomcar_slam/bin'
[148.201s] colcon.colcon_core.shell INFO Creating package script '/home/jetson/yahboomcar_ros2_ws_new/yahboomcar_ws/install/yahboomcar_slam/share/yahboomcar_slam/package.ps1'
[148.203s] colcon.colcon_core.shell INFO Creating package descriptor '/home/jetson/yahboomcar_ros2_ws_new/yahboomcar_ws/install/yahboomcar_slam/share/yahboomcar_slam/package.dsv'
[148.205s] colcon.colcon_core.shell INFO Creating package script '/home/jetson/yahboomcar_ros2_ws_new/yahboomcar_ws/install/yahboomcar_slam/share/yahboomcar_slam/package.sh'
[148.207s] colcon.colcon_core.shell INFO Creating package script '/home/jetson/yahboomcar_ros2_ws_new/yahboomcar_ws/install/yahboomcar_slam/share/yahboomcar_slam/package.bash'
[148.208s] colcon.colcon_core.shell INFO Creating package script '/home/jetson/yahboomcar_ros2_ws_new/yahboomcar_ws/install/yahboomcar_slam/share/yahboomcar_slam/package.zsh'
[148.210s] colcon.colcon_core.environment Level 1 create_file_with_runtime_dependencies(/home/jetson/yahboomcar_ros2_ws_new/yahboomcar_ws/install/yahboomcar_slam/share/colcon-core/packages/yahboomcar_slam)
[148.211s] colcon.colcon_parallel_executor.executor.parallel DEBUG closing loop
[148.212s] colcon.colcon_parallel_executor.executor.parallel DEBUG loop closed
[148.212s] colcon.colcon_parallel_executor.executor.parallel DEBUG run_until_complete finished with '0'
[148.212s] colcon.colcon_core.event_reactor DEBUG joining thread
[148.231s] colcon.colcon_core.plugin_system INFO Skipping extension 'colcon_notification.desktop_notification.terminal_notifier': Not used on non-Darwin systems
[148.231s] colcon.colcon_core.plugin_system INFO Skipping extension 'colcon_notification.desktop_notification.win32': Not used on non-Windows systems
[148.232s] colcon.colcon_notification.desktop_notification INFO Sending desktop notification using 'notify2'
[148.275s] colcon.colcon_core.event_reactor DEBUG joined thread
[148.276s] colcon.colcon_core.shell INFO Creating prefix script '/home/jetson/yahboomcar_ros2_ws_new/yahboomcar_ws/install/local_setup.ps1'
[148.281s] colcon.colcon_core.shell INFO Creating prefix util module '/home/jetson/yahboomcar_ros2_ws_new/yahboomcar_ws/install/_local_setup_util_ps1.py'
[148.287s] colcon.colcon_core.shell INFO Creating prefix chain script '/home/jetson/yahboomcar_ros2_ws_new/yahboomcar_ws/install/setup.ps1'
[148.295s] colcon.colcon_core.shell INFO Creating prefix script '/home/jetson/yahboomcar_ros2_ws_new/yahboomcar_ws/install/local_setup.sh'
[148.297s] colcon.colcon_core.shell INFO Creating prefix util module '/home/jetson/yahboomcar_ros2_ws_new/yahboomcar_ws/install/_local_setup_util_sh.py'
[148.299s] colcon.colcon_core.shell INFO Creating prefix chain script '/home/jetson/yahboomcar_ros2_ws_new/yahboomcar_ws/install/setup.sh'
[148.308s] colcon.colcon_core.shell INFO Creating prefix script '/home/jetson/yahboomcar_ros2_ws_new/yahboomcar_ws/install/local_setup.bash'
[148.310s] colcon.colcon_core.shell INFO Creating prefix chain script '/home/jetson/yahboomcar_ros2_ws_new/yahboomcar_ws/install/setup.bash'
[148.318s] colcon.colcon_core.shell INFO Creating prefix script '/home/jetson/yahboomcar_ros2_ws_new/yahboomcar_ws/install/local_setup.zsh'
[148.320s] colcon.colcon_core.shell INFO Creating prefix chain script '/home/jetson/yahboomcar_ros2_ws_new/yahboomcar_ws/install/setup.zsh'
