[0.281s] colcon DEBUG Command line arguments: ['/usr/bin/colcon', 'build', '--symlink-install', '--packages-select', 'arm_color_transport', 'arm_mediapipe']
[0.282s] colcon DEBUG Parsed command line arguments: Namespace(log_base=None, log_level=None, verb_name='build', build_base='build', install_base='install', merge_install=False, symlink_install=True, test_result_base=None, continue_on_error=False, executor='parallel', parallel_workers=6, event_handlers=None, ignore_user_meta=False, metas=['./colcon.meta'], base_paths=['.'], packages_ignore=None, packages_ignore_regex=None, paths=None, packages_up_to=None, packages_up_to_regex=None, packages_above=None, packages_above_and_dependencies=None, packages_above_depth=None, packages_select_by_dep=None, packages_skip_by_dep=None, packages_skip_up_to=None, packages_select_build_failed=False, packages_skip_build_finished=False, packages_select_test_failures=False, packages_skip_test_passed=False, packages_select=['arm_color_transport', 'arm_mediapipe'], packages_skip=None, packages_select_regex=None, packages_skip_regex=None, packages_start=None, packages_end=None, allow_overriding=[], cmake_args=None, cmake_target=None, cmake_target_skip_unavailable=False, cmake_clean_cache=False, cmake_clean_first=False, cmake_force_configure=False, ament_cmake_args=None, catkin_cmake_args=None, catkin_skip_building_tests=False, mixin_files=None, mixin=None, verb_parser=<colcon_mixin.mixin.mixin_argument.MixinArgumentDecorator object at 0xffff9d930190>, verb_extension=<colcon_core.verb.build.BuildVerb object at 0xffff9d8fbc40>, main=<bound method BuildVerb.main of <colcon_core.verb.build.BuildVerb object at 0xffff9d8fbc40>>, mixin_verb=('build',))
[0.361s] colcon.colcon_core.package_discovery Level 1 discover_packages(colcon_meta) check parameters
[0.362s] colcon.colcon_core.package_discovery Level 1 discover_packages(recursive) check parameters
[0.362s] colcon.colcon_core.package_discovery Level 1 discover_packages(ignore) check parameters
[0.362s] colcon.colcon_core.package_discovery Level 1 discover_packages(path) check parameters
[0.362s] colcon.colcon_core.package_discovery Level 1 discover_packages(colcon_meta) discover
[0.362s] colcon.colcon_core.package_discovery Level 1 discover_packages(recursive) discover
[0.362s] colcon.colcon_core.package_discovery INFO Crawling recursively for packages in '/home/jetson/yahboomcar_ros2_ws_new/yahboomcar_ws'
[0.363s] colcon.colcon_core.package_identification Level 1 _identify(.) by extensions ['ignore', 'ignore_ament_install']
[0.363s] colcon.colcon_core.package_identification Level 1 _identify(.) by extension 'ignore'
[0.363s] colcon.colcon_core.package_identification Level 1 _identify(.) by extension 'ignore_ament_install'
[0.363s] colcon.colcon_core.package_identification Level 1 _identify(.) by extensions ['colcon_pkg']
[0.363s] colcon.colcon_core.package_identification Level 1 _identify(.) by extension 'colcon_pkg'
[0.363s] colcon.colcon_core.package_identification Level 1 _identify(.) by extensions ['colcon_meta']
[0.363s] colcon.colcon_core.package_identification Level 1 _identify(.) by extension 'colcon_meta'
[0.364s] colcon.colcon_core.package_identification Level 1 _identify(.) by extensions ['ros']
[0.364s] colcon.colcon_core.package_identification Level 1 _identify(.) by extension 'ros'
[0.393s] colcon.colcon_core.package_identification Level 1 _identify(.) by extensions ['cmake', 'python']
[0.393s] colcon.colcon_core.package_identification Level 1 _identify(.) by extension 'cmake'
[0.393s] colcon.colcon_core.package_identification Level 1 _identify(.) by extension 'python'
[0.393s] colcon.colcon_core.package_identification Level 1 _identify(.) by extensions ['python_setup_py']
[0.393s] colcon.colcon_core.package_identification Level 1 _identify(.) by extension 'python_setup_py'
[0.393s] colcon.colcon_core.package_identification Level 1 _identify(build) by extensions ['ignore', 'ignore_ament_install']
[0.394s] colcon.colcon_core.package_identification Level 1 _identify(build) by extension 'ignore'
[0.394s] colcon.colcon_core.package_identification Level 1 _identify(build) ignored
[0.394s] colcon.colcon_core.package_identification Level 1 _identify(install) by extensions ['ignore', 'ignore_ament_install']
[0.394s] colcon.colcon_core.package_identification Level 1 _identify(install) by extension 'ignore'
[0.394s] colcon.colcon_core.package_identification Level 1 _identify(install) ignored
[0.395s] colcon.colcon_core.package_identification Level 1 _identify(log) by extensions ['ignore', 'ignore_ament_install']
[0.395s] colcon.colcon_core.package_identification Level 1 _identify(log) by extension 'ignore'
[0.395s] colcon.colcon_core.package_identification Level 1 _identify(log) ignored
[0.395s] colcon.colcon_core.package_identification Level 1 _identify(src) by extensions ['ignore', 'ignore_ament_install']
[0.395s] colcon.colcon_core.package_identification Level 1 _identify(src) by extension 'ignore'
[0.395s] colcon.colcon_core.package_identification Level 1 _identify(src) by extension 'ignore_ament_install'
[0.395s] colcon.colcon_core.package_identification Level 1 _identify(src) by extensions ['colcon_pkg']
[0.395s] colcon.colcon_core.package_identification Level 1 _identify(src) by extension 'colcon_pkg'
[0.396s] colcon.colcon_core.package_identification Level 1 _identify(src) by extensions ['colcon_meta']
[0.396s] colcon.colcon_core.package_identification Level 1 _identify(src) by extension 'colcon_meta'
[0.396s] colcon.colcon_core.package_identification Level 1 _identify(src) by extensions ['ros']
[0.396s] colcon.colcon_core.package_identification Level 1 _identify(src) by extension 'ros'
[0.396s] colcon.colcon_core.package_identification Level 1 _identify(src) by extensions ['cmake', 'python']
[0.396s] colcon.colcon_core.package_identification Level 1 _identify(src) by extension 'cmake'
[0.396s] colcon.colcon_core.package_identification Level 1 _identify(src) by extension 'python'
[0.396s] colcon.colcon_core.package_identification Level 1 _identify(src) by extensions ['python_setup_py']
[0.396s] colcon.colcon_core.package_identification Level 1 _identify(src) by extension 'python_setup_py'
[0.396s] colcon.colcon_core.package_identification Level 1 _identify(src/arm_autopilot) by extensions ['ignore', 'ignore_ament_install']
[0.397s] colcon.colcon_core.package_identification Level 1 _identify(src/arm_autopilot) by extension 'ignore'
[0.397s] colcon.colcon_core.package_identification Level 1 _identify(src/arm_autopilot) by extension 'ignore_ament_install'
[0.397s] colcon.colcon_core.package_identification Level 1 _identify(src/arm_autopilot) by extensions ['colcon_pkg']
[0.397s] colcon.colcon_core.package_identification Level 1 _identify(src/arm_autopilot) by extension 'colcon_pkg'
[0.397s] colcon.colcon_core.package_identification Level 1 _identify(src/arm_autopilot) by extensions ['colcon_meta']
[0.397s] colcon.colcon_core.package_identification Level 1 _identify(src/arm_autopilot) by extension 'colcon_meta'
[0.397s] colcon.colcon_core.package_identification Level 1 _identify(src/arm_autopilot) by extensions ['ros']
[0.397s] colcon.colcon_core.package_identification Level 1 _identify(src/arm_autopilot) by extension 'ros'
[0.403s] colcon.colcon_core.package_identification DEBUG Package 'src/arm_autopilot' with type 'ros.ament_cmake' and name 'arm_autopilot'
[0.403s] colcon.colcon_core.package_identification Level 1 _identify(src/arm_color_transport) by extensions ['ignore', 'ignore_ament_install']
[0.403s] colcon.colcon_core.package_identification Level 1 _identify(src/arm_color_transport) by extension 'ignore'
[0.403s] colcon.colcon_core.package_identification Level 1 _identify(src/arm_color_transport) by extension 'ignore_ament_install'
[0.403s] colcon.colcon_core.package_identification Level 1 _identify(src/arm_color_transport) by extensions ['colcon_pkg']
[0.403s] colcon.colcon_core.package_identification Level 1 _identify(src/arm_color_transport) by extension 'colcon_pkg'
[0.403s] colcon.colcon_core.package_identification Level 1 _identify(src/arm_color_transport) by extensions ['colcon_meta']
[0.404s] colcon.colcon_core.package_identification Level 1 _identify(src/arm_color_transport) by extension 'colcon_meta'
[0.404s] colcon.colcon_core.package_identification Level 1 _identify(src/arm_color_transport) by extensions ['ros']
[0.404s] colcon.colcon_core.package_identification Level 1 _identify(src/arm_color_transport) by extension 'ros'
[0.406s] colcon.colcon_core.package_identification DEBUG Package 'src/arm_color_transport' with type 'ros.ament_cmake' and name 'arm_color_transport'
[0.406s] colcon.colcon_core.package_identification Level 1 _identify(src/arm_mediapipe) by extensions ['ignore', 'ignore_ament_install']
[0.406s] colcon.colcon_core.package_identification Level 1 _identify(src/arm_mediapipe) by extension 'ignore'
[0.406s] colcon.colcon_core.package_identification Level 1 _identify(src/arm_mediapipe) by extension 'ignore_ament_install'
[0.407s] colcon.colcon_core.package_identification Level 1 _identify(src/arm_mediapipe) by extensions ['colcon_pkg']
[0.407s] colcon.colcon_core.package_identification Level 1 _identify(src/arm_mediapipe) by extension 'colcon_pkg'
[0.407s] colcon.colcon_core.package_identification Level 1 _identify(src/arm_mediapipe) by extensions ['colcon_meta']
[0.407s] colcon.colcon_core.package_identification Level 1 _identify(src/arm_mediapipe) by extension 'colcon_meta'
[0.407s] colcon.colcon_core.package_identification Level 1 _identify(src/arm_mediapipe) by extensions ['ros']
[0.407s] colcon.colcon_core.package_identification Level 1 _identify(src/arm_mediapipe) by extension 'ros'
[0.409s] colcon.colcon_core.package_identification DEBUG Package 'src/arm_mediapipe' with type 'ros.ament_cmake' and name 'arm_mediapipe'
[0.409s] colcon.colcon_core.package_identification Level 1 _identify(src/laserscan_to_point_pulisher) by extensions ['ignore', 'ignore_ament_install']
[0.409s] colcon.colcon_core.package_identification Level 1 _identify(src/laserscan_to_point_pulisher) by extension 'ignore'
[0.409s] colcon.colcon_core.package_identification Level 1 _identify(src/laserscan_to_point_pulisher) by extension 'ignore_ament_install'
[0.409s] colcon.colcon_core.package_identification Level 1 _identify(src/laserscan_to_point_pulisher) by extensions ['colcon_pkg']
[0.409s] colcon.colcon_core.package_identification Level 1 _identify(src/laserscan_to_point_pulisher) by extension 'colcon_pkg'
[0.409s] colcon.colcon_core.package_identification Level 1 _identify(src/laserscan_to_point_pulisher) by extensions ['colcon_meta']
[0.409s] colcon.colcon_core.package_identification Level 1 _identify(src/laserscan_to_point_pulisher) by extension 'colcon_meta'
[0.410s] colcon.colcon_core.package_identification Level 1 _identify(src/laserscan_to_point_pulisher) by extensions ['ros']
[0.410s] colcon.colcon_core.package_identification Level 1 _identify(src/laserscan_to_point_pulisher) by extension 'ros'
[0.410s] colcon.colcon_core.package_identification DEBUG Package 'src/laserscan_to_point_pulisher' with type 'ros.ament_python' and name 'laserscan_to_point_pulisher'
[0.411s] colcon.colcon_core.package_identification Level 1 _identify(src/robot_pose_publisher_ros2) by extensions ['ignore', 'ignore_ament_install']
[0.411s] colcon.colcon_core.package_identification Level 1 _identify(src/robot_pose_publisher_ros2) by extension 'ignore'
[0.411s] colcon.colcon_core.package_identification Level 1 _identify(src/robot_pose_publisher_ros2) by extension 'ignore_ament_install'
[0.411s] colcon.colcon_core.package_identification Level 1 _identify(src/robot_pose_publisher_ros2) by extensions ['colcon_pkg']
[0.411s] colcon.colcon_core.package_identification Level 1 _identify(src/robot_pose_publisher_ros2) by extension 'colcon_pkg'
[0.411s] colcon.colcon_core.package_identification Level 1 _identify(src/robot_pose_publisher_ros2) by extensions ['colcon_meta']
[0.411s] colcon.colcon_core.package_identification Level 1 _identify(src/robot_pose_publisher_ros2) by extension 'colcon_meta'
[0.411s] colcon.colcon_core.package_identification Level 1 _identify(src/robot_pose_publisher_ros2) by extensions ['ros']
[0.411s] colcon.colcon_core.package_identification Level 1 _identify(src/robot_pose_publisher_ros2) by extension 'ros'
[0.413s] colcon.colcon_core.package_identification DEBUG Package 'src/robot_pose_publisher_ros2' with type 'ros.ament_cmake' and name 'robot_pose_publisher_ros2'
[0.413s] colcon.colcon_core.package_identification Level 1 _identify(src/yahboom_app_save_map) by extensions ['ignore', 'ignore_ament_install']
[0.413s] colcon.colcon_core.package_identification Level 1 _identify(src/yahboom_app_save_map) by extension 'ignore'
[0.413s] colcon.colcon_core.package_identification Level 1 _identify(src/yahboom_app_save_map) by extension 'ignore_ament_install'
[0.413s] colcon.colcon_core.package_identification Level 1 _identify(src/yahboom_app_save_map) by extensions ['colcon_pkg']
[0.413s] colcon.colcon_core.package_identification Level 1 _identify(src/yahboom_app_save_map) by extension 'colcon_pkg'
[0.413s] colcon.colcon_core.package_identification Level 1 _identify(src/yahboom_app_save_map) by extensions ['colcon_meta']
[0.413s] colcon.colcon_core.package_identification Level 1 _identify(src/yahboom_app_save_map) by extension 'colcon_meta'
[0.413s] colcon.colcon_core.package_identification Level 1 _identify(src/yahboom_app_save_map) by extensions ['ros']
[0.413s] colcon.colcon_core.package_identification Level 1 _identify(src/yahboom_app_save_map) by extension 'ros'
[0.414s] colcon.colcon_core.package_identification DEBUG Package 'src/yahboom_app_save_map' with type 'ros.ament_python' and name 'yahboom_app_save_map'
[0.415s] colcon.colcon_core.package_identification Level 1 _identify(src/yahboom_web_savmap_interfaces) by extensions ['ignore', 'ignore_ament_install']
[0.415s] colcon.colcon_core.package_identification Level 1 _identify(src/yahboom_web_savmap_interfaces) by extension 'ignore'
[0.415s] colcon.colcon_core.package_identification Level 1 _identify(src/yahboom_web_savmap_interfaces) by extension 'ignore_ament_install'
[0.415s] colcon.colcon_core.package_identification Level 1 _identify(src/yahboom_web_savmap_interfaces) by extensions ['colcon_pkg']
[0.415s] colcon.colcon_core.package_identification Level 1 _identify(src/yahboom_web_savmap_interfaces) by extension 'colcon_pkg'
[0.415s] colcon.colcon_core.package_identification Level 1 _identify(src/yahboom_web_savmap_interfaces) by extensions ['colcon_meta']
[0.415s] colcon.colcon_core.package_identification Level 1 _identify(src/yahboom_web_savmap_interfaces) by extension 'colcon_meta'
[0.415s] colcon.colcon_core.package_identification Level 1 _identify(src/yahboom_web_savmap_interfaces) by extensions ['ros']
[0.415s] colcon.colcon_core.package_identification Level 1 _identify(src/yahboom_web_savmap_interfaces) by extension 'ros'
[0.416s] colcon.colcon_core.package_identification DEBUG Package 'src/yahboom_web_savmap_interfaces' with type 'ros.ament_cmake' and name 'yahboom_web_savmap_interfaces'
[0.417s] colcon.colcon_core.package_identification Level 1 _identify(src/yahboomcar_KCFTracker) by extensions ['ignore', 'ignore_ament_install']
[0.417s] colcon.colcon_core.package_identification Level 1 _identify(src/yahboomcar_KCFTracker) by extension 'ignore'
[0.417s] colcon.colcon_core.package_identification Level 1 _identify(src/yahboomcar_KCFTracker) by extension 'ignore_ament_install'
[0.417s] colcon.colcon_core.package_identification Level 1 _identify(src/yahboomcar_KCFTracker) by extensions ['colcon_pkg']
[0.417s] colcon.colcon_core.package_identification Level 1 _identify(src/yahboomcar_KCFTracker) by extension 'colcon_pkg'
[0.417s] colcon.colcon_core.package_identification Level 1 _identify(src/yahboomcar_KCFTracker) by extensions ['colcon_meta']
[0.417s] colcon.colcon_core.package_identification Level 1 _identify(src/yahboomcar_KCFTracker) by extension 'colcon_meta'
[0.417s] colcon.colcon_core.package_identification Level 1 _identify(src/yahboomcar_KCFTracker) by extensions ['ros']
[0.417s] colcon.colcon_core.package_identification Level 1 _identify(src/yahboomcar_KCFTracker) by extension 'ros'
[0.419s] colcon.colcon_core.package_identification DEBUG Package 'src/yahboomcar_KCFTracker' with type 'ros.ament_cmake' and name 'yahboomcar_KCFTracker'
[0.419s] colcon.colcon_core.package_identification Level 1 _identify(src/yahboomcar_astra) by extensions ['ignore', 'ignore_ament_install']
[0.419s] colcon.colcon_core.package_identification Level 1 _identify(src/yahboomcar_astra) by extension 'ignore'
[0.419s] colcon.colcon_core.package_identification Level 1 _identify(src/yahboomcar_astra) by extension 'ignore_ament_install'
[0.419s] colcon.colcon_core.package_identification Level 1 _identify(src/yahboomcar_astra) by extensions ['colcon_pkg']
[0.420s] colcon.colcon_core.package_identification Level 1 _identify(src/yahboomcar_astra) by extension 'colcon_pkg'
[0.420s] colcon.colcon_core.package_identification Level 1 _identify(src/yahboomcar_astra) by extensions ['colcon_meta']
[0.420s] colcon.colcon_core.package_identification Level 1 _identify(src/yahboomcar_astra) by extension 'colcon_meta'
[0.420s] colcon.colcon_core.package_identification Level 1 _identify(src/yahboomcar_astra) by extensions ['ros']
[0.420s] colcon.colcon_core.package_identification Level 1 _identify(src/yahboomcar_astra) by extension 'ros'
[0.421s] colcon.colcon_core.package_identification DEBUG Package 'src/yahboomcar_astra' with type 'ros.ament_python' and name 'yahboomcar_astra'
[0.421s] colcon.colcon_core.package_identification Level 1 _identify(src/yahboomcar_base_node) by extensions ['ignore', 'ignore_ament_install']
[0.421s] colcon.colcon_core.package_identification Level 1 _identify(src/yahboomcar_base_node) by extension 'ignore'
[0.421s] colcon.colcon_core.package_identification Level 1 _identify(src/yahboomcar_base_node) by extension 'ignore_ament_install'
[0.421s] colcon.colcon_core.package_identification Level 1 _identify(src/yahboomcar_base_node) by extensions ['colcon_pkg']
[0.421s] colcon.colcon_core.package_identification Level 1 _identify(src/yahboomcar_base_node) by extension 'colcon_pkg'
[0.421s] colcon.colcon_core.package_identification Level 1 _identify(src/yahboomcar_base_node) by extensions ['colcon_meta']
[0.421s] colcon.colcon_core.package_identification Level 1 _identify(src/yahboomcar_base_node) by extension 'colcon_meta'
[0.422s] colcon.colcon_core.package_identification Level 1 _identify(src/yahboomcar_base_node) by extensions ['ros']
[0.422s] colcon.colcon_core.package_identification Level 1 _identify(src/yahboomcar_base_node) by extension 'ros'
[0.423s] colcon.colcon_core.package_identification DEBUG Package 'src/yahboomcar_base_node' with type 'ros.ament_cmake' and name 'yahboomcar_base_node'
[0.423s] colcon.colcon_core.package_identification Level 1 _identify(src/yahboomcar_bringup) by extensions ['ignore', 'ignore_ament_install']
[0.423s] colcon.colcon_core.package_identification Level 1 _identify(src/yahboomcar_bringup) by extension 'ignore'
[0.424s] colcon.colcon_core.package_identification Level 1 _identify(src/yahboomcar_bringup) by extension 'ignore_ament_install'
[0.424s] colcon.colcon_core.package_identification Level 1 _identify(src/yahboomcar_bringup) by extensions ['colcon_pkg']
[0.424s] colcon.colcon_core.package_identification Level 1 _identify(src/yahboomcar_bringup) by extension 'colcon_pkg'
[0.424s] colcon.colcon_core.package_identification Level 1 _identify(src/yahboomcar_bringup) by extensions ['colcon_meta']
[0.424s] colcon.colcon_core.package_identification Level 1 _identify(src/yahboomcar_bringup) by extension 'colcon_meta'
[0.424s] colcon.colcon_core.package_identification Level 1 _identify(src/yahboomcar_bringup) by extensions ['ros']
[0.424s] colcon.colcon_core.package_identification Level 1 _identify(src/yahboomcar_bringup) by extension 'ros'
[0.425s] colcon.colcon_core.package_identification DEBUG Package 'src/yahboomcar_bringup' with type 'ros.ament_python' and name 'yahboomcar_bringup'
[0.425s] colcon.colcon_core.package_identification Level 1 _identify(src/yahboomcar_ctrl) by extensions ['ignore', 'ignore_ament_install']
[0.425s] colcon.colcon_core.package_identification Level 1 _identify(src/yahboomcar_ctrl) by extension 'ignore'
[0.426s] colcon.colcon_core.package_identification Level 1 _identify(src/yahboomcar_ctrl) by extension 'ignore_ament_install'
[0.426s] colcon.colcon_core.package_identification Level 1 _identify(src/yahboomcar_ctrl) by extensions ['colcon_pkg']
[0.426s] colcon.colcon_core.package_identification Level 1 _identify(src/yahboomcar_ctrl) by extension 'colcon_pkg'
[0.426s] colcon.colcon_core.package_identification Level 1 _identify(src/yahboomcar_ctrl) by extensions ['colcon_meta']
[0.426s] colcon.colcon_core.package_identification Level 1 _identify(src/yahboomcar_ctrl) by extension 'colcon_meta'
[0.426s] colcon.colcon_core.package_identification Level 1 _identify(src/yahboomcar_ctrl) by extensions ['ros']
[0.426s] colcon.colcon_core.package_identification Level 1 _identify(src/yahboomcar_ctrl) by extension 'ros'
[0.427s] colcon.colcon_core.package_identification DEBUG Package 'src/yahboomcar_ctrl' with type 'ros.ament_python' and name 'yahboomcar_ctrl'
[0.427s] colcon.colcon_core.package_identification Level 1 _identify(src/yahboomcar_description) by extensions ['ignore', 'ignore_ament_install']
[0.427s] colcon.colcon_core.package_identification Level 1 _identify(src/yahboomcar_description) by extension 'ignore'
[0.427s] colcon.colcon_core.package_identification Level 1 _identify(src/yahboomcar_description) by extension 'ignore_ament_install'
[0.427s] colcon.colcon_core.package_identification Level 1 _identify(src/yahboomcar_description) by extensions ['colcon_pkg']
[0.428s] colcon.colcon_core.package_identification Level 1 _identify(src/yahboomcar_description) by extension 'colcon_pkg'
[0.428s] colcon.colcon_core.package_identification Level 1 _identify(src/yahboomcar_description) by extensions ['colcon_meta']
[0.428s] colcon.colcon_core.package_identification Level 1 _identify(src/yahboomcar_description) by extension 'colcon_meta'
[0.428s] colcon.colcon_core.package_identification Level 1 _identify(src/yahboomcar_description) by extensions ['ros']
[0.428s] colcon.colcon_core.package_identification Level 1 _identify(src/yahboomcar_description) by extension 'ros'
[0.429s] colcon.colcon_core.package_identification DEBUG Package 'src/yahboomcar_description' with type 'ros.ament_python' and name 'yahboomcar_description'
[0.429s] colcon.colcon_core.package_identification Level 1 _identify(src/yahboomcar_description_x1) by extensions ['ignore', 'ignore_ament_install']
[0.429s] colcon.colcon_core.package_identification Level 1 _identify(src/yahboomcar_description_x1) by extension 'ignore'
[0.429s] colcon.colcon_core.package_identification Level 1 _identify(src/yahboomcar_description_x1) by extension 'ignore_ament_install'
[0.429s] colcon.colcon_core.package_identification Level 1 _identify(src/yahboomcar_description_x1) by extensions ['colcon_pkg']
[0.429s] colcon.colcon_core.package_identification Level 1 _identify(src/yahboomcar_description_x1) by extension 'colcon_pkg'
[0.429s] colcon.colcon_core.package_identification Level 1 _identify(src/yahboomcar_description_x1) by extensions ['colcon_meta']
[0.429s] colcon.colcon_core.package_identification Level 1 _identify(src/yahboomcar_description_x1) by extension 'colcon_meta'
[0.430s] colcon.colcon_core.package_identification Level 1 _identify(src/yahboomcar_description_x1) by extensions ['ros']
[0.430s] colcon.colcon_core.package_identification Level 1 _identify(src/yahboomcar_description_x1) by extension 'ros'
[0.431s] colcon.colcon_core.package_identification DEBUG Package 'src/yahboomcar_description_x1' with type 'ros.ament_python' and name 'yahboomcar_description_x1'
[0.431s] colcon.colcon_core.package_identification Level 1 _identify(src/yahboomcar_laser) by extensions ['ignore', 'ignore_ament_install']
[0.431s] colcon.colcon_core.package_identification Level 1 _identify(src/yahboomcar_laser) by extension 'ignore'
[0.431s] colcon.colcon_core.package_identification Level 1 _identify(src/yahboomcar_laser) by extension 'ignore_ament_install'
[0.431s] colcon.colcon_core.package_identification Level 1 _identify(src/yahboomcar_laser) by extensions ['colcon_pkg']
[0.431s] colcon.colcon_core.package_identification Level 1 _identify(src/yahboomcar_laser) by extension 'colcon_pkg'
[0.431s] colcon.colcon_core.package_identification Level 1 _identify(src/yahboomcar_laser) by extensions ['colcon_meta']
[0.431s] colcon.colcon_core.package_identification Level 1 _identify(src/yahboomcar_laser) by extension 'colcon_meta'
[0.431s] colcon.colcon_core.package_identification Level 1 _identify(src/yahboomcar_laser) by extensions ['ros']
[0.432s] colcon.colcon_core.package_identification Level 1 _identify(src/yahboomcar_laser) by extension 'ros'
[0.433s] colcon.colcon_core.package_identification DEBUG Package 'src/yahboomcar_laser' with type 'ros.ament_python' and name 'yahboomcar_laser'
[0.433s] colcon.colcon_core.package_identification Level 1 _identify(src/yahboomcar_linefollow) by extensions ['ignore', 'ignore_ament_install']
[0.433s] colcon.colcon_core.package_identification Level 1 _identify(src/yahboomcar_linefollow) by extension 'ignore'
[0.433s] colcon.colcon_core.package_identification Level 1 _identify(src/yahboomcar_linefollow) by extension 'ignore_ament_install'
[0.433s] colcon.colcon_core.package_identification Level 1 _identify(src/yahboomcar_linefollow) by extensions ['colcon_pkg']
[0.433s] colcon.colcon_core.package_identification Level 1 _identify(src/yahboomcar_linefollow) by extension 'colcon_pkg'
[0.433s] colcon.colcon_core.package_identification Level 1 _identify(src/yahboomcar_linefollow) by extensions ['colcon_meta']
[0.433s] colcon.colcon_core.package_identification Level 1 _identify(src/yahboomcar_linefollow) by extension 'colcon_meta'
[0.434s] colcon.colcon_core.package_identification Level 1 _identify(src/yahboomcar_linefollow) by extensions ['ros']
[0.434s] colcon.colcon_core.package_identification Level 1 _identify(src/yahboomcar_linefollow) by extension 'ros'
[0.434s] colcon.colcon_core.package_identification DEBUG Package 'src/yahboomcar_linefollow' with type 'ros.ament_python' and name 'yahboomcar_linefollow'
[0.435s] colcon.colcon_core.package_identification Level 1 _identify(src/yahboomcar_mediapipe) by extensions ['ignore', 'ignore_ament_install']
[0.435s] colcon.colcon_core.package_identification Level 1 _identify(src/yahboomcar_mediapipe) by extension 'ignore'
[0.435s] colcon.colcon_core.package_identification Level 1 _identify(src/yahboomcar_mediapipe) by extension 'ignore_ament_install'
[0.435s] colcon.colcon_core.package_identification Level 1 _identify(src/yahboomcar_mediapipe) by extensions ['colcon_pkg']
[0.435s] colcon.colcon_core.package_identification Level 1 _identify(src/yahboomcar_mediapipe) by extension 'colcon_pkg'
[0.435s] colcon.colcon_core.package_identification Level 1 _identify(src/yahboomcar_mediapipe) by extensions ['colcon_meta']
[0.435s] colcon.colcon_core.package_identification Level 1 _identify(src/yahboomcar_mediapipe) by extension 'colcon_meta'
[0.435s] colcon.colcon_core.package_identification Level 1 _identify(src/yahboomcar_mediapipe) by extensions ['ros']
[0.435s] colcon.colcon_core.package_identification Level 1 _identify(src/yahboomcar_mediapipe) by extension 'ros'
[0.436s] colcon.colcon_core.package_identification DEBUG Package 'src/yahboomcar_mediapipe' with type 'ros.ament_python' and name 'yahboomcar_mediapipe'
[0.436s] colcon.colcon_core.package_identification Level 1 _identify(src/yahboomcar_msgs) by extensions ['ignore', 'ignore_ament_install']
[0.437s] colcon.colcon_core.package_identification Level 1 _identify(src/yahboomcar_msgs) by extension 'ignore'
[0.437s] colcon.colcon_core.package_identification Level 1 _identify(src/yahboomcar_msgs) by extension 'ignore_ament_install'
[0.437s] colcon.colcon_core.package_identification Level 1 _identify(src/yahboomcar_msgs) by extensions ['colcon_pkg']
[0.437s] colcon.colcon_core.package_identification Level 1 _identify(src/yahboomcar_msgs) by extension 'colcon_pkg'
[0.437s] colcon.colcon_core.package_identification Level 1 _identify(src/yahboomcar_msgs) by extensions ['colcon_meta']
[0.437s] colcon.colcon_core.package_identification Level 1 _identify(src/yahboomcar_msgs) by extension 'colcon_meta'
[0.437s] colcon.colcon_core.package_identification Level 1 _identify(src/yahboomcar_msgs) by extensions ['ros']
[0.437s] colcon.colcon_core.package_identification Level 1 _identify(src/yahboomcar_msgs) by extension 'ros'
[0.438s] colcon.colcon_core.package_identification DEBUG Package 'src/yahboomcar_msgs' with type 'ros.ament_cmake' and name 'yahboomcar_msgs'
[0.439s] colcon.colcon_core.package_identification Level 1 _identify(src/yahboomcar_multi) by extensions ['ignore', 'ignore_ament_install']
[0.439s] colcon.colcon_core.package_identification Level 1 _identify(src/yahboomcar_multi) by extension 'ignore'
[0.439s] colcon.colcon_core.package_identification Level 1 _identify(src/yahboomcar_multi) by extension 'ignore_ament_install'
[0.439s] colcon.colcon_core.package_identification Level 1 _identify(src/yahboomcar_multi) by extensions ['colcon_pkg']
[0.439s] colcon.colcon_core.package_identification Level 1 _identify(src/yahboomcar_multi) by extension 'colcon_pkg'
[0.439s] colcon.colcon_core.package_identification Level 1 _identify(src/yahboomcar_multi) by extensions ['colcon_meta']
[0.439s] colcon.colcon_core.package_identification Level 1 _identify(src/yahboomcar_multi) by extension 'colcon_meta'
[0.439s] colcon.colcon_core.package_identification Level 1 _identify(src/yahboomcar_multi) by extensions ['ros']
[0.439s] colcon.colcon_core.package_identification Level 1 _identify(src/yahboomcar_multi) by extension 'ros'
[0.440s] colcon.colcon_core.package_identification DEBUG Package 'src/yahboomcar_multi' with type 'ros.ament_python' and name 'yahboomcar_multi'
[0.440s] colcon.colcon_core.package_identification Level 1 _identify(src/yahboomcar_nav) by extensions ['ignore', 'ignore_ament_install']
[0.440s] colcon.colcon_core.package_identification Level 1 _identify(src/yahboomcar_nav) by extension 'ignore'
[0.441s] colcon.colcon_core.package_identification Level 1 _identify(src/yahboomcar_nav) by extension 'ignore_ament_install'
[0.441s] colcon.colcon_core.package_identification Level 1 _identify(src/yahboomcar_nav) by extensions ['colcon_pkg']
[0.441s] colcon.colcon_core.package_identification Level 1 _identify(src/yahboomcar_nav) by extension 'colcon_pkg'
[0.441s] colcon.colcon_core.package_identification Level 1 _identify(src/yahboomcar_nav) by extensions ['colcon_meta']
[0.441s] colcon.colcon_core.package_identification Level 1 _identify(src/yahboomcar_nav) by extension 'colcon_meta'
[0.441s] colcon.colcon_core.package_identification Level 1 _identify(src/yahboomcar_nav) by extensions ['ros']
[0.441s] colcon.colcon_core.package_identification Level 1 _identify(src/yahboomcar_nav) by extension 'ros'
[0.442s] colcon.colcon_core.package_identification DEBUG Package 'src/yahboomcar_nav' with type 'ros.ament_python' and name 'yahboomcar_nav'
[0.442s] colcon.colcon_core.package_identification Level 1 _identify(src/yahboomcar_point) by extensions ['ignore', 'ignore_ament_install']
[0.443s] colcon.colcon_core.package_identification Level 1 _identify(src/yahboomcar_point) by extension 'ignore'
[0.443s] colcon.colcon_core.package_identification Level 1 _identify(src/yahboomcar_point) by extension 'ignore_ament_install'
[0.443s] colcon.colcon_core.package_identification Level 1 _identify(src/yahboomcar_point) by extensions ['colcon_pkg']
[0.443s] colcon.colcon_core.package_identification Level 1 _identify(src/yahboomcar_point) by extension 'colcon_pkg'
[0.443s] colcon.colcon_core.package_identification Level 1 _identify(src/yahboomcar_point) by extensions ['colcon_meta']
[0.443s] colcon.colcon_core.package_identification Level 1 _identify(src/yahboomcar_point) by extension 'colcon_meta'
[0.443s] colcon.colcon_core.package_identification Level 1 _identify(src/yahboomcar_point) by extensions ['ros']
[0.443s] colcon.colcon_core.package_identification Level 1 _identify(src/yahboomcar_point) by extension 'ros'
[0.445s] colcon.colcon_core.package_identification DEBUG Package 'src/yahboomcar_point' with type 'ros.ament_cmake' and name 'yahboomcar_point'
[0.445s] colcon.colcon_core.package_identification Level 1 _identify(src/yahboomcar_rviz) by extensions ['ignore', 'ignore_ament_install']
[0.445s] colcon.colcon_core.package_identification Level 1 _identify(src/yahboomcar_rviz) by extension 'ignore'
[0.445s] colcon.colcon_core.package_identification Level 1 _identify(src/yahboomcar_rviz) by extension 'ignore_ament_install'
[0.445s] colcon.colcon_core.package_identification Level 1 _identify(src/yahboomcar_rviz) by extensions ['colcon_pkg']
[0.445s] colcon.colcon_core.package_identification Level 1 _identify(src/yahboomcar_rviz) by extension 'colcon_pkg'
[0.445s] colcon.colcon_core.package_identification Level 1 _identify(src/yahboomcar_rviz) by extensions ['colcon_meta']
[0.446s] colcon.colcon_core.package_identification Level 1 _identify(src/yahboomcar_rviz) by extension 'colcon_meta'
[0.446s] colcon.colcon_core.package_identification Level 1 _identify(src/yahboomcar_rviz) by extensions ['ros']
[0.446s] colcon.colcon_core.package_identification Level 1 _identify(src/yahboomcar_rviz) by extension 'ros'
[0.446s] colcon.colcon_core.package_identification DEBUG Package 'src/yahboomcar_rviz' with type 'ros.ament_python' and name 'yahboomcar_rviz'
[0.447s] colcon.colcon_core.package_identification Level 1 _identify(src/yahboomcar_slam) by extensions ['ignore', 'ignore_ament_install']
[0.447s] colcon.colcon_core.package_identification Level 1 _identify(src/yahboomcar_slam) by extension 'ignore'
[0.447s] colcon.colcon_core.package_identification Level 1 _identify(src/yahboomcar_slam) by extension 'ignore_ament_install'
[0.447s] colcon.colcon_core.package_identification Level 1 _identify(src/yahboomcar_slam) by extensions ['colcon_pkg']
[0.447s] colcon.colcon_core.package_identification Level 1 _identify(src/yahboomcar_slam) by extension 'colcon_pkg'
[0.447s] colcon.colcon_core.package_identification Level 1 _identify(src/yahboomcar_slam) by extensions ['colcon_meta']
[0.447s] colcon.colcon_core.package_identification Level 1 _identify(src/yahboomcar_slam) by extension 'colcon_meta'
[0.447s] colcon.colcon_core.package_identification Level 1 _identify(src/yahboomcar_slam) by extensions ['ros']
[0.447s] colcon.colcon_core.package_identification Level 1 _identify(src/yahboomcar_slam) by extension 'ros'
[0.449s] colcon.colcon_core.package_identification DEBUG Package 'src/yahboomcar_slam' with type 'ros.ament_cmake' and name 'yahboomcar_slam'
[0.449s] colcon.colcon_core.package_identification Level 1 _identify(src/yahboomcar_visual) by extensions ['ignore', 'ignore_ament_install']
[0.450s] colcon.colcon_core.package_identification Level 1 _identify(src/yahboomcar_visual) by extension 'ignore'
[0.450s] colcon.colcon_core.package_identification Level 1 _identify(src/yahboomcar_visual) by extension 'ignore_ament_install'
[0.450s] colcon.colcon_core.package_identification Level 1 _identify(src/yahboomcar_visual) by extensions ['colcon_pkg']
[0.450s] colcon.colcon_core.package_identification Level 1 _identify(src/yahboomcar_visual) by extension 'colcon_pkg'
[0.450s] colcon.colcon_core.package_identification Level 1 _identify(src/yahboomcar_visual) by extensions ['colcon_meta']
[0.450s] colcon.colcon_core.package_identification Level 1 _identify(src/yahboomcar_visual) by extension 'colcon_meta'
[0.450s] colcon.colcon_core.package_identification Level 1 _identify(src/yahboomcar_visual) by extensions ['ros']
[0.450s] colcon.colcon_core.package_identification Level 1 _identify(src/yahboomcar_visual) by extension 'ros'
[0.451s] colcon.colcon_core.package_identification DEBUG Package 'src/yahboomcar_visual' with type 'ros.ament_python' and name 'yahboomcar_visual'
[0.451s] colcon.colcon_core.package_identification Level 1 _identify(src/yahboomcar_voice_ctrl) by extensions ['ignore', 'ignore_ament_install']
[0.451s] colcon.colcon_core.package_identification Level 1 _identify(src/yahboomcar_voice_ctrl) by extension 'ignore'
[0.451s] colcon.colcon_core.package_identification Level 1 _identify(src/yahboomcar_voice_ctrl) by extension 'ignore_ament_install'
[0.452s] colcon.colcon_core.package_identification Level 1 _identify(src/yahboomcar_voice_ctrl) by extensions ['colcon_pkg']
[0.452s] colcon.colcon_core.package_identification Level 1 _identify(src/yahboomcar_voice_ctrl) by extension 'colcon_pkg'
[0.452s] colcon.colcon_core.package_identification Level 1 _identify(src/yahboomcar_voice_ctrl) by extensions ['colcon_meta']
[0.452s] colcon.colcon_core.package_identification Level 1 _identify(src/yahboomcar_voice_ctrl) by extension 'colcon_meta'
[0.452s] colcon.colcon_core.package_identification Level 1 _identify(src/yahboomcar_voice_ctrl) by extensions ['ros']
[0.452s] colcon.colcon_core.package_identification Level 1 _identify(src/yahboomcar_voice_ctrl) by extension 'ros'
[0.453s] colcon.colcon_core.package_identification DEBUG Package 'src/yahboomcar_voice_ctrl' with type 'ros.ament_python' and name 'yahboomcar_voice_ctrl'
[0.453s] colcon.colcon_core.package_discovery Level 1 discover_packages(recursive) using defaults
[0.453s] colcon.colcon_core.package_discovery Level 1 discover_packages(ignore) discover
[0.453s] colcon.colcon_core.package_discovery Level 1 discover_packages(ignore) using defaults
[0.453s] colcon.colcon_core.package_discovery Level 1 discover_packages(path) discover
[0.453s] colcon.colcon_core.package_discovery Level 1 discover_packages(path) using defaults
[0.495s] colcon.colcon_core.package_selection INFO Skipping not selected package 'laserscan_to_point_pulisher' in 'src/laserscan_to_point_pulisher'
[0.495s] colcon.colcon_core.package_selection INFO Skipping not selected package 'robot_pose_publisher_ros2' in 'src/robot_pose_publisher_ros2'
[0.495s] colcon.colcon_core.package_selection INFO Skipping not selected package 'yahboom_app_save_map' in 'src/yahboom_app_save_map'
[0.495s] colcon.colcon_core.package_selection INFO Skipping not selected package 'yahboom_web_savmap_interfaces' in 'src/yahboom_web_savmap_interfaces'
[0.495s] colcon.colcon_core.package_selection INFO Skipping not selected package 'yahboomcar_KCFTracker' in 'src/yahboomcar_KCFTracker'
[0.495s] colcon.colcon_core.package_selection INFO Skipping not selected package 'yahboomcar_astra' in 'src/yahboomcar_astra'
[0.495s] colcon.colcon_core.package_selection INFO Skipping not selected package 'yahboomcar_base_node' in 'src/yahboomcar_base_node'
[0.495s] colcon.colcon_core.package_selection INFO Skipping not selected package 'yahboomcar_bringup' in 'src/yahboomcar_bringup'
[0.495s] colcon.colcon_core.package_selection INFO Skipping not selected package 'yahboomcar_ctrl' in 'src/yahboomcar_ctrl'
[0.495s] colcon.colcon_core.package_selection INFO Skipping not selected package 'yahboomcar_description' in 'src/yahboomcar_description'
[0.495s] colcon.colcon_core.package_selection INFO Skipping not selected package 'yahboomcar_description_x1' in 'src/yahboomcar_description_x1'
[0.496s] colcon.colcon_core.package_selection INFO Skipping not selected package 'yahboomcar_laser' in 'src/yahboomcar_laser'
[0.496s] colcon.colcon_core.package_selection INFO Skipping not selected package 'yahboomcar_linefollow' in 'src/yahboomcar_linefollow'
[0.496s] colcon.colcon_core.package_selection INFO Skipping not selected package 'yahboomcar_mediapipe' in 'src/yahboomcar_mediapipe'
[0.496s] colcon.colcon_core.package_selection INFO Skipping not selected package 'yahboomcar_msgs' in 'src/yahboomcar_msgs'
[0.496s] colcon.colcon_core.package_selection INFO Skipping not selected package 'yahboomcar_multi' in 'src/yahboomcar_multi'
[0.496s] colcon.colcon_core.package_selection INFO Skipping not selected package 'yahboomcar_nav' in 'src/yahboomcar_nav'
[0.496s] colcon.colcon_core.package_selection INFO Skipping not selected package 'yahboomcar_rviz' in 'src/yahboomcar_rviz'
[0.496s] colcon.colcon_core.package_selection INFO Skipping not selected package 'yahboomcar_slam' in 'src/yahboomcar_slam'
[0.496s] colcon.colcon_core.package_selection INFO Skipping not selected package 'yahboomcar_visual' in 'src/yahboomcar_visual'
[0.496s] colcon.colcon_core.package_selection INFO Skipping not selected package 'yahboomcar_voice_ctrl' in 'src/yahboomcar_voice_ctrl'
[0.496s] colcon.colcon_core.package_selection INFO Skipping not selected package 'arm_autopilot' in 'src/arm_autopilot'
[0.496s] colcon.colcon_core.package_selection INFO Skipping not selected package 'yahboomcar_point' in 'src/yahboomcar_point'
[0.497s] colcon.colcon_core.package_discovery Level 1 discover_packages(prefix_path) check parameters
[0.497s] colcon.colcon_core.package_discovery Level 1 discover_packages(prefix_path) discover
[0.505s] colcon.colcon_installed_package_information.package_discovery DEBUG Found 24 installed packages in /home/jetson/yahboomcar_ros2_ws_new/yahboomcar_ws/install
[0.507s] colcon.colcon_installed_package_information.package_discovery DEBUG Found 13 installed packages in /home/jetson/yahboomcar_ws/install
[0.509s] colcon.colcon_installed_package_information.package_discovery DEBUG Found 12 installed packages in /home/jetson/yahboomcar_ros2_ws/software/library_ws/install
[0.511s] colcon.colcon_installed_package_information.package_discovery DEBUG Found 350 installed packages in /opt/ros/humble
[0.514s] colcon.colcon_core.package_discovery Level 1 discover_packages(prefix_path) using defaults
[0.629s] colcon.colcon_core.verb Level 5 set package 'arm_color_transport' build argument 'cmake_args' from command line to 'None'
[0.630s] colcon.colcon_core.verb Level 5 set package 'arm_color_transport' build argument 'cmake_target' from command line to 'None'
[0.630s] colcon.colcon_core.verb Level 5 set package 'arm_color_transport' build argument 'cmake_target_skip_unavailable' from command line to 'False'
[0.630s] colcon.colcon_core.verb Level 5 set package 'arm_color_transport' build argument 'cmake_clean_cache' from command line to 'False'
[0.630s] colcon.colcon_core.verb Level 5 set package 'arm_color_transport' build argument 'cmake_clean_first' from command line to 'False'
[0.630s] colcon.colcon_core.verb Level 5 set package 'arm_color_transport' build argument 'cmake_force_configure' from command line to 'False'
[0.630s] colcon.colcon_core.verb Level 5 set package 'arm_color_transport' build argument 'ament_cmake_args' from command line to 'None'
[0.630s] colcon.colcon_core.verb Level 5 set package 'arm_color_transport' build argument 'catkin_cmake_args' from command line to 'None'
[0.630s] colcon.colcon_core.verb Level 5 set package 'arm_color_transport' build argument 'catkin_skip_building_tests' from command line to 'False'
[0.630s] colcon.colcon_core.verb DEBUG Building package 'arm_color_transport' with the following arguments: {'ament_cmake_args': None, 'build_base': '/home/jetson/yahboomcar_ros2_ws_new/yahboomcar_ws/build/arm_color_transport', 'catkin_cmake_args': None, 'catkin_skip_building_tests': False, 'cmake_args': None, 'cmake_clean_cache': False, 'cmake_clean_first': False, 'cmake_force_configure': False, 'cmake_target': None, 'cmake_target_skip_unavailable': False, 'install_base': '/home/jetson/yahboomcar_ros2_ws_new/yahboomcar_ws/install/arm_color_transport', 'merge_install': False, 'path': '/home/jetson/yahboomcar_ros2_ws_new/yahboomcar_ws/src/arm_color_transport', 'symlink_install': True, 'test_result_base': None}
[0.631s] colcon.colcon_core.verb Level 5 set package 'arm_mediapipe' build argument 'cmake_args' from command line to 'None'
[0.631s] colcon.colcon_core.verb Level 5 set package 'arm_mediapipe' build argument 'cmake_target' from command line to 'None'
[0.631s] colcon.colcon_core.verb Level 5 set package 'arm_mediapipe' build argument 'cmake_target_skip_unavailable' from command line to 'False'
[0.631s] colcon.colcon_core.verb Level 5 set package 'arm_mediapipe' build argument 'cmake_clean_cache' from command line to 'False'
[0.631s] colcon.colcon_core.verb Level 5 set package 'arm_mediapipe' build argument 'cmake_clean_first' from command line to 'False'
[0.631s] colcon.colcon_core.verb Level 5 set package 'arm_mediapipe' build argument 'cmake_force_configure' from command line to 'False'
[0.631s] colcon.colcon_core.verb Level 5 set package 'arm_mediapipe' build argument 'ament_cmake_args' from command line to 'None'
[0.631s] colcon.colcon_core.verb Level 5 set package 'arm_mediapipe' build argument 'catkin_cmake_args' from command line to 'None'
[0.631s] colcon.colcon_core.verb Level 5 set package 'arm_mediapipe' build argument 'catkin_skip_building_tests' from command line to 'False'
[0.631s] colcon.colcon_core.verb DEBUG Building package 'arm_mediapipe' with the following arguments: {'ament_cmake_args': None, 'build_base': '/home/jetson/yahboomcar_ros2_ws_new/yahboomcar_ws/build/arm_mediapipe', 'catkin_cmake_args': None, 'catkin_skip_building_tests': False, 'cmake_args': None, 'cmake_clean_cache': False, 'cmake_clean_first': False, 'cmake_force_configure': False, 'cmake_target': None, 'cmake_target_skip_unavailable': False, 'install_base': '/home/jetson/yahboomcar_ros2_ws_new/yahboomcar_ws/install/arm_mediapipe', 'merge_install': False, 'path': '/home/jetson/yahboomcar_ros2_ws_new/yahboomcar_ws/src/arm_mediapipe', 'symlink_install': True, 'test_result_base': None}
[0.632s] colcon.colcon_core.executor INFO Executing jobs using 'parallel' executor
[0.634s] colcon.colcon_parallel_executor.executor.parallel DEBUG run_until_complete
[0.634s] colcon.colcon_ros.task.ament_cmake.build INFO Building ROS package in '/home/jetson/yahboomcar_ros2_ws_new/yahboomcar_ws/src/arm_color_transport' with build type 'ament_cmake'
[0.634s] colcon.colcon_cmake.task.cmake.build INFO Building CMake package in '/home/jetson/yahboomcar_ros2_ws_new/yahboomcar_ws/src/arm_color_transport'
[0.640s] colcon.colcon_core.plugin_system INFO Skipping extension 'colcon_core.shell.bat': Not used on non-Windows systems
[0.640s] colcon.colcon_core.shell INFO Skip shell extension 'powershell' for command environment: Not usable outside of PowerShell
[0.641s] colcon.colcon_core.shell DEBUG Skip shell extension 'dsv' for command environment
[0.655s] colcon.colcon_ros.task.ament_cmake.build INFO Building ROS package in '/home/jetson/yahboomcar_ros2_ws_new/yahboomcar_ws/src/arm_mediapipe' with build type 'ament_cmake'
[0.656s] colcon.colcon_cmake.task.cmake.build INFO Building CMake package in '/home/jetson/yahboomcar_ros2_ws_new/yahboomcar_ws/src/arm_mediapipe'
[0.656s] colcon.colcon_core.shell INFO Skip shell extension 'powershell' for command environment: Not usable outside of PowerShell
[0.656s] colcon.colcon_core.shell DEBUG Skip shell extension 'dsv' for command environment
[0.677s] colcon.colcon_core.event_handler.log_command DEBUG Invoking command in '/home/jetson/yahboomcar_ros2_ws_new/yahboomcar_ws/build/arm_color_transport': CMAKE_PREFIX_PATH=/home/jetson/yahboomcar_ros2_ws_new/yahboomcar_ws/install/yahboomcar_msgs:/home/jetson/yahboomcar_ros2_ws_new/yahboomcar_ws/install/yahboomcar_slam:/home/jetson/yahboomcar_ros2_ws_new/yahboomcar_ws/install/yahboomcar_point:/home/jetson/yahboomcar_ros2_ws_new/yahboomcar_ws/install/arm_autopilot:/home/jetson/yahboomcar_ros2_ws_new/yahboomcar_ws/install/yahboomcar_base_node:/home/jetson/yahboomcar_ros2_ws_new/yahboomcar_ws/install/yahboomcar_KCFTracker:/home/jetson/yahboomcar_ros2_ws_new/yahboomcar_ws/install/yahboom_web_savmap_interfaces:/home/jetson/yahboomcar_ros2_ws_new/yahboomcar_ws/install/robot_pose_publisher_ros2:/home/jetson/yahboomcar_ws/install/yahboomcar_voice_ctrl:/home/jetson/yahboomcar_ws/install/yahboomcar_slam:/home/jetson/yahboomcar_ws/install/yahboomcar_nav:/home/jetson/yahboomcar_ws/install/yahboomcar_astra:/home/jetson/yahboomcar_ws/install/yahboomcar_ctrl:/home/jetson/yahboomcar_ws/install/yahboomcar_bringup:/home/jetson/yahboomcar_ws/install/yahboomcar_msgs:/home/jetson/yahboomcar_ws/install/yahboomcar_linefollw:/home/jetson/yahboomcar_ws/install/yahboomcar_laser:/home/jetson/yahboomcar_ws/install/yahboomcar_description:/home/jetson/yahboomcar_ws/install/ros2_orbslam:/home/jetson/yahboomcar_ws/install/cv_bridge:/home/jetson/yahboomcar_ros2_ws/software/library_ws/install/ydlidar_ros2_driver:/home/jetson/yahboomcar_ros2_ws/software/library_ws/install/web_video_server:/home/jetson/yahboomcar_ros2_ws/software/library_ws/install/teb_local_planner:/home/jetson/yahboomcar_ros2_ws/software/library_ws/install/teb_msgs:/home/jetson/yahboomcar_ros2_ws/software/library_ws/install/sllidar_ros2:/home/jetson/yahboomcar_ros2_ws/software/library_ws/install/slam_gmapping:/home/jetson/yahboomcar_ros2_ws/software/library_ws/install/robot_localization:/home/jetson/yahboomcar_ros2_ws/software/library_ws/install/openslam_gmapping:/home/jetson/yahboomcar_ros2_ws/software/library_ws/install/costmap_converter:/home/jetson/yahboomcar_ros2_ws/software/library_ws/install/costmap_converter_msgs:/home/jetson/yahboomcar_ros2_ws/software/library_ws/install/astra_camera:/home/jetson/yahboomcar_ros2_ws/software/library_ws/install/astra_camera_msgs:/home/jetson/yahboomcar_ros2_ws_new/yahboomcar_ws/install/yahboomcar_voice_ctrl:/home/jetson/yahboomcar_ros2_ws_new/yahboomcar_ws/install/yahboomcar_visual:/home/jetson/yahboomcar_ros2_ws_new/yahboomcar_ws/install/yahboomcar_rviz:/home/jetson/yahboomcar_ros2_ws_new/yahboomcar_ws/install/yahboomcar_nav:/home/jetson/yahboomcar_ros2_ws_new/yahboomcar_ws/install/yahboomcar_multi:/home/jetson/yahboomcar_ros2_ws_new/yahboomcar_ws/install/yahboomcar_mediapipe:/home/jetson/yahboomcar_ros2_ws_new/yahboomcar_ws/install/yahboomcar_linefollow:/home/jetson/yahboomcar_ros2_ws_new/yahboomcar_ws/install/yahboomcar_laser:/home/jetson/yahboomcar_ros2_ws_new/yahboomcar_ws/install/yahboomcar_description_x1:/home/jetson/yahboomcar_ros2_ws_new/yahboomcar_ws/install/yahboomcar_description:/home/jetson/yahboomcar_ros2_ws_new/yahboomcar_ws/install/yahboomcar_ctrl:/home/jetson/yahboomcar_ros2_ws_new/yahboomcar_ws/install/yahboomcar_bringup:/home/jetson/yahboomcar_ros2_ws_new/yahboomcar_ws/install/yahboomcar_astra:/home/jetson/yahboomcar_ros2_ws_new/yahboomcar_ws/install/yahboom_app_save_map:/home/jetson/yahboomcar_ros2_ws_new/yahboomcar_ws/install/laserscan_to_point_pulisher:/opt/ros/humble LD_LIBRARY_PATH=/home/jetson/yahboomcar_ros2_ws_new/yahboomcar_ws/install/yahboomcar_msgs/lib:/home/jetson/yahboomcar_ros2_ws_new/yahboomcar_ws/install/yahboom_web_savmap_interfaces/lib:/usr/local/lib:/home/jetson/yahboomcar_ros2_ws/software/ORB_SLAM2/lib:/home/jetson/yahboomcar_ros2_ws/software/ORB_SLAM2/Thirdparty/DBoW2/lib:/home/jetson/yahboomcar_ros2_ws/software/ORB_SLAM2/Thirdparty/g2o/lib:/home/jetson/yahboomcar_ws/install/yahboomcar_astra/usr/local/lib/yahboomcar_astra:/usr/local/lib:/usr/local/cuda-12.6/lib64:/usr/local/lib:/home/jetson/yahboomcar_ros2_ws/software/ORB_SLAM2/lib:/home/jetson/yahboomcar_ros2_ws/software/ORB_SLAM2/Thirdparty/DBoW2/lib:/home/jetson/yahboomcar_ros2_ws/software/ORB_SLAM2/Thirdparty/g2o/lib:/home/jetson/yahboomcar_ws/install/yahboomcar_astra/usr/local/lib/yahboomcar_astra:/home/jetson/yahboomcar_ws/install/yahboomcar_astra/lib:/home/jetson/yahboomcar_ws/install/yahboomcar_msgs/lib:/home/jetson/yahboomcar_ws/install/cv_bridge/lib:/home/jetson/yahboomcar_ros2_ws/software/library_ws/install/teb_local_planner/lib:/home/jetson/yahboomcar_ros2_ws/software/library_ws/install/teb_msgs/lib:/home/jetson/yahboomcar_ros2_ws/software/library_ws/install/robot_localization/lib:/home/jetson/yahboomcar_ros2_ws/software/library_ws/install/openslam_gmapping/lib:/home/jetson/yahboomcar_ros2_ws/software/library_ws/install/costmap_converter/lib:/home/jetson/yahboomcar_ros2_ws/software/library_ws/install/costmap_converter_msgs/lib:/home/jetson/yahboomcar_ros2_ws/software/library_ws/install/astra_camera/lib:/home/jetson/yahboomcar_ros2_ws/software/library_ws/install/astra_camera_msgs/lib:/opt/ros/humble/opt/rviz_ogre_vendor/lib:/opt/ros/humble/lib/aarch64-linux-gnu:/opt/ros/humble/lib:/usr/local/lib:/usr/local/cuda-12.6/lib64 /usr/bin/cmake --build /home/jetson/yahboomcar_ros2_ws_new/yahboomcar_ws/build/arm_color_transport -- -j6 -l6
[0.685s] colcon.colcon_core.event_handler.log_command DEBUG Invoking command in '/home/jetson/yahboomcar_ros2_ws_new/yahboomcar_ws/build/arm_mediapipe': CMAKE_PREFIX_PATH=/home/jetson/yahboomcar_ros2_ws_new/yahboomcar_ws/install/yahboomcar_msgs:/home/jetson/yahboomcar_ros2_ws_new/yahboomcar_ws/install/yahboomcar_slam:/home/jetson/yahboomcar_ros2_ws_new/yahboomcar_ws/install/yahboomcar_point:/home/jetson/yahboomcar_ros2_ws_new/yahboomcar_ws/install/arm_autopilot:/home/jetson/yahboomcar_ros2_ws_new/yahboomcar_ws/install/yahboomcar_base_node:/home/jetson/yahboomcar_ros2_ws_new/yahboomcar_ws/install/yahboomcar_KCFTracker:/home/jetson/yahboomcar_ros2_ws_new/yahboomcar_ws/install/yahboom_web_savmap_interfaces:/home/jetson/yahboomcar_ros2_ws_new/yahboomcar_ws/install/robot_pose_publisher_ros2:/home/jetson/yahboomcar_ws/install/yahboomcar_voice_ctrl:/home/jetson/yahboomcar_ws/install/yahboomcar_slam:/home/jetson/yahboomcar_ws/install/yahboomcar_nav:/home/jetson/yahboomcar_ws/install/yahboomcar_astra:/home/jetson/yahboomcar_ws/install/yahboomcar_ctrl:/home/jetson/yahboomcar_ws/install/yahboomcar_bringup:/home/jetson/yahboomcar_ws/install/yahboomcar_msgs:/home/jetson/yahboomcar_ws/install/yahboomcar_linefollw:/home/jetson/yahboomcar_ws/install/yahboomcar_laser:/home/jetson/yahboomcar_ws/install/yahboomcar_description:/home/jetson/yahboomcar_ws/install/ros2_orbslam:/home/jetson/yahboomcar_ws/install/cv_bridge:/home/jetson/yahboomcar_ros2_ws/software/library_ws/install/ydlidar_ros2_driver:/home/jetson/yahboomcar_ros2_ws/software/library_ws/install/web_video_server:/home/jetson/yahboomcar_ros2_ws/software/library_ws/install/teb_local_planner:/home/jetson/yahboomcar_ros2_ws/software/library_ws/install/teb_msgs:/home/jetson/yahboomcar_ros2_ws/software/library_ws/install/sllidar_ros2:/home/jetson/yahboomcar_ros2_ws/software/library_ws/install/slam_gmapping:/home/jetson/yahboomcar_ros2_ws/software/library_ws/install/robot_localization:/home/jetson/yahboomcar_ros2_ws/software/library_ws/install/openslam_gmapping:/home/jetson/yahboomcar_ros2_ws/software/library_ws/install/costmap_converter:/home/jetson/yahboomcar_ros2_ws/software/library_ws/install/costmap_converter_msgs:/home/jetson/yahboomcar_ros2_ws/software/library_ws/install/astra_camera:/home/jetson/yahboomcar_ros2_ws/software/library_ws/install/astra_camera_msgs:/home/jetson/yahboomcar_ros2_ws_new/yahboomcar_ws/install/yahboomcar_voice_ctrl:/home/jetson/yahboomcar_ros2_ws_new/yahboomcar_ws/install/yahboomcar_visual:/home/jetson/yahboomcar_ros2_ws_new/yahboomcar_ws/install/yahboomcar_rviz:/home/jetson/yahboomcar_ros2_ws_new/yahboomcar_ws/install/yahboomcar_nav:/home/jetson/yahboomcar_ros2_ws_new/yahboomcar_ws/install/yahboomcar_multi:/home/jetson/yahboomcar_ros2_ws_new/yahboomcar_ws/install/yahboomcar_mediapipe:/home/jetson/yahboomcar_ros2_ws_new/yahboomcar_ws/install/yahboomcar_linefollow:/home/jetson/yahboomcar_ros2_ws_new/yahboomcar_ws/install/yahboomcar_laser:/home/jetson/yahboomcar_ros2_ws_new/yahboomcar_ws/install/yahboomcar_description_x1:/home/jetson/yahboomcar_ros2_ws_new/yahboomcar_ws/install/yahboomcar_description:/home/jetson/yahboomcar_ros2_ws_new/yahboomcar_ws/install/yahboomcar_ctrl:/home/jetson/yahboomcar_ros2_ws_new/yahboomcar_ws/install/yahboomcar_bringup:/home/jetson/yahboomcar_ros2_ws_new/yahboomcar_ws/install/yahboomcar_astra:/home/jetson/yahboomcar_ros2_ws_new/yahboomcar_ws/install/yahboom_app_save_map:/home/jetson/yahboomcar_ros2_ws_new/yahboomcar_ws/install/laserscan_to_point_pulisher:/opt/ros/humble LD_LIBRARY_PATH=/home/jetson/yahboomcar_ros2_ws_new/yahboomcar_ws/install/yahboomcar_msgs/lib:/home/jetson/yahboomcar_ros2_ws_new/yahboomcar_ws/install/yahboom_web_savmap_interfaces/lib:/usr/local/lib:/home/jetson/yahboomcar_ros2_ws/software/ORB_SLAM2/lib:/home/jetson/yahboomcar_ros2_ws/software/ORB_SLAM2/Thirdparty/DBoW2/lib:/home/jetson/yahboomcar_ros2_ws/software/ORB_SLAM2/Thirdparty/g2o/lib:/home/jetson/yahboomcar_ws/install/yahboomcar_astra/usr/local/lib/yahboomcar_astra:/usr/local/lib:/usr/local/cuda-12.6/lib64:/usr/local/lib:/home/jetson/yahboomcar_ros2_ws/software/ORB_SLAM2/lib:/home/jetson/yahboomcar_ros2_ws/software/ORB_SLAM2/Thirdparty/DBoW2/lib:/home/jetson/yahboomcar_ros2_ws/software/ORB_SLAM2/Thirdparty/g2o/lib:/home/jetson/yahboomcar_ws/install/yahboomcar_astra/usr/local/lib/yahboomcar_astra:/home/jetson/yahboomcar_ws/install/yahboomcar_astra/lib:/home/jetson/yahboomcar_ws/install/yahboomcar_msgs/lib:/home/jetson/yahboomcar_ws/install/cv_bridge/lib:/home/jetson/yahboomcar_ros2_ws/software/library_ws/install/teb_local_planner/lib:/home/jetson/yahboomcar_ros2_ws/software/library_ws/install/teb_msgs/lib:/home/jetson/yahboomcar_ros2_ws/software/library_ws/install/robot_localization/lib:/home/jetson/yahboomcar_ros2_ws/software/library_ws/install/openslam_gmapping/lib:/home/jetson/yahboomcar_ros2_ws/software/library_ws/install/costmap_converter/lib:/home/jetson/yahboomcar_ros2_ws/software/library_ws/install/costmap_converter_msgs/lib:/home/jetson/yahboomcar_ros2_ws/software/library_ws/install/astra_camera/lib:/home/jetson/yahboomcar_ros2_ws/software/library_ws/install/astra_camera_msgs/lib:/opt/ros/humble/opt/rviz_ogre_vendor/lib:/opt/ros/humble/lib/aarch64-linux-gnu:/opt/ros/humble/lib:/usr/local/lib:/usr/local/cuda-12.6/lib64 /usr/bin/cmake --build /home/jetson/yahboomcar_ros2_ws_new/yahboomcar_ws/build/arm_mediapipe -- -j6 -l6
[1.740s] colcon.colcon_core.event_handler.log_command DEBUG Invoked command in '/home/jetson/yahboomcar_ros2_ws_new/yahboomcar_ws/build/arm_color_transport' returned '0': CMAKE_PREFIX_PATH=/home/jetson/yahboomcar_ros2_ws_new/yahboomcar_ws/install/yahboomcar_msgs:/home/jetson/yahboomcar_ros2_ws_new/yahboomcar_ws/install/yahboomcar_slam:/home/jetson/yahboomcar_ros2_ws_new/yahboomcar_ws/install/yahboomcar_point:/home/jetson/yahboomcar_ros2_ws_new/yahboomcar_ws/install/arm_autopilot:/home/jetson/yahboomcar_ros2_ws_new/yahboomcar_ws/install/yahboomcar_base_node:/home/jetson/yahboomcar_ros2_ws_new/yahboomcar_ws/install/yahboomcar_KCFTracker:/home/jetson/yahboomcar_ros2_ws_new/yahboomcar_ws/install/yahboom_web_savmap_interfaces:/home/jetson/yahboomcar_ros2_ws_new/yahboomcar_ws/install/robot_pose_publisher_ros2:/home/jetson/yahboomcar_ws/install/yahboomcar_voice_ctrl:/home/jetson/yahboomcar_ws/install/yahboomcar_slam:/home/jetson/yahboomcar_ws/install/yahboomcar_nav:/home/jetson/yahboomcar_ws/install/yahboomcar_astra:/home/jetson/yahboomcar_ws/install/yahboomcar_ctrl:/home/jetson/yahboomcar_ws/install/yahboomcar_bringup:/home/jetson/yahboomcar_ws/install/yahboomcar_msgs:/home/jetson/yahboomcar_ws/install/yahboomcar_linefollw:/home/jetson/yahboomcar_ws/install/yahboomcar_laser:/home/jetson/yahboomcar_ws/install/yahboomcar_description:/home/jetson/yahboomcar_ws/install/ros2_orbslam:/home/jetson/yahboomcar_ws/install/cv_bridge:/home/jetson/yahboomcar_ros2_ws/software/library_ws/install/ydlidar_ros2_driver:/home/jetson/yahboomcar_ros2_ws/software/library_ws/install/web_video_server:/home/jetson/yahboomcar_ros2_ws/software/library_ws/install/teb_local_planner:/home/jetson/yahboomcar_ros2_ws/software/library_ws/install/teb_msgs:/home/jetson/yahboomcar_ros2_ws/software/library_ws/install/sllidar_ros2:/home/jetson/yahboomcar_ros2_ws/software/library_ws/install/slam_gmapping:/home/jetson/yahboomcar_ros2_ws/software/library_ws/install/robot_localization:/home/jetson/yahboomcar_ros2_ws/software/library_ws/install/openslam_gmapping:/home/jetson/yahboomcar_ros2_ws/software/library_ws/install/costmap_converter:/home/jetson/yahboomcar_ros2_ws/software/library_ws/install/costmap_converter_msgs:/home/jetson/yahboomcar_ros2_ws/software/library_ws/install/astra_camera:/home/jetson/yahboomcar_ros2_ws/software/library_ws/install/astra_camera_msgs:/home/jetson/yahboomcar_ros2_ws_new/yahboomcar_ws/install/yahboomcar_voice_ctrl:/home/jetson/yahboomcar_ros2_ws_new/yahboomcar_ws/install/yahboomcar_visual:/home/jetson/yahboomcar_ros2_ws_new/yahboomcar_ws/install/yahboomcar_rviz:/home/jetson/yahboomcar_ros2_ws_new/yahboomcar_ws/install/yahboomcar_nav:/home/jetson/yahboomcar_ros2_ws_new/yahboomcar_ws/install/yahboomcar_multi:/home/jetson/yahboomcar_ros2_ws_new/yahboomcar_ws/install/yahboomcar_mediapipe:/home/jetson/yahboomcar_ros2_ws_new/yahboomcar_ws/install/yahboomcar_linefollow:/home/jetson/yahboomcar_ros2_ws_new/yahboomcar_ws/install/yahboomcar_laser:/home/jetson/yahboomcar_ros2_ws_new/yahboomcar_ws/install/yahboomcar_description_x1:/home/jetson/yahboomcar_ros2_ws_new/yahboomcar_ws/install/yahboomcar_description:/home/jetson/yahboomcar_ros2_ws_new/yahboomcar_ws/install/yahboomcar_ctrl:/home/jetson/yahboomcar_ros2_ws_new/yahboomcar_ws/install/yahboomcar_bringup:/home/jetson/yahboomcar_ros2_ws_new/yahboomcar_ws/install/yahboomcar_astra:/home/jetson/yahboomcar_ros2_ws_new/yahboomcar_ws/install/yahboom_app_save_map:/home/jetson/yahboomcar_ros2_ws_new/yahboomcar_ws/install/laserscan_to_point_pulisher:/opt/ros/humble LD_LIBRARY_PATH=/home/jetson/yahboomcar_ros2_ws_new/yahboomcar_ws/install/yahboomcar_msgs/lib:/home/jetson/yahboomcar_ros2_ws_new/yahboomcar_ws/install/yahboom_web_savmap_interfaces/lib:/usr/local/lib:/home/jetson/yahboomcar_ros2_ws/software/ORB_SLAM2/lib:/home/jetson/yahboomcar_ros2_ws/software/ORB_SLAM2/Thirdparty/DBoW2/lib:/home/jetson/yahboomcar_ros2_ws/software/ORB_SLAM2/Thirdparty/g2o/lib:/home/jetson/yahboomcar_ws/install/yahboomcar_astra/usr/local/lib/yahboomcar_astra:/usr/local/lib:/usr/local/cuda-12.6/lib64:/usr/local/lib:/home/jetson/yahboomcar_ros2_ws/software/ORB_SLAM2/lib:/home/jetson/yahboomcar_ros2_ws/software/ORB_SLAM2/Thirdparty/DBoW2/lib:/home/jetson/yahboomcar_ros2_ws/software/ORB_SLAM2/Thirdparty/g2o/lib:/home/jetson/yahboomcar_ws/install/yahboomcar_astra/usr/local/lib/yahboomcar_astra:/home/jetson/yahboomcar_ws/install/yahboomcar_astra/lib:/home/jetson/yahboomcar_ws/install/yahboomcar_msgs/lib:/home/jetson/yahboomcar_ws/install/cv_bridge/lib:/home/jetson/yahboomcar_ros2_ws/software/library_ws/install/teb_local_planner/lib:/home/jetson/yahboomcar_ros2_ws/software/library_ws/install/teb_msgs/lib:/home/jetson/yahboomcar_ros2_ws/software/library_ws/install/robot_localization/lib:/home/jetson/yahboomcar_ros2_ws/software/library_ws/install/openslam_gmapping/lib:/home/jetson/yahboomcar_ros2_ws/software/library_ws/install/costmap_converter/lib:/home/jetson/yahboomcar_ros2_ws/software/library_ws/install/costmap_converter_msgs/lib:/home/jetson/yahboomcar_ros2_ws/software/library_ws/install/astra_camera/lib:/home/jetson/yahboomcar_ros2_ws/software/library_ws/install/astra_camera_msgs/lib:/opt/ros/humble/opt/rviz_ogre_vendor/lib:/opt/ros/humble/lib/aarch64-linux-gnu:/opt/ros/humble/lib:/usr/local/lib:/usr/local/cuda-12.6/lib64 /usr/bin/cmake --build /home/jetson/yahboomcar_ros2_ws_new/yahboomcar_ws/build/arm_color_transport -- -j6 -l6
[1.769s] colcon.colcon_core.event_handler.log_command DEBUG Invoking command in '/home/jetson/yahboomcar_ros2_ws_new/yahboomcar_ws/build/arm_color_transport': CMAKE_PREFIX_PATH=/home/jetson/yahboomcar_ros2_ws_new/yahboomcar_ws/install/yahboomcar_msgs:/home/jetson/yahboomcar_ros2_ws_new/yahboomcar_ws/install/yahboomcar_slam:/home/jetson/yahboomcar_ros2_ws_new/yahboomcar_ws/install/yahboomcar_point:/home/jetson/yahboomcar_ros2_ws_new/yahboomcar_ws/install/arm_autopilot:/home/jetson/yahboomcar_ros2_ws_new/yahboomcar_ws/install/yahboomcar_base_node:/home/jetson/yahboomcar_ros2_ws_new/yahboomcar_ws/install/yahboomcar_KCFTracker:/home/jetson/yahboomcar_ros2_ws_new/yahboomcar_ws/install/yahboom_web_savmap_interfaces:/home/jetson/yahboomcar_ros2_ws_new/yahboomcar_ws/install/robot_pose_publisher_ros2:/home/jetson/yahboomcar_ws/install/yahboomcar_voice_ctrl:/home/jetson/yahboomcar_ws/install/yahboomcar_slam:/home/jetson/yahboomcar_ws/install/yahboomcar_nav:/home/jetson/yahboomcar_ws/install/yahboomcar_astra:/home/jetson/yahboomcar_ws/install/yahboomcar_ctrl:/home/jetson/yahboomcar_ws/install/yahboomcar_bringup:/home/jetson/yahboomcar_ws/install/yahboomcar_msgs:/home/jetson/yahboomcar_ws/install/yahboomcar_linefollw:/home/jetson/yahboomcar_ws/install/yahboomcar_laser:/home/jetson/yahboomcar_ws/install/yahboomcar_description:/home/jetson/yahboomcar_ws/install/ros2_orbslam:/home/jetson/yahboomcar_ws/install/cv_bridge:/home/jetson/yahboomcar_ros2_ws/software/library_ws/install/ydlidar_ros2_driver:/home/jetson/yahboomcar_ros2_ws/software/library_ws/install/web_video_server:/home/jetson/yahboomcar_ros2_ws/software/library_ws/install/teb_local_planner:/home/jetson/yahboomcar_ros2_ws/software/library_ws/install/teb_msgs:/home/jetson/yahboomcar_ros2_ws/software/library_ws/install/sllidar_ros2:/home/jetson/yahboomcar_ros2_ws/software/library_ws/install/slam_gmapping:/home/jetson/yahboomcar_ros2_ws/software/library_ws/install/robot_localization:/home/jetson/yahboomcar_ros2_ws/software/library_ws/install/openslam_gmapping:/home/jetson/yahboomcar_ros2_ws/software/library_ws/install/costmap_converter:/home/jetson/yahboomcar_ros2_ws/software/library_ws/install/costmap_converter_msgs:/home/jetson/yahboomcar_ros2_ws/software/library_ws/install/astra_camera:/home/jetson/yahboomcar_ros2_ws/software/library_ws/install/astra_camera_msgs:/home/jetson/yahboomcar_ros2_ws_new/yahboomcar_ws/install/yahboomcar_voice_ctrl:/home/jetson/yahboomcar_ros2_ws_new/yahboomcar_ws/install/yahboomcar_visual:/home/jetson/yahboomcar_ros2_ws_new/yahboomcar_ws/install/yahboomcar_rviz:/home/jetson/yahboomcar_ros2_ws_new/yahboomcar_ws/install/yahboomcar_nav:/home/jetson/yahboomcar_ros2_ws_new/yahboomcar_ws/install/yahboomcar_multi:/home/jetson/yahboomcar_ros2_ws_new/yahboomcar_ws/install/yahboomcar_mediapipe:/home/jetson/yahboomcar_ros2_ws_new/yahboomcar_ws/install/yahboomcar_linefollow:/home/jetson/yahboomcar_ros2_ws_new/yahboomcar_ws/install/yahboomcar_laser:/home/jetson/yahboomcar_ros2_ws_new/yahboomcar_ws/install/yahboomcar_description_x1:/home/jetson/yahboomcar_ros2_ws_new/yahboomcar_ws/install/yahboomcar_description:/home/jetson/yahboomcar_ros2_ws_new/yahboomcar_ws/install/yahboomcar_ctrl:/home/jetson/yahboomcar_ros2_ws_new/yahboomcar_ws/install/yahboomcar_bringup:/home/jetson/yahboomcar_ros2_ws_new/yahboomcar_ws/install/yahboomcar_astra:/home/jetson/yahboomcar_ros2_ws_new/yahboomcar_ws/install/yahboom_app_save_map:/home/jetson/yahboomcar_ros2_ws_new/yahboomcar_ws/install/laserscan_to_point_pulisher:/opt/ros/humble LD_LIBRARY_PATH=/home/jetson/yahboomcar_ros2_ws_new/yahboomcar_ws/install/yahboomcar_msgs/lib:/home/jetson/yahboomcar_ros2_ws_new/yahboomcar_ws/install/yahboom_web_savmap_interfaces/lib:/usr/local/lib:/home/jetson/yahboomcar_ros2_ws/software/ORB_SLAM2/lib:/home/jetson/yahboomcar_ros2_ws/software/ORB_SLAM2/Thirdparty/DBoW2/lib:/home/jetson/yahboomcar_ros2_ws/software/ORB_SLAM2/Thirdparty/g2o/lib:/home/jetson/yahboomcar_ws/install/yahboomcar_astra/usr/local/lib/yahboomcar_astra:/usr/local/lib:/usr/local/cuda-12.6/lib64:/usr/local/lib:/home/jetson/yahboomcar_ros2_ws/software/ORB_SLAM2/lib:/home/jetson/yahboomcar_ros2_ws/software/ORB_SLAM2/Thirdparty/DBoW2/lib:/home/jetson/yahboomcar_ros2_ws/software/ORB_SLAM2/Thirdparty/g2o/lib:/home/jetson/yahboomcar_ws/install/yahboomcar_astra/usr/local/lib/yahboomcar_astra:/home/jetson/yahboomcar_ws/install/yahboomcar_astra/lib:/home/jetson/yahboomcar_ws/install/yahboomcar_msgs/lib:/home/jetson/yahboomcar_ws/install/cv_bridge/lib:/home/jetson/yahboomcar_ros2_ws/software/library_ws/install/teb_local_planner/lib:/home/jetson/yahboomcar_ros2_ws/software/library_ws/install/teb_msgs/lib:/home/jetson/yahboomcar_ros2_ws/software/library_ws/install/robot_localization/lib:/home/jetson/yahboomcar_ros2_ws/software/library_ws/install/openslam_gmapping/lib:/home/jetson/yahboomcar_ros2_ws/software/library_ws/install/costmap_converter/lib:/home/jetson/yahboomcar_ros2_ws/software/library_ws/install/costmap_converter_msgs/lib:/home/jetson/yahboomcar_ros2_ws/software/library_ws/install/astra_camera/lib:/home/jetson/yahboomcar_ros2_ws/software/library_ws/install/astra_camera_msgs/lib:/opt/ros/humble/opt/rviz_ogre_vendor/lib:/opt/ros/humble/lib/aarch64-linux-gnu:/opt/ros/humble/lib:/usr/local/lib:/usr/local/cuda-12.6/lib64 /usr/bin/cmake --install /home/jetson/yahboomcar_ros2_ws_new/yahboomcar_ws/build/arm_color_transport
[1.917s] colcon.colcon_core.environment Level 1 create_environment_scripts_only(arm_color_transport)
[1.919s] colcon.colcon_core.event_handler.log_command DEBUG Invoked command in '/home/jetson/yahboomcar_ros2_ws_new/yahboomcar_ws/build/arm_color_transport' returned '0': CMAKE_PREFIX_PATH=/home/jetson/yahboomcar_ros2_ws_new/yahboomcar_ws/install/yahboomcar_msgs:/home/jetson/yahboomcar_ros2_ws_new/yahboomcar_ws/install/yahboomcar_slam:/home/jetson/yahboomcar_ros2_ws_new/yahboomcar_ws/install/yahboomcar_point:/home/jetson/yahboomcar_ros2_ws_new/yahboomcar_ws/install/arm_autopilot:/home/jetson/yahboomcar_ros2_ws_new/yahboomcar_ws/install/yahboomcar_base_node:/home/jetson/yahboomcar_ros2_ws_new/yahboomcar_ws/install/yahboomcar_KCFTracker:/home/jetson/yahboomcar_ros2_ws_new/yahboomcar_ws/install/yahboom_web_savmap_interfaces:/home/jetson/yahboomcar_ros2_ws_new/yahboomcar_ws/install/robot_pose_publisher_ros2:/home/jetson/yahboomcar_ws/install/yahboomcar_voice_ctrl:/home/jetson/yahboomcar_ws/install/yahboomcar_slam:/home/jetson/yahboomcar_ws/install/yahboomcar_nav:/home/jetson/yahboomcar_ws/install/yahboomcar_astra:/home/jetson/yahboomcar_ws/install/yahboomcar_ctrl:/home/jetson/yahboomcar_ws/install/yahboomcar_bringup:/home/jetson/yahboomcar_ws/install/yahboomcar_msgs:/home/jetson/yahboomcar_ws/install/yahboomcar_linefollw:/home/jetson/yahboomcar_ws/install/yahboomcar_laser:/home/jetson/yahboomcar_ws/install/yahboomcar_description:/home/jetson/yahboomcar_ws/install/ros2_orbslam:/home/jetson/yahboomcar_ws/install/cv_bridge:/home/jetson/yahboomcar_ros2_ws/software/library_ws/install/ydlidar_ros2_driver:/home/jetson/yahboomcar_ros2_ws/software/library_ws/install/web_video_server:/home/jetson/yahboomcar_ros2_ws/software/library_ws/install/teb_local_planner:/home/jetson/yahboomcar_ros2_ws/software/library_ws/install/teb_msgs:/home/jetson/yahboomcar_ros2_ws/software/library_ws/install/sllidar_ros2:/home/jetson/yahboomcar_ros2_ws/software/library_ws/install/slam_gmapping:/home/jetson/yahboomcar_ros2_ws/software/library_ws/install/robot_localization:/home/jetson/yahboomcar_ros2_ws/software/library_ws/install/openslam_gmapping:/home/jetson/yahboomcar_ros2_ws/software/library_ws/install/costmap_converter:/home/jetson/yahboomcar_ros2_ws/software/library_ws/install/costmap_converter_msgs:/home/jetson/yahboomcar_ros2_ws/software/library_ws/install/astra_camera:/home/jetson/yahboomcar_ros2_ws/software/library_ws/install/astra_camera_msgs:/home/jetson/yahboomcar_ros2_ws_new/yahboomcar_ws/install/yahboomcar_voice_ctrl:/home/jetson/yahboomcar_ros2_ws_new/yahboomcar_ws/install/yahboomcar_visual:/home/jetson/yahboomcar_ros2_ws_new/yahboomcar_ws/install/yahboomcar_rviz:/home/jetson/yahboomcar_ros2_ws_new/yahboomcar_ws/install/yahboomcar_nav:/home/jetson/yahboomcar_ros2_ws_new/yahboomcar_ws/install/yahboomcar_multi:/home/jetson/yahboomcar_ros2_ws_new/yahboomcar_ws/install/yahboomcar_mediapipe:/home/jetson/yahboomcar_ros2_ws_new/yahboomcar_ws/install/yahboomcar_linefollow:/home/jetson/yahboomcar_ros2_ws_new/yahboomcar_ws/install/yahboomcar_laser:/home/jetson/yahboomcar_ros2_ws_new/yahboomcar_ws/install/yahboomcar_description_x1:/home/jetson/yahboomcar_ros2_ws_new/yahboomcar_ws/install/yahboomcar_description:/home/jetson/yahboomcar_ros2_ws_new/yahboomcar_ws/install/yahboomcar_ctrl:/home/jetson/yahboomcar_ros2_ws_new/yahboomcar_ws/install/yahboomcar_bringup:/home/jetson/yahboomcar_ros2_ws_new/yahboomcar_ws/install/yahboomcar_astra:/home/jetson/yahboomcar_ros2_ws_new/yahboomcar_ws/install/yahboom_app_save_map:/home/jetson/yahboomcar_ros2_ws_new/yahboomcar_ws/install/laserscan_to_point_pulisher:/opt/ros/humble LD_LIBRARY_PATH=/home/jetson/yahboomcar_ros2_ws_new/yahboomcar_ws/install/yahboomcar_msgs/lib:/home/jetson/yahboomcar_ros2_ws_new/yahboomcar_ws/install/yahboom_web_savmap_interfaces/lib:/usr/local/lib:/home/jetson/yahboomcar_ros2_ws/software/ORB_SLAM2/lib:/home/jetson/yahboomcar_ros2_ws/software/ORB_SLAM2/Thirdparty/DBoW2/lib:/home/jetson/yahboomcar_ros2_ws/software/ORB_SLAM2/Thirdparty/g2o/lib:/home/jetson/yahboomcar_ws/install/yahboomcar_astra/usr/local/lib/yahboomcar_astra:/usr/local/lib:/usr/local/cuda-12.6/lib64:/usr/local/lib:/home/jetson/yahboomcar_ros2_ws/software/ORB_SLAM2/lib:/home/jetson/yahboomcar_ros2_ws/software/ORB_SLAM2/Thirdparty/DBoW2/lib:/home/jetson/yahboomcar_ros2_ws/software/ORB_SLAM2/Thirdparty/g2o/lib:/home/jetson/yahboomcar_ws/install/yahboomcar_astra/usr/local/lib/yahboomcar_astra:/home/jetson/yahboomcar_ws/install/yahboomcar_astra/lib:/home/jetson/yahboomcar_ws/install/yahboomcar_msgs/lib:/home/jetson/yahboomcar_ws/install/cv_bridge/lib:/home/jetson/yahboomcar_ros2_ws/software/library_ws/install/teb_local_planner/lib:/home/jetson/yahboomcar_ros2_ws/software/library_ws/install/teb_msgs/lib:/home/jetson/yahboomcar_ros2_ws/software/library_ws/install/robot_localization/lib:/home/jetson/yahboomcar_ros2_ws/software/library_ws/install/openslam_gmapping/lib:/home/jetson/yahboomcar_ros2_ws/software/library_ws/install/costmap_converter/lib:/home/jetson/yahboomcar_ros2_ws/software/library_ws/install/costmap_converter_msgs/lib:/home/jetson/yahboomcar_ros2_ws/software/library_ws/install/astra_camera/lib:/home/jetson/yahboomcar_ros2_ws/software/library_ws/install/astra_camera_msgs/lib:/opt/ros/humble/opt/rviz_ogre_vendor/lib:/opt/ros/humble/lib/aarch64-linux-gnu:/opt/ros/humble/lib:/usr/local/lib:/usr/local/cuda-12.6/lib64 /usr/bin/cmake --install /home/jetson/yahboomcar_ros2_ws_new/yahboomcar_ws/build/arm_color_transport
[1.930s] colcon.colcon_core.environment Level 1 checking '/home/jetson/yahboomcar_ros2_ws_new/yahboomcar_ws/install/arm_color_transport' for CMake module files
[1.932s] colcon.colcon_core.environment Level 1 checking '/home/jetson/yahboomcar_ros2_ws_new/yahboomcar_ws/install/arm_color_transport' for CMake config files
[1.933s] colcon.colcon_core.shell Level 1 create_environment_hook('arm_color_transport', 'cmake_prefix_path')
[1.934s] colcon.colcon_core.shell INFO Creating environment hook '/home/jetson/yahboomcar_ros2_ws_new/yahboomcar_ws/install/arm_color_transport/share/arm_color_transport/hook/cmake_prefix_path.ps1'
[1.937s] colcon.colcon_core.shell INFO Creating environment descriptor '/home/jetson/yahboomcar_ros2_ws_new/yahboomcar_ws/install/arm_color_transport/share/arm_color_transport/hook/cmake_prefix_path.dsv'
[1.939s] colcon.colcon_core.shell INFO Creating environment hook '/home/jetson/yahboomcar_ros2_ws_new/yahboomcar_ws/install/arm_color_transport/share/arm_color_transport/hook/cmake_prefix_path.sh'
[1.942s] colcon.colcon_core.environment Level 1 checking '/home/jetson/yahboomcar_ros2_ws_new/yahboomcar_ws/install/arm_color_transport/lib'
[1.943s] colcon.colcon_core.environment Level 1 checking '/home/jetson/yahboomcar_ros2_ws_new/yahboomcar_ws/install/arm_color_transport/bin'
[1.943s] colcon.colcon_core.environment Level 1 checking '/home/jetson/yahboomcar_ros2_ws_new/yahboomcar_ws/install/arm_color_transport/lib/pkgconfig/arm_color_transport.pc'
[1.944s] colcon.colcon_core.environment Level 1 checking '/home/jetson/yahboomcar_ros2_ws_new/yahboomcar_ws/install/arm_color_transport/lib/python3.10/site-packages'
[1.945s] colcon.colcon_core.environment Level 1 checking '/home/jetson/yahboomcar_ros2_ws_new/yahboomcar_ws/install/arm_color_transport/bin'
[1.946s] colcon.colcon_core.shell INFO Creating package script '/home/jetson/yahboomcar_ros2_ws_new/yahboomcar_ws/install/arm_color_transport/share/arm_color_transport/package.ps1'
[1.949s] colcon.colcon_core.shell INFO Creating package descriptor '/home/jetson/yahboomcar_ros2_ws_new/yahboomcar_ws/install/arm_color_transport/share/arm_color_transport/package.dsv'
[1.951s] colcon.colcon_core.shell INFO Creating package script '/home/jetson/yahboomcar_ros2_ws_new/yahboomcar_ws/install/arm_color_transport/share/arm_color_transport/package.sh'
[1.953s] colcon.colcon_core.shell INFO Creating package script '/home/jetson/yahboomcar_ros2_ws_new/yahboomcar_ws/install/arm_color_transport/share/arm_color_transport/package.bash'
[1.956s] colcon.colcon_core.shell INFO Creating package script '/home/jetson/yahboomcar_ros2_ws_new/yahboomcar_ws/install/arm_color_transport/share/arm_color_transport/package.zsh'
[1.958s] colcon.colcon_core.environment Level 1 create_file_with_runtime_dependencies(/home/jetson/yahboomcar_ros2_ws_new/yahboomcar_ws/install/arm_color_transport/share/colcon-core/packages/arm_color_transport)
[1.961s] colcon.colcon_core.environment Level 1 create_environment_scripts_only(arm_color_transport)
[1.962s] colcon.colcon_core.environment Level 1 checking '/home/jetson/yahboomcar_ros2_ws_new/yahboomcar_ws/install/arm_color_transport' for CMake module files
[1.964s] colcon.colcon_core.environment Level 1 checking '/home/jetson/yahboomcar_ros2_ws_new/yahboomcar_ws/install/arm_color_transport' for CMake config files
[1.965s] colcon.colcon_core.shell Level 1 create_environment_hook('arm_color_transport', 'cmake_prefix_path')
[1.966s] colcon.colcon_core.shell INFO Creating environment hook '/home/jetson/yahboomcar_ros2_ws_new/yahboomcar_ws/install/arm_color_transport/share/arm_color_transport/hook/cmake_prefix_path.ps1'
[1.968s] colcon.colcon_core.shell INFO Creating environment descriptor '/home/jetson/yahboomcar_ros2_ws_new/yahboomcar_ws/install/arm_color_transport/share/arm_color_transport/hook/cmake_prefix_path.dsv'
[1.969s] colcon.colcon_core.shell INFO Creating environment hook '/home/jetson/yahboomcar_ros2_ws_new/yahboomcar_ws/install/arm_color_transport/share/arm_color_transport/hook/cmake_prefix_path.sh'
[1.970s] colcon.colcon_core.environment Level 1 checking '/home/jetson/yahboomcar_ros2_ws_new/yahboomcar_ws/install/arm_color_transport/lib'
[1.971s] colcon.colcon_core.environment Level 1 checking '/home/jetson/yahboomcar_ros2_ws_new/yahboomcar_ws/install/arm_color_transport/bin'
[1.971s] colcon.colcon_core.environment Level 1 checking '/home/jetson/yahboomcar_ros2_ws_new/yahboomcar_ws/install/arm_color_transport/lib/pkgconfig/arm_color_transport.pc'
[1.972s] colcon.colcon_core.environment Level 1 checking '/home/jetson/yahboomcar_ros2_ws_new/yahboomcar_ws/install/arm_color_transport/lib/python3.10/site-packages'
[1.972s] colcon.colcon_core.environment Level 1 checking '/home/jetson/yahboomcar_ros2_ws_new/yahboomcar_ws/install/arm_color_transport/bin'
[1.973s] colcon.colcon_core.shell INFO Creating package script '/home/jetson/yahboomcar_ros2_ws_new/yahboomcar_ws/install/arm_color_transport/share/arm_color_transport/package.ps1'
[1.975s] colcon.colcon_core.shell INFO Creating package descriptor '/home/jetson/yahboomcar_ros2_ws_new/yahboomcar_ws/install/arm_color_transport/share/arm_color_transport/package.dsv'
[1.977s] colcon.colcon_core.shell INFO Creating package script '/home/jetson/yahboomcar_ros2_ws_new/yahboomcar_ws/install/arm_color_transport/share/arm_color_transport/package.sh'
[1.979s] colcon.colcon_core.shell INFO Creating package script '/home/jetson/yahboomcar_ros2_ws_new/yahboomcar_ws/install/arm_color_transport/share/arm_color_transport/package.bash'
[1.980s] colcon.colcon_core.shell INFO Creating package script '/home/jetson/yahboomcar_ros2_ws_new/yahboomcar_ws/install/arm_color_transport/share/arm_color_transport/package.zsh'
[1.982s] colcon.colcon_core.environment Level 1 create_file_with_runtime_dependencies(/home/jetson/yahboomcar_ros2_ws_new/yahboomcar_ws/install/arm_color_transport/share/colcon-core/packages/arm_color_transport)
[2.467s] colcon.colcon_core.event_handler.log_command DEBUG Invoked command in '/home/jetson/yahboomcar_ros2_ws_new/yahboomcar_ws/build/arm_mediapipe' returned '0': CMAKE_PREFIX_PATH=/home/jetson/yahboomcar_ros2_ws_new/yahboomcar_ws/install/yahboomcar_msgs:/home/jetson/yahboomcar_ros2_ws_new/yahboomcar_ws/install/yahboomcar_slam:/home/jetson/yahboomcar_ros2_ws_new/yahboomcar_ws/install/yahboomcar_point:/home/jetson/yahboomcar_ros2_ws_new/yahboomcar_ws/install/arm_autopilot:/home/jetson/yahboomcar_ros2_ws_new/yahboomcar_ws/install/yahboomcar_base_node:/home/jetson/yahboomcar_ros2_ws_new/yahboomcar_ws/install/yahboomcar_KCFTracker:/home/jetson/yahboomcar_ros2_ws_new/yahboomcar_ws/install/yahboom_web_savmap_interfaces:/home/jetson/yahboomcar_ros2_ws_new/yahboomcar_ws/install/robot_pose_publisher_ros2:/home/jetson/yahboomcar_ws/install/yahboomcar_voice_ctrl:/home/jetson/yahboomcar_ws/install/yahboomcar_slam:/home/jetson/yahboomcar_ws/install/yahboomcar_nav:/home/jetson/yahboomcar_ws/install/yahboomcar_astra:/home/jetson/yahboomcar_ws/install/yahboomcar_ctrl:/home/jetson/yahboomcar_ws/install/yahboomcar_bringup:/home/jetson/yahboomcar_ws/install/yahboomcar_msgs:/home/jetson/yahboomcar_ws/install/yahboomcar_linefollw:/home/jetson/yahboomcar_ws/install/yahboomcar_laser:/home/jetson/yahboomcar_ws/install/yahboomcar_description:/home/jetson/yahboomcar_ws/install/ros2_orbslam:/home/jetson/yahboomcar_ws/install/cv_bridge:/home/jetson/yahboomcar_ros2_ws/software/library_ws/install/ydlidar_ros2_driver:/home/jetson/yahboomcar_ros2_ws/software/library_ws/install/web_video_server:/home/jetson/yahboomcar_ros2_ws/software/library_ws/install/teb_local_planner:/home/jetson/yahboomcar_ros2_ws/software/library_ws/install/teb_msgs:/home/jetson/yahboomcar_ros2_ws/software/library_ws/install/sllidar_ros2:/home/jetson/yahboomcar_ros2_ws/software/library_ws/install/slam_gmapping:/home/jetson/yahboomcar_ros2_ws/software/library_ws/install/robot_localization:/home/jetson/yahboomcar_ros2_ws/software/library_ws/install/openslam_gmapping:/home/jetson/yahboomcar_ros2_ws/software/library_ws/install/costmap_converter:/home/jetson/yahboomcar_ros2_ws/software/library_ws/install/costmap_converter_msgs:/home/jetson/yahboomcar_ros2_ws/software/library_ws/install/astra_camera:/home/jetson/yahboomcar_ros2_ws/software/library_ws/install/astra_camera_msgs:/home/jetson/yahboomcar_ros2_ws_new/yahboomcar_ws/install/yahboomcar_voice_ctrl:/home/jetson/yahboomcar_ros2_ws_new/yahboomcar_ws/install/yahboomcar_visual:/home/jetson/yahboomcar_ros2_ws_new/yahboomcar_ws/install/yahboomcar_rviz:/home/jetson/yahboomcar_ros2_ws_new/yahboomcar_ws/install/yahboomcar_nav:/home/jetson/yahboomcar_ros2_ws_new/yahboomcar_ws/install/yahboomcar_multi:/home/jetson/yahboomcar_ros2_ws_new/yahboomcar_ws/install/yahboomcar_mediapipe:/home/jetson/yahboomcar_ros2_ws_new/yahboomcar_ws/install/yahboomcar_linefollow:/home/jetson/yahboomcar_ros2_ws_new/yahboomcar_ws/install/yahboomcar_laser:/home/jetson/yahboomcar_ros2_ws_new/yahboomcar_ws/install/yahboomcar_description_x1:/home/jetson/yahboomcar_ros2_ws_new/yahboomcar_ws/install/yahboomcar_description:/home/jetson/yahboomcar_ros2_ws_new/yahboomcar_ws/install/yahboomcar_ctrl:/home/jetson/yahboomcar_ros2_ws_new/yahboomcar_ws/install/yahboomcar_bringup:/home/jetson/yahboomcar_ros2_ws_new/yahboomcar_ws/install/yahboomcar_astra:/home/jetson/yahboomcar_ros2_ws_new/yahboomcar_ws/install/yahboom_app_save_map:/home/jetson/yahboomcar_ros2_ws_new/yahboomcar_ws/install/laserscan_to_point_pulisher:/opt/ros/humble LD_LIBRARY_PATH=/home/jetson/yahboomcar_ros2_ws_new/yahboomcar_ws/install/yahboomcar_msgs/lib:/home/jetson/yahboomcar_ros2_ws_new/yahboomcar_ws/install/yahboom_web_savmap_interfaces/lib:/usr/local/lib:/home/jetson/yahboomcar_ros2_ws/software/ORB_SLAM2/lib:/home/jetson/yahboomcar_ros2_ws/software/ORB_SLAM2/Thirdparty/DBoW2/lib:/home/jetson/yahboomcar_ros2_ws/software/ORB_SLAM2/Thirdparty/g2o/lib:/home/jetson/yahboomcar_ws/install/yahboomcar_astra/usr/local/lib/yahboomcar_astra:/usr/local/lib:/usr/local/cuda-12.6/lib64:/usr/local/lib:/home/jetson/yahboomcar_ros2_ws/software/ORB_SLAM2/lib:/home/jetson/yahboomcar_ros2_ws/software/ORB_SLAM2/Thirdparty/DBoW2/lib:/home/jetson/yahboomcar_ros2_ws/software/ORB_SLAM2/Thirdparty/g2o/lib:/home/jetson/yahboomcar_ws/install/yahboomcar_astra/usr/local/lib/yahboomcar_astra:/home/jetson/yahboomcar_ws/install/yahboomcar_astra/lib:/home/jetson/yahboomcar_ws/install/yahboomcar_msgs/lib:/home/jetson/yahboomcar_ws/install/cv_bridge/lib:/home/jetson/yahboomcar_ros2_ws/software/library_ws/install/teb_local_planner/lib:/home/jetson/yahboomcar_ros2_ws/software/library_ws/install/teb_msgs/lib:/home/jetson/yahboomcar_ros2_ws/software/library_ws/install/robot_localization/lib:/home/jetson/yahboomcar_ros2_ws/software/library_ws/install/openslam_gmapping/lib:/home/jetson/yahboomcar_ros2_ws/software/library_ws/install/costmap_converter/lib:/home/jetson/yahboomcar_ros2_ws/software/library_ws/install/costmap_converter_msgs/lib:/home/jetson/yahboomcar_ros2_ws/software/library_ws/install/astra_camera/lib:/home/jetson/yahboomcar_ros2_ws/software/library_ws/install/astra_camera_msgs/lib:/opt/ros/humble/opt/rviz_ogre_vendor/lib:/opt/ros/humble/lib/aarch64-linux-gnu:/opt/ros/humble/lib:/usr/local/lib:/usr/local/cuda-12.6/lib64 /usr/bin/cmake --build /home/jetson/yahboomcar_ros2_ws_new/yahboomcar_ws/build/arm_mediapipe -- -j6 -l6
[2.471s] colcon.colcon_core.event_handler.log_command DEBUG Invoking command in '/home/jetson/yahboomcar_ros2_ws_new/yahboomcar_ws/build/arm_mediapipe': CMAKE_PREFIX_PATH=/home/jetson/yahboomcar_ros2_ws_new/yahboomcar_ws/install/yahboomcar_msgs:/home/jetson/yahboomcar_ros2_ws_new/yahboomcar_ws/install/yahboomcar_slam:/home/jetson/yahboomcar_ros2_ws_new/yahboomcar_ws/install/yahboomcar_point:/home/jetson/yahboomcar_ros2_ws_new/yahboomcar_ws/install/arm_autopilot:/home/jetson/yahboomcar_ros2_ws_new/yahboomcar_ws/install/yahboomcar_base_node:/home/jetson/yahboomcar_ros2_ws_new/yahboomcar_ws/install/yahboomcar_KCFTracker:/home/jetson/yahboomcar_ros2_ws_new/yahboomcar_ws/install/yahboom_web_savmap_interfaces:/home/jetson/yahboomcar_ros2_ws_new/yahboomcar_ws/install/robot_pose_publisher_ros2:/home/jetson/yahboomcar_ws/install/yahboomcar_voice_ctrl:/home/jetson/yahboomcar_ws/install/yahboomcar_slam:/home/jetson/yahboomcar_ws/install/yahboomcar_nav:/home/jetson/yahboomcar_ws/install/yahboomcar_astra:/home/jetson/yahboomcar_ws/install/yahboomcar_ctrl:/home/jetson/yahboomcar_ws/install/yahboomcar_bringup:/home/jetson/yahboomcar_ws/install/yahboomcar_msgs:/home/jetson/yahboomcar_ws/install/yahboomcar_linefollw:/home/jetson/yahboomcar_ws/install/yahboomcar_laser:/home/jetson/yahboomcar_ws/install/yahboomcar_description:/home/jetson/yahboomcar_ws/install/ros2_orbslam:/home/jetson/yahboomcar_ws/install/cv_bridge:/home/jetson/yahboomcar_ros2_ws/software/library_ws/install/ydlidar_ros2_driver:/home/jetson/yahboomcar_ros2_ws/software/library_ws/install/web_video_server:/home/jetson/yahboomcar_ros2_ws/software/library_ws/install/teb_local_planner:/home/jetson/yahboomcar_ros2_ws/software/library_ws/install/teb_msgs:/home/jetson/yahboomcar_ros2_ws/software/library_ws/install/sllidar_ros2:/home/jetson/yahboomcar_ros2_ws/software/library_ws/install/slam_gmapping:/home/jetson/yahboomcar_ros2_ws/software/library_ws/install/robot_localization:/home/jetson/yahboomcar_ros2_ws/software/library_ws/install/openslam_gmapping:/home/jetson/yahboomcar_ros2_ws/software/library_ws/install/costmap_converter:/home/jetson/yahboomcar_ros2_ws/software/library_ws/install/costmap_converter_msgs:/home/jetson/yahboomcar_ros2_ws/software/library_ws/install/astra_camera:/home/jetson/yahboomcar_ros2_ws/software/library_ws/install/astra_camera_msgs:/home/jetson/yahboomcar_ros2_ws_new/yahboomcar_ws/install/yahboomcar_voice_ctrl:/home/jetson/yahboomcar_ros2_ws_new/yahboomcar_ws/install/yahboomcar_visual:/home/jetson/yahboomcar_ros2_ws_new/yahboomcar_ws/install/yahboomcar_rviz:/home/jetson/yahboomcar_ros2_ws_new/yahboomcar_ws/install/yahboomcar_nav:/home/jetson/yahboomcar_ros2_ws_new/yahboomcar_ws/install/yahboomcar_multi:/home/jetson/yahboomcar_ros2_ws_new/yahboomcar_ws/install/yahboomcar_mediapipe:/home/jetson/yahboomcar_ros2_ws_new/yahboomcar_ws/install/yahboomcar_linefollow:/home/jetson/yahboomcar_ros2_ws_new/yahboomcar_ws/install/yahboomcar_laser:/home/jetson/yahboomcar_ros2_ws_new/yahboomcar_ws/install/yahboomcar_description_x1:/home/jetson/yahboomcar_ros2_ws_new/yahboomcar_ws/install/yahboomcar_description:/home/jetson/yahboomcar_ros2_ws_new/yahboomcar_ws/install/yahboomcar_ctrl:/home/jetson/yahboomcar_ros2_ws_new/yahboomcar_ws/install/yahboomcar_bringup:/home/jetson/yahboomcar_ros2_ws_new/yahboomcar_ws/install/yahboomcar_astra:/home/jetson/yahboomcar_ros2_ws_new/yahboomcar_ws/install/yahboom_app_save_map:/home/jetson/yahboomcar_ros2_ws_new/yahboomcar_ws/install/laserscan_to_point_pulisher:/opt/ros/humble LD_LIBRARY_PATH=/home/jetson/yahboomcar_ros2_ws_new/yahboomcar_ws/install/yahboomcar_msgs/lib:/home/jetson/yahboomcar_ros2_ws_new/yahboomcar_ws/install/yahboom_web_savmap_interfaces/lib:/usr/local/lib:/home/jetson/yahboomcar_ros2_ws/software/ORB_SLAM2/lib:/home/jetson/yahboomcar_ros2_ws/software/ORB_SLAM2/Thirdparty/DBoW2/lib:/home/jetson/yahboomcar_ros2_ws/software/ORB_SLAM2/Thirdparty/g2o/lib:/home/jetson/yahboomcar_ws/install/yahboomcar_astra/usr/local/lib/yahboomcar_astra:/usr/local/lib:/usr/local/cuda-12.6/lib64:/usr/local/lib:/home/jetson/yahboomcar_ros2_ws/software/ORB_SLAM2/lib:/home/jetson/yahboomcar_ros2_ws/software/ORB_SLAM2/Thirdparty/DBoW2/lib:/home/jetson/yahboomcar_ros2_ws/software/ORB_SLAM2/Thirdparty/g2o/lib:/home/jetson/yahboomcar_ws/install/yahboomcar_astra/usr/local/lib/yahboomcar_astra:/home/jetson/yahboomcar_ws/install/yahboomcar_astra/lib:/home/jetson/yahboomcar_ws/install/yahboomcar_msgs/lib:/home/jetson/yahboomcar_ws/install/cv_bridge/lib:/home/jetson/yahboomcar_ros2_ws/software/library_ws/install/teb_local_planner/lib:/home/jetson/yahboomcar_ros2_ws/software/library_ws/install/teb_msgs/lib:/home/jetson/yahboomcar_ros2_ws/software/library_ws/install/robot_localization/lib:/home/jetson/yahboomcar_ros2_ws/software/library_ws/install/openslam_gmapping/lib:/home/jetson/yahboomcar_ros2_ws/software/library_ws/install/costmap_converter/lib:/home/jetson/yahboomcar_ros2_ws/software/library_ws/install/costmap_converter_msgs/lib:/home/jetson/yahboomcar_ros2_ws/software/library_ws/install/astra_camera/lib:/home/jetson/yahboomcar_ros2_ws/software/library_ws/install/astra_camera_msgs/lib:/opt/ros/humble/opt/rviz_ogre_vendor/lib:/opt/ros/humble/lib/aarch64-linux-gnu:/opt/ros/humble/lib:/usr/local/lib:/usr/local/cuda-12.6/lib64 /usr/bin/cmake --install /home/jetson/yahboomcar_ros2_ws_new/yahboomcar_ws/build/arm_mediapipe
[2.991s] colcon.colcon_core.environment Level 1 create_environment_scripts_only(arm_mediapipe)
[2.992s] colcon.colcon_core.environment Level 1 checking '/home/jetson/yahboomcar_ros2_ws_new/yahboomcar_ws/install/arm_mediapipe' for CMake module files
[2.994s] colcon.colcon_core.event_handler.log_command DEBUG Invoked command in '/home/jetson/yahboomcar_ros2_ws_new/yahboomcar_ws/build/arm_mediapipe' returned '0': CMAKE_PREFIX_PATH=/home/jetson/yahboomcar_ros2_ws_new/yahboomcar_ws/install/yahboomcar_msgs:/home/jetson/yahboomcar_ros2_ws_new/yahboomcar_ws/install/yahboomcar_slam:/home/jetson/yahboomcar_ros2_ws_new/yahboomcar_ws/install/yahboomcar_point:/home/jetson/yahboomcar_ros2_ws_new/yahboomcar_ws/install/arm_autopilot:/home/jetson/yahboomcar_ros2_ws_new/yahboomcar_ws/install/yahboomcar_base_node:/home/jetson/yahboomcar_ros2_ws_new/yahboomcar_ws/install/yahboomcar_KCFTracker:/home/jetson/yahboomcar_ros2_ws_new/yahboomcar_ws/install/yahboom_web_savmap_interfaces:/home/jetson/yahboomcar_ros2_ws_new/yahboomcar_ws/install/robot_pose_publisher_ros2:/home/jetson/yahboomcar_ws/install/yahboomcar_voice_ctrl:/home/jetson/yahboomcar_ws/install/yahboomcar_slam:/home/jetson/yahboomcar_ws/install/yahboomcar_nav:/home/jetson/yahboomcar_ws/install/yahboomcar_astra:/home/jetson/yahboomcar_ws/install/yahboomcar_ctrl:/home/jetson/yahboomcar_ws/install/yahboomcar_bringup:/home/jetson/yahboomcar_ws/install/yahboomcar_msgs:/home/jetson/yahboomcar_ws/install/yahboomcar_linefollw:/home/jetson/yahboomcar_ws/install/yahboomcar_laser:/home/jetson/yahboomcar_ws/install/yahboomcar_description:/home/jetson/yahboomcar_ws/install/ros2_orbslam:/home/jetson/yahboomcar_ws/install/cv_bridge:/home/jetson/yahboomcar_ros2_ws/software/library_ws/install/ydlidar_ros2_driver:/home/jetson/yahboomcar_ros2_ws/software/library_ws/install/web_video_server:/home/jetson/yahboomcar_ros2_ws/software/library_ws/install/teb_local_planner:/home/jetson/yahboomcar_ros2_ws/software/library_ws/install/teb_msgs:/home/jetson/yahboomcar_ros2_ws/software/library_ws/install/sllidar_ros2:/home/jetson/yahboomcar_ros2_ws/software/library_ws/install/slam_gmapping:/home/jetson/yahboomcar_ros2_ws/software/library_ws/install/robot_localization:/home/jetson/yahboomcar_ros2_ws/software/library_ws/install/openslam_gmapping:/home/jetson/yahboomcar_ros2_ws/software/library_ws/install/costmap_converter:/home/jetson/yahboomcar_ros2_ws/software/library_ws/install/costmap_converter_msgs:/home/jetson/yahboomcar_ros2_ws/software/library_ws/install/astra_camera:/home/jetson/yahboomcar_ros2_ws/software/library_ws/install/astra_camera_msgs:/home/jetson/yahboomcar_ros2_ws_new/yahboomcar_ws/install/yahboomcar_voice_ctrl:/home/jetson/yahboomcar_ros2_ws_new/yahboomcar_ws/install/yahboomcar_visual:/home/jetson/yahboomcar_ros2_ws_new/yahboomcar_ws/install/yahboomcar_rviz:/home/jetson/yahboomcar_ros2_ws_new/yahboomcar_ws/install/yahboomcar_nav:/home/jetson/yahboomcar_ros2_ws_new/yahboomcar_ws/install/yahboomcar_multi:/home/jetson/yahboomcar_ros2_ws_new/yahboomcar_ws/install/yahboomcar_mediapipe:/home/jetson/yahboomcar_ros2_ws_new/yahboomcar_ws/install/yahboomcar_linefollow:/home/jetson/yahboomcar_ros2_ws_new/yahboomcar_ws/install/yahboomcar_laser:/home/jetson/yahboomcar_ros2_ws_new/yahboomcar_ws/install/yahboomcar_description_x1:/home/jetson/yahboomcar_ros2_ws_new/yahboomcar_ws/install/yahboomcar_description:/home/jetson/yahboomcar_ros2_ws_new/yahboomcar_ws/install/yahboomcar_ctrl:/home/jetson/yahboomcar_ros2_ws_new/yahboomcar_ws/install/yahboomcar_bringup:/home/jetson/yahboomcar_ros2_ws_new/yahboomcar_ws/install/yahboomcar_astra:/home/jetson/yahboomcar_ros2_ws_new/yahboomcar_ws/install/yahboom_app_save_map:/home/jetson/yahboomcar_ros2_ws_new/yahboomcar_ws/install/laserscan_to_point_pulisher:/opt/ros/humble LD_LIBRARY_PATH=/home/jetson/yahboomcar_ros2_ws_new/yahboomcar_ws/install/yahboomcar_msgs/lib:/home/jetson/yahboomcar_ros2_ws_new/yahboomcar_ws/install/yahboom_web_savmap_interfaces/lib:/usr/local/lib:/home/jetson/yahboomcar_ros2_ws/software/ORB_SLAM2/lib:/home/jetson/yahboomcar_ros2_ws/software/ORB_SLAM2/Thirdparty/DBoW2/lib:/home/jetson/yahboomcar_ros2_ws/software/ORB_SLAM2/Thirdparty/g2o/lib:/home/jetson/yahboomcar_ws/install/yahboomcar_astra/usr/local/lib/yahboomcar_astra:/usr/local/lib:/usr/local/cuda-12.6/lib64:/usr/local/lib:/home/jetson/yahboomcar_ros2_ws/software/ORB_SLAM2/lib:/home/jetson/yahboomcar_ros2_ws/software/ORB_SLAM2/Thirdparty/DBoW2/lib:/home/jetson/yahboomcar_ros2_ws/software/ORB_SLAM2/Thirdparty/g2o/lib:/home/jetson/yahboomcar_ws/install/yahboomcar_astra/usr/local/lib/yahboomcar_astra:/home/jetson/yahboomcar_ws/install/yahboomcar_astra/lib:/home/jetson/yahboomcar_ws/install/yahboomcar_msgs/lib:/home/jetson/yahboomcar_ws/install/cv_bridge/lib:/home/jetson/yahboomcar_ros2_ws/software/library_ws/install/teb_local_planner/lib:/home/jetson/yahboomcar_ros2_ws/software/library_ws/install/teb_msgs/lib:/home/jetson/yahboomcar_ros2_ws/software/library_ws/install/robot_localization/lib:/home/jetson/yahboomcar_ros2_ws/software/library_ws/install/openslam_gmapping/lib:/home/jetson/yahboomcar_ros2_ws/software/library_ws/install/costmap_converter/lib:/home/jetson/yahboomcar_ros2_ws/software/library_ws/install/costmap_converter_msgs/lib:/home/jetson/yahboomcar_ros2_ws/software/library_ws/install/astra_camera/lib:/home/jetson/yahboomcar_ros2_ws/software/library_ws/install/astra_camera_msgs/lib:/opt/ros/humble/opt/rviz_ogre_vendor/lib:/opt/ros/humble/lib/aarch64-linux-gnu:/opt/ros/humble/lib:/usr/local/lib:/usr/local/cuda-12.6/lib64 /usr/bin/cmake --install /home/jetson/yahboomcar_ros2_ws_new/yahboomcar_ws/build/arm_mediapipe
[2.996s] colcon.colcon_core.environment Level 1 checking '/home/jetson/yahboomcar_ros2_ws_new/yahboomcar_ws/install/arm_mediapipe' for CMake config files
[2.996s] colcon.colcon_core.shell Level 1 create_environment_hook('arm_mediapipe', 'cmake_prefix_path')
[2.997s] colcon.colcon_core.shell INFO Creating environment hook '/home/jetson/yahboomcar_ros2_ws_new/yahboomcar_ws/install/arm_mediapipe/share/arm_mediapipe/hook/cmake_prefix_path.ps1'
[2.999s] colcon.colcon_core.shell INFO Creating environment descriptor '/home/jetson/yahboomcar_ros2_ws_new/yahboomcar_ws/install/arm_mediapipe/share/arm_mediapipe/hook/cmake_prefix_path.dsv'
[3.001s] colcon.colcon_core.shell INFO Creating environment hook '/home/jetson/yahboomcar_ros2_ws_new/yahboomcar_ws/install/arm_mediapipe/share/arm_mediapipe/hook/cmake_prefix_path.sh'
[3.003s] colcon.colcon_core.environment Level 1 checking '/home/jetson/yahboomcar_ros2_ws_new/yahboomcar_ws/install/arm_mediapipe/lib'
[3.003s] colcon.colcon_core.environment Level 1 checking '/home/jetson/yahboomcar_ros2_ws_new/yahboomcar_ws/install/arm_mediapipe/bin'
[3.003s] colcon.colcon_core.environment Level 1 checking '/home/jetson/yahboomcar_ros2_ws_new/yahboomcar_ws/install/arm_mediapipe/lib/pkgconfig/arm_mediapipe.pc'
[3.004s] colcon.colcon_core.environment Level 1 checking '/home/jetson/yahboomcar_ros2_ws_new/yahboomcar_ws/install/arm_mediapipe/lib/python3.10/site-packages'
[3.005s] colcon.colcon_core.environment Level 1 checking '/home/jetson/yahboomcar_ros2_ws_new/yahboomcar_ws/install/arm_mediapipe/bin'
[3.006s] colcon.colcon_core.shell INFO Creating package script '/home/jetson/yahboomcar_ros2_ws_new/yahboomcar_ws/install/arm_mediapipe/share/arm_mediapipe/package.ps1'
[3.008s] colcon.colcon_core.shell INFO Creating package descriptor '/home/jetson/yahboomcar_ros2_ws_new/yahboomcar_ws/install/arm_mediapipe/share/arm_mediapipe/package.dsv'
[3.009s] colcon.colcon_core.shell INFO Creating package script '/home/jetson/yahboomcar_ros2_ws_new/yahboomcar_ws/install/arm_mediapipe/share/arm_mediapipe/package.sh'
[3.011s] colcon.colcon_core.shell INFO Creating package script '/home/jetson/yahboomcar_ros2_ws_new/yahboomcar_ws/install/arm_mediapipe/share/arm_mediapipe/package.bash'
[3.012s] colcon.colcon_core.shell INFO Creating package script '/home/jetson/yahboomcar_ros2_ws_new/yahboomcar_ws/install/arm_mediapipe/share/arm_mediapipe/package.zsh'
[3.013s] colcon.colcon_core.environment Level 1 create_file_with_runtime_dependencies(/home/jetson/yahboomcar_ros2_ws_new/yahboomcar_ws/install/arm_mediapipe/share/colcon-core/packages/arm_mediapipe)
[3.015s] colcon.colcon_core.environment Level 1 create_environment_scripts_only(arm_mediapipe)
[3.016s] colcon.colcon_core.environment Level 1 checking '/home/jetson/yahboomcar_ros2_ws_new/yahboomcar_ws/install/arm_mediapipe' for CMake module files
[3.018s] colcon.colcon_core.environment Level 1 checking '/home/jetson/yahboomcar_ros2_ws_new/yahboomcar_ws/install/arm_mediapipe' for CMake config files
[3.019s] colcon.colcon_core.shell Level 1 create_environment_hook('arm_mediapipe', 'cmake_prefix_path')
[3.020s] colcon.colcon_core.shell INFO Creating environment hook '/home/jetson/yahboomcar_ros2_ws_new/yahboomcar_ws/install/arm_mediapipe/share/arm_mediapipe/hook/cmake_prefix_path.ps1'
[3.021s] colcon.colcon_core.shell INFO Creating environment descriptor '/home/jetson/yahboomcar_ros2_ws_new/yahboomcar_ws/install/arm_mediapipe/share/arm_mediapipe/hook/cmake_prefix_path.dsv'
[3.022s] colcon.colcon_core.shell INFO Creating environment hook '/home/jetson/yahboomcar_ros2_ws_new/yahboomcar_ws/install/arm_mediapipe/share/arm_mediapipe/hook/cmake_prefix_path.sh'
[3.024s] colcon.colcon_core.environment Level 1 checking '/home/jetson/yahboomcar_ros2_ws_new/yahboomcar_ws/install/arm_mediapipe/lib'
[3.025s] colcon.colcon_core.environment Level 1 checking '/home/jetson/yahboomcar_ros2_ws_new/yahboomcar_ws/install/arm_mediapipe/bin'
[3.025s] colcon.colcon_core.environment Level 1 checking '/home/jetson/yahboomcar_ros2_ws_new/yahboomcar_ws/install/arm_mediapipe/lib/pkgconfig/arm_mediapipe.pc'
[3.026s] colcon.colcon_core.environment Level 1 checking '/home/jetson/yahboomcar_ros2_ws_new/yahboomcar_ws/install/arm_mediapipe/lib/python3.10/site-packages'
[3.026s] colcon.colcon_core.environment Level 1 checking '/home/jetson/yahboomcar_ros2_ws_new/yahboomcar_ws/install/arm_mediapipe/bin'
[3.028s] colcon.colcon_core.shell INFO Creating package script '/home/jetson/yahboomcar_ros2_ws_new/yahboomcar_ws/install/arm_mediapipe/share/arm_mediapipe/package.ps1'
[3.029s] colcon.colcon_core.shell INFO Creating package descriptor '/home/jetson/yahboomcar_ros2_ws_new/yahboomcar_ws/install/arm_mediapipe/share/arm_mediapipe/package.dsv'
[3.031s] colcon.colcon_core.shell INFO Creating package script '/home/jetson/yahboomcar_ros2_ws_new/yahboomcar_ws/install/arm_mediapipe/share/arm_mediapipe/package.sh'
[3.033s] colcon.colcon_core.shell INFO Creating package script '/home/jetson/yahboomcar_ros2_ws_new/yahboomcar_ws/install/arm_mediapipe/share/arm_mediapipe/package.bash'
[3.034s] colcon.colcon_core.shell INFO Creating package script '/home/jetson/yahboomcar_ros2_ws_new/yahboomcar_ws/install/arm_mediapipe/share/arm_mediapipe/package.zsh'
[3.036s] colcon.colcon_core.environment Level 1 create_file_with_runtime_dependencies(/home/jetson/yahboomcar_ros2_ws_new/yahboomcar_ws/install/arm_mediapipe/share/colcon-core/packages/arm_mediapipe)
[3.037s] colcon.colcon_parallel_executor.executor.parallel DEBUG closing loop
[3.038s] colcon.colcon_parallel_executor.executor.parallel DEBUG loop closed
[3.038s] colcon.colcon_parallel_executor.executor.parallel DEBUG run_until_complete finished with '0'
[3.038s] colcon.colcon_core.event_reactor DEBUG joining thread
[3.063s] colcon.colcon_core.plugin_system INFO Skipping extension 'colcon_notification.desktop_notification.terminal_notifier': Not used on non-Darwin systems
[3.063s] colcon.colcon_core.plugin_system INFO Skipping extension 'colcon_notification.desktop_notification.win32': Not used on non-Windows systems
[3.064s] colcon.colcon_notification.desktop_notification INFO Sending desktop notification using 'notify2'
[3.099s] colcon.colcon_core.event_reactor DEBUG joined thread
[3.100s] colcon.colcon_core.shell INFO Creating prefix script '/home/jetson/yahboomcar_ros2_ws_new/yahboomcar_ws/install/local_setup.ps1'
[3.104s] colcon.colcon_core.shell INFO Creating prefix util module '/home/jetson/yahboomcar_ros2_ws_new/yahboomcar_ws/install/_local_setup_util_ps1.py'
[3.109s] colcon.colcon_core.shell INFO Creating prefix chain script '/home/jetson/yahboomcar_ros2_ws_new/yahboomcar_ws/install/setup.ps1'
[3.121s] colcon.colcon_core.shell INFO Creating prefix script '/home/jetson/yahboomcar_ros2_ws_new/yahboomcar_ws/install/local_setup.sh'
[3.123s] colcon.colcon_core.shell INFO Creating prefix util module '/home/jetson/yahboomcar_ros2_ws_new/yahboomcar_ws/install/_local_setup_util_sh.py'
[3.125s] colcon.colcon_core.shell INFO Creating prefix chain script '/home/jetson/yahboomcar_ros2_ws_new/yahboomcar_ws/install/setup.sh'
[3.137s] colcon.colcon_core.shell INFO Creating prefix script '/home/jetson/yahboomcar_ros2_ws_new/yahboomcar_ws/install/local_setup.bash'
[3.138s] colcon.colcon_core.shell INFO Creating prefix chain script '/home/jetson/yahboomcar_ros2_ws_new/yahboomcar_ws/install/setup.bash'
[3.148s] colcon.colcon_core.shell INFO Creating prefix script '/home/jetson/yahboomcar_ros2_ws_new/yahboomcar_ws/install/local_setup.zsh'
[3.150s] colcon.colcon_core.shell INFO Creating prefix chain script '/home/jetson/yahboomcar_ros2_ws_new/yahboomcar_ws/install/setup.zsh'
