[0.292s] colcon DEBUG Command line arguments: ['/usr/bin/colcon', 'build', '--packages-select', 'x3plus_moveit_config', 'arm_moveit_demo', '--symlink-install']
[0.292s] colcon DEBUG Parsed command line arguments: Namespace(log_base=None, log_level=None, verb_name='build', build_base='build', install_base='install', merge_install=False, symlink_install=True, test_result_base=None, continue_on_error=False, executor='parallel', parallel_workers=6, event_handlers=None, ignore_user_meta=False, metas=['./colcon.meta'], base_paths=['.'], packages_ignore=None, packages_ignore_regex=None, paths=None, packages_up_to=None, packages_up_to_regex=None, packages_above=None, packages_above_and_dependencies=None, packages_above_depth=None, packages_select_by_dep=None, packages_skip_by_dep=None, packages_skip_up_to=None, packages_select_build_failed=False, packages_skip_build_finished=False, packages_select_test_failures=False, packages_skip_test_passed=False, packages_select=['x3plus_moveit_config', 'arm_moveit_demo'], packages_skip=None, packages_select_regex=None, packages_skip_regex=None, packages_start=None, packages_end=None, allow_overriding=[], cmake_args=None, cmake_target=None, cmake_target_skip_unavailable=False, cmake_clean_cache=False, cmake_clean_first=False, cmake_force_configure=False, ament_cmake_args=None, catkin_cmake_args=None, catkin_skip_building_tests=False, mixin_files=None, mixin=None, verb_parser=<colcon_mixin.mixin.mixin_argument.MixinArgumentDecorator object at 0xffffa5668670>, verb_extension=<colcon_core.verb.build.BuildVerb object at 0xffffa5668160>, main=<bound method BuildVerb.main of <colcon_core.verb.build.BuildVerb object at 0xffffa5668160>>, mixin_verb=('build',))
[0.376s] colcon.colcon_core.package_discovery Level 1 discover_packages(colcon_meta) check parameters
[0.376s] colcon.colcon_core.package_discovery Level 1 discover_packages(recursive) check parameters
[0.376s] colcon.colcon_core.package_discovery Level 1 discover_packages(ignore) check parameters
[0.376s] colcon.colcon_core.package_discovery Level 1 discover_packages(path) check parameters
[0.376s] colcon.colcon_core.package_discovery Level 1 discover_packages(colcon_meta) discover
[0.376s] colcon.colcon_core.package_discovery Level 1 discover_packages(recursive) discover
[0.377s] colcon.colcon_core.package_discovery INFO Crawling recursively for packages in '/home/jetson/yahboomcar_ros2_ws_new/yahboomcar_ws'
[0.377s] colcon.colcon_core.package_identification Level 1 _identify(.) by extensions ['ignore', 'ignore_ament_install']
[0.377s] colcon.colcon_core.package_identification Level 1 _identify(.) by extension 'ignore'
[0.377s] colcon.colcon_core.package_identification Level 1 _identify(.) by extension 'ignore_ament_install'
[0.378s] colcon.colcon_core.package_identification Level 1 _identify(.) by extensions ['colcon_pkg']
[0.378s] colcon.colcon_core.package_identification Level 1 _identify(.) by extension 'colcon_pkg'
[0.378s] colcon.colcon_core.package_identification Level 1 _identify(.) by extensions ['colcon_meta']
[0.378s] colcon.colcon_core.package_identification Level 1 _identify(.) by extension 'colcon_meta'
[0.378s] colcon.colcon_core.package_identification Level 1 _identify(.) by extensions ['ros']
[0.378s] colcon.colcon_core.package_identification Level 1 _identify(.) by extension 'ros'
[0.408s] colcon.colcon_core.package_identification Level 1 _identify(.) by extensions ['cmake', 'python']
[0.408s] colcon.colcon_core.package_identification Level 1 _identify(.) by extension 'cmake'
[0.408s] colcon.colcon_core.package_identification Level 1 _identify(.) by extension 'python'
[0.409s] colcon.colcon_core.package_identification Level 1 _identify(.) by extensions ['python_setup_py']
[0.409s] colcon.colcon_core.package_identification Level 1 _identify(.) by extension 'python_setup_py'
[0.409s] colcon.colcon_core.package_identification Level 1 _identify(build) by extensions ['ignore', 'ignore_ament_install']
[0.409s] colcon.colcon_core.package_identification Level 1 _identify(build) by extension 'ignore'
[0.409s] colcon.colcon_core.package_identification Level 1 _identify(build) ignored
[0.410s] colcon.colcon_core.package_identification Level 1 _identify(install) by extensions ['ignore', 'ignore_ament_install']
[0.410s] colcon.colcon_core.package_identification Level 1 _identify(install) by extension 'ignore'
[0.410s] colcon.colcon_core.package_identification Level 1 _identify(install) ignored
[0.410s] colcon.colcon_core.package_identification Level 1 _identify(log) by extensions ['ignore', 'ignore_ament_install']
[0.410s] colcon.colcon_core.package_identification Level 1 _identify(log) by extension 'ignore'
[0.410s] colcon.colcon_core.package_identification Level 1 _identify(log) ignored
[0.411s] colcon.colcon_core.package_identification Level 1 _identify(src) by extensions ['ignore', 'ignore_ament_install']
[0.411s] colcon.colcon_core.package_identification Level 1 _identify(src) by extension 'ignore'
[0.411s] colcon.colcon_core.package_identification Level 1 _identify(src) by extension 'ignore_ament_install'
[0.411s] colcon.colcon_core.package_identification Level 1 _identify(src) by extensions ['colcon_pkg']
[0.411s] colcon.colcon_core.package_identification Level 1 _identify(src) by extension 'colcon_pkg'
[0.411s] colcon.colcon_core.package_identification Level 1 _identify(src) by extensions ['colcon_meta']
[0.411s] colcon.colcon_core.package_identification Level 1 _identify(src) by extension 'colcon_meta'
[0.411s] colcon.colcon_core.package_identification Level 1 _identify(src) by extensions ['ros']
[0.411s] colcon.colcon_core.package_identification Level 1 _identify(src) by extension 'ros'
[0.411s] colcon.colcon_core.package_identification Level 1 _identify(src) by extensions ['cmake', 'python']
[0.411s] colcon.colcon_core.package_identification Level 1 _identify(src) by extension 'cmake'
[0.412s] colcon.colcon_core.package_identification Level 1 _identify(src) by extension 'python'
[0.412s] colcon.colcon_core.package_identification Level 1 _identify(src) by extensions ['python_setup_py']
[0.412s] colcon.colcon_core.package_identification Level 1 _identify(src) by extension 'python_setup_py'
[0.412s] colcon.colcon_core.package_identification Level 1 _identify(src/arm_autopilot) by extensions ['ignore', 'ignore_ament_install']
[0.412s] colcon.colcon_core.package_identification Level 1 _identify(src/arm_autopilot) by extension 'ignore'
[0.412s] colcon.colcon_core.package_identification Level 1 _identify(src/arm_autopilot) by extension 'ignore_ament_install'
[0.412s] colcon.colcon_core.package_identification Level 1 _identify(src/arm_autopilot) by extensions ['colcon_pkg']
[0.412s] colcon.colcon_core.package_identification Level 1 _identify(src/arm_autopilot) by extension 'colcon_pkg'
[0.412s] colcon.colcon_core.package_identification Level 1 _identify(src/arm_autopilot) by extensions ['colcon_meta']
[0.412s] colcon.colcon_core.package_identification Level 1 _identify(src/arm_autopilot) by extension 'colcon_meta'
[0.413s] colcon.colcon_core.package_identification Level 1 _identify(src/arm_autopilot) by extensions ['ros']
[0.413s] colcon.colcon_core.package_identification Level 1 _identify(src/arm_autopilot) by extension 'ros'
[0.418s] colcon.colcon_core.package_identification DEBUG Package 'src/arm_autopilot' with type 'ros.ament_cmake' and name 'arm_autopilot'
[0.419s] colcon.colcon_core.package_identification Level 1 _identify(src/arm_color_transport) by extensions ['ignore', 'ignore_ament_install']
[0.419s] colcon.colcon_core.package_identification Level 1 _identify(src/arm_color_transport) by extension 'ignore'
[0.419s] colcon.colcon_core.package_identification Level 1 _identify(src/arm_color_transport) by extension 'ignore_ament_install'
[0.419s] colcon.colcon_core.package_identification Level 1 _identify(src/arm_color_transport) by extensions ['colcon_pkg']
[0.419s] colcon.colcon_core.package_identification Level 1 _identify(src/arm_color_transport) by extension 'colcon_pkg'
[0.419s] colcon.colcon_core.package_identification Level 1 _identify(src/arm_color_transport) by extensions ['colcon_meta']
[0.419s] colcon.colcon_core.package_identification Level 1 _identify(src/arm_color_transport) by extension 'colcon_meta'
[0.420s] colcon.colcon_core.package_identification Level 1 _identify(src/arm_color_transport) by extensions ['ros']
[0.420s] colcon.colcon_core.package_identification Level 1 _identify(src/arm_color_transport) by extension 'ros'
[0.422s] colcon.colcon_core.package_identification DEBUG Package 'src/arm_color_transport' with type 'ros.ament_cmake' and name 'arm_color_transport'
[0.422s] colcon.colcon_core.package_identification Level 1 _identify(src/arm_mediapipe) by extensions ['ignore', 'ignore_ament_install']
[0.422s] colcon.colcon_core.package_identification Level 1 _identify(src/arm_mediapipe) by extension 'ignore'
[0.422s] colcon.colcon_core.package_identification Level 1 _identify(src/arm_mediapipe) by extension 'ignore_ament_install'
[0.423s] colcon.colcon_core.package_identification Level 1 _identify(src/arm_mediapipe) by extensions ['colcon_pkg']
[0.423s] colcon.colcon_core.package_identification Level 1 _identify(src/arm_mediapipe) by extension 'colcon_pkg'
[0.423s] colcon.colcon_core.package_identification Level 1 _identify(src/arm_mediapipe) by extensions ['colcon_meta']
[0.423s] colcon.colcon_core.package_identification Level 1 _identify(src/arm_mediapipe) by extension 'colcon_meta'
[0.423s] colcon.colcon_core.package_identification Level 1 _identify(src/arm_mediapipe) by extensions ['ros']
[0.423s] colcon.colcon_core.package_identification Level 1 _identify(src/arm_mediapipe) by extension 'ros'
[0.425s] colcon.colcon_core.package_identification DEBUG Package 'src/arm_mediapipe' with type 'ros.ament_cmake' and name 'arm_mediapipe'
[0.425s] colcon.colcon_core.package_identification Level 1 _identify(src/arm_moveit_demo) by extensions ['ignore', 'ignore_ament_install']
[0.425s] colcon.colcon_core.package_identification Level 1 _identify(src/arm_moveit_demo) by extension 'ignore'
[0.425s] colcon.colcon_core.package_identification Level 1 _identify(src/arm_moveit_demo) by extension 'ignore_ament_install'
[0.425s] colcon.colcon_core.package_identification Level 1 _identify(src/arm_moveit_demo) by extensions ['colcon_pkg']
[0.425s] colcon.colcon_core.package_identification Level 1 _identify(src/arm_moveit_demo) by extension 'colcon_pkg'
[0.426s] colcon.colcon_core.package_identification Level 1 _identify(src/arm_moveit_demo) by extensions ['colcon_meta']
[0.426s] colcon.colcon_core.package_identification Level 1 _identify(src/arm_moveit_demo) by extension 'colcon_meta'
[0.426s] colcon.colcon_core.package_identification Level 1 _identify(src/arm_moveit_demo) by extensions ['ros']
[0.426s] colcon.colcon_core.package_identification Level 1 _identify(src/arm_moveit_demo) by extension 'ros'
[0.428s] colcon.colcon_core.package_identification DEBUG Package 'src/arm_moveit_demo' with type 'ros.ament_cmake' and name 'arm_moveit_demo'
[0.428s] colcon.colcon_core.package_identification Level 1 _identify(src/laserscan_to_point_pulisher) by extensions ['ignore', 'ignore_ament_install']
[0.428s] colcon.colcon_core.package_identification Level 1 _identify(src/laserscan_to_point_pulisher) by extension 'ignore'
[0.428s] colcon.colcon_core.package_identification Level 1 _identify(src/laserscan_to_point_pulisher) by extension 'ignore_ament_install'
[0.429s] colcon.colcon_core.package_identification Level 1 _identify(src/laserscan_to_point_pulisher) by extensions ['colcon_pkg']
[0.429s] colcon.colcon_core.package_identification Level 1 _identify(src/laserscan_to_point_pulisher) by extension 'colcon_pkg'
[0.429s] colcon.colcon_core.package_identification Level 1 _identify(src/laserscan_to_point_pulisher) by extensions ['colcon_meta']
[0.429s] colcon.colcon_core.package_identification Level 1 _identify(src/laserscan_to_point_pulisher) by extension 'colcon_meta'
[0.429s] colcon.colcon_core.package_identification Level 1 _identify(src/laserscan_to_point_pulisher) by extensions ['ros']
[0.429s] colcon.colcon_core.package_identification Level 1 _identify(src/laserscan_to_point_pulisher) by extension 'ros'
[0.430s] colcon.colcon_core.package_identification DEBUG Package 'src/laserscan_to_point_pulisher' with type 'ros.ament_python' and name 'laserscan_to_point_pulisher'
[0.430s] colcon.colcon_core.package_identification Level 1 _identify(src/robot_pose_publisher_ros2) by extensions ['ignore', 'ignore_ament_install']
[0.430s] colcon.colcon_core.package_identification Level 1 _identify(src/robot_pose_publisher_ros2) by extension 'ignore'
[0.430s] colcon.colcon_core.package_identification Level 1 _identify(src/robot_pose_publisher_ros2) by extension 'ignore_ament_install'
[0.430s] colcon.colcon_core.package_identification Level 1 _identify(src/robot_pose_publisher_ros2) by extensions ['colcon_pkg']
[0.430s] colcon.colcon_core.package_identification Level 1 _identify(src/robot_pose_publisher_ros2) by extension 'colcon_pkg'
[0.431s] colcon.colcon_core.package_identification Level 1 _identify(src/robot_pose_publisher_ros2) by extensions ['colcon_meta']
[0.431s] colcon.colcon_core.package_identification Level 1 _identify(src/robot_pose_publisher_ros2) by extension 'colcon_meta'
[0.431s] colcon.colcon_core.package_identification Level 1 _identify(src/robot_pose_publisher_ros2) by extensions ['ros']
[0.431s] colcon.colcon_core.package_identification Level 1 _identify(src/robot_pose_publisher_ros2) by extension 'ros'
[0.432s] colcon.colcon_core.package_identification DEBUG Package 'src/robot_pose_publisher_ros2' with type 'ros.ament_cmake' and name 'robot_pose_publisher_ros2'
[0.432s] colcon.colcon_core.package_identification Level 1 _identify(src/x3plus_moveit_config) by extensions ['ignore', 'ignore_ament_install']
[0.432s] colcon.colcon_core.package_identification Level 1 _identify(src/x3plus_moveit_config) by extension 'ignore'
[0.432s] colcon.colcon_core.package_identification Level 1 _identify(src/x3plus_moveit_config) by extension 'ignore_ament_install'
[0.433s] colcon.colcon_core.package_identification Level 1 _identify(src/x3plus_moveit_config) by extensions ['colcon_pkg']
[0.433s] colcon.colcon_core.package_identification Level 1 _identify(src/x3plus_moveit_config) by extension 'colcon_pkg'
[0.433s] colcon.colcon_core.package_identification Level 1 _identify(src/x3plus_moveit_config) by extensions ['colcon_meta']
[0.433s] colcon.colcon_core.package_identification Level 1 _identify(src/x3plus_moveit_config) by extension 'colcon_meta'
[0.433s] colcon.colcon_core.package_identification Level 1 _identify(src/x3plus_moveit_config) by extensions ['ros']
[0.433s] colcon.colcon_core.package_identification Level 1 _identify(src/x3plus_moveit_config) by extension 'ros'
[0.434s] colcon.colcon_core.package_identification DEBUG Package 'src/x3plus_moveit_config' with type 'ros.ament_cmake' and name 'x3plus_moveit_config'
[0.434s] colcon.colcon_core.package_identification Level 1 _identify(src/yahboom_app_save_map) by extensions ['ignore', 'ignore_ament_install']
[0.435s] colcon.colcon_core.package_identification Level 1 _identify(src/yahboom_app_save_map) by extension 'ignore'
[0.435s] colcon.colcon_core.package_identification Level 1 _identify(src/yahboom_app_save_map) by extension 'ignore_ament_install'
[0.435s] colcon.colcon_core.package_identification Level 1 _identify(src/yahboom_app_save_map) by extensions ['colcon_pkg']
[0.435s] colcon.colcon_core.package_identification Level 1 _identify(src/yahboom_app_save_map) by extension 'colcon_pkg'
[0.435s] colcon.colcon_core.package_identification Level 1 _identify(src/yahboom_app_save_map) by extensions ['colcon_meta']
[0.435s] colcon.colcon_core.package_identification Level 1 _identify(src/yahboom_app_save_map) by extension 'colcon_meta'
[0.435s] colcon.colcon_core.package_identification Level 1 _identify(src/yahboom_app_save_map) by extensions ['ros']
[0.435s] colcon.colcon_core.package_identification Level 1 _identify(src/yahboom_app_save_map) by extension 'ros'
[0.436s] colcon.colcon_core.package_identification DEBUG Package 'src/yahboom_app_save_map' with type 'ros.ament_python' and name 'yahboom_app_save_map'
[0.436s] colcon.colcon_core.package_identification Level 1 _identify(src/yahboom_web_savmap_interfaces) by extensions ['ignore', 'ignore_ament_install']
[0.437s] colcon.colcon_core.package_identification Level 1 _identify(src/yahboom_web_savmap_interfaces) by extension 'ignore'
[0.437s] colcon.colcon_core.package_identification Level 1 _identify(src/yahboom_web_savmap_interfaces) by extension 'ignore_ament_install'
[0.437s] colcon.colcon_core.package_identification Level 1 _identify(src/yahboom_web_savmap_interfaces) by extensions ['colcon_pkg']
[0.437s] colcon.colcon_core.package_identification Level 1 _identify(src/yahboom_web_savmap_interfaces) by extension 'colcon_pkg'
[0.437s] colcon.colcon_core.package_identification Level 1 _identify(src/yahboom_web_savmap_interfaces) by extensions ['colcon_meta']
[0.437s] colcon.colcon_core.package_identification Level 1 _identify(src/yahboom_web_savmap_interfaces) by extension 'colcon_meta'
[0.437s] colcon.colcon_core.package_identification Level 1 _identify(src/yahboom_web_savmap_interfaces) by extensions ['ros']
[0.437s] colcon.colcon_core.package_identification Level 1 _identify(src/yahboom_web_savmap_interfaces) by extension 'ros'
[0.438s] colcon.colcon_core.package_identification DEBUG Package 'src/yahboom_web_savmap_interfaces' with type 'ros.ament_cmake' and name 'yahboom_web_savmap_interfaces'
[0.438s] colcon.colcon_core.package_identification Level 1 _identify(src/yahboomcar_KCFTracker) by extensions ['ignore', 'ignore_ament_install']
[0.439s] colcon.colcon_core.package_identification Level 1 _identify(src/yahboomcar_KCFTracker) by extension 'ignore'
[0.439s] colcon.colcon_core.package_identification Level 1 _identify(src/yahboomcar_KCFTracker) by extension 'ignore_ament_install'
[0.439s] colcon.colcon_core.package_identification Level 1 _identify(src/yahboomcar_KCFTracker) by extensions ['colcon_pkg']
[0.439s] colcon.colcon_core.package_identification Level 1 _identify(src/yahboomcar_KCFTracker) by extension 'colcon_pkg'
[0.439s] colcon.colcon_core.package_identification Level 1 _identify(src/yahboomcar_KCFTracker) by extensions ['colcon_meta']
[0.439s] colcon.colcon_core.package_identification Level 1 _identify(src/yahboomcar_KCFTracker) by extension 'colcon_meta'
[0.439s] colcon.colcon_core.package_identification Level 1 _identify(src/yahboomcar_KCFTracker) by extensions ['ros']
[0.439s] colcon.colcon_core.package_identification Level 1 _identify(src/yahboomcar_KCFTracker) by extension 'ros'
[0.441s] colcon.colcon_core.package_identification DEBUG Package 'src/yahboomcar_KCFTracker' with type 'ros.ament_cmake' and name 'yahboomcar_KCFTracker'
[0.441s] colcon.colcon_core.package_identification Level 1 _identify(src/yahboomcar_astra) by extensions ['ignore', 'ignore_ament_install']
[0.441s] colcon.colcon_core.package_identification Level 1 _identify(src/yahboomcar_astra) by extension 'ignore'
[0.441s] colcon.colcon_core.package_identification Level 1 _identify(src/yahboomcar_astra) by extension 'ignore_ament_install'
[0.441s] colcon.colcon_core.package_identification Level 1 _identify(src/yahboomcar_astra) by extensions ['colcon_pkg']
[0.441s] colcon.colcon_core.package_identification Level 1 _identify(src/yahboomcar_astra) by extension 'colcon_pkg'
[0.441s] colcon.colcon_core.package_identification Level 1 _identify(src/yahboomcar_astra) by extensions ['colcon_meta']
[0.442s] colcon.colcon_core.package_identification Level 1 _identify(src/yahboomcar_astra) by extension 'colcon_meta'
[0.442s] colcon.colcon_core.package_identification Level 1 _identify(src/yahboomcar_astra) by extensions ['ros']
[0.442s] colcon.colcon_core.package_identification Level 1 _identify(src/yahboomcar_astra) by extension 'ros'
[0.442s] colcon.colcon_core.package_identification DEBUG Package 'src/yahboomcar_astra' with type 'ros.ament_python' and name 'yahboomcar_astra'
[0.443s] colcon.colcon_core.package_identification Level 1 _identify(src/yahboomcar_base_node) by extensions ['ignore', 'ignore_ament_install']
[0.443s] colcon.colcon_core.package_identification Level 1 _identify(src/yahboomcar_base_node) by extension 'ignore'
[0.443s] colcon.colcon_core.package_identification Level 1 _identify(src/yahboomcar_base_node) by extension 'ignore_ament_install'
[0.443s] colcon.colcon_core.package_identification Level 1 _identify(src/yahboomcar_base_node) by extensions ['colcon_pkg']
[0.443s] colcon.colcon_core.package_identification Level 1 _identify(src/yahboomcar_base_node) by extension 'colcon_pkg'
[0.443s] colcon.colcon_core.package_identification Level 1 _identify(src/yahboomcar_base_node) by extensions ['colcon_meta']
[0.443s] colcon.colcon_core.package_identification Level 1 _identify(src/yahboomcar_base_node) by extension 'colcon_meta'
[0.443s] colcon.colcon_core.package_identification Level 1 _identify(src/yahboomcar_base_node) by extensions ['ros']
[0.443s] colcon.colcon_core.package_identification Level 1 _identify(src/yahboomcar_base_node) by extension 'ros'
[0.445s] colcon.colcon_core.package_identification DEBUG Package 'src/yahboomcar_base_node' with type 'ros.ament_cmake' and name 'yahboomcar_base_node'
[0.445s] colcon.colcon_core.package_identification Level 1 _identify(src/yahboomcar_bringup) by extensions ['ignore', 'ignore_ament_install']
[0.445s] colcon.colcon_core.package_identification Level 1 _identify(src/yahboomcar_bringup) by extension 'ignore'
[0.445s] colcon.colcon_core.package_identification Level 1 _identify(src/yahboomcar_bringup) by extension 'ignore_ament_install'
[0.446s] colcon.colcon_core.package_identification Level 1 _identify(src/yahboomcar_bringup) by extensions ['colcon_pkg']
[0.446s] colcon.colcon_core.package_identification Level 1 _identify(src/yahboomcar_bringup) by extension 'colcon_pkg'
[0.446s] colcon.colcon_core.package_identification Level 1 _identify(src/yahboomcar_bringup) by extensions ['colcon_meta']
[0.446s] colcon.colcon_core.package_identification Level 1 _identify(src/yahboomcar_bringup) by extension 'colcon_meta'
[0.446s] colcon.colcon_core.package_identification Level 1 _identify(src/yahboomcar_bringup) by extensions ['ros']
[0.446s] colcon.colcon_core.package_identification Level 1 _identify(src/yahboomcar_bringup) by extension 'ros'
[0.447s] colcon.colcon_core.package_identification DEBUG Package 'src/yahboomcar_bringup' with type 'ros.ament_python' and name 'yahboomcar_bringup'
[0.447s] colcon.colcon_core.package_identification Level 1 _identify(src/yahboomcar_ctrl) by extensions ['ignore', 'ignore_ament_install']
[0.447s] colcon.colcon_core.package_identification Level 1 _identify(src/yahboomcar_ctrl) by extension 'ignore'
[0.448s] colcon.colcon_core.package_identification Level 1 _identify(src/yahboomcar_ctrl) by extension 'ignore_ament_install'
[0.448s] colcon.colcon_core.package_identification Level 1 _identify(src/yahboomcar_ctrl) by extensions ['colcon_pkg']
[0.448s] colcon.colcon_core.package_identification Level 1 _identify(src/yahboomcar_ctrl) by extension 'colcon_pkg'
[0.448s] colcon.colcon_core.package_identification Level 1 _identify(src/yahboomcar_ctrl) by extensions ['colcon_meta']
[0.448s] colcon.colcon_core.package_identification Level 1 _identify(src/yahboomcar_ctrl) by extension 'colcon_meta'
[0.448s] colcon.colcon_core.package_identification Level 1 _identify(src/yahboomcar_ctrl) by extensions ['ros']
[0.448s] colcon.colcon_core.package_identification Level 1 _identify(src/yahboomcar_ctrl) by extension 'ros'
[0.449s] colcon.colcon_core.package_identification DEBUG Package 'src/yahboomcar_ctrl' with type 'ros.ament_python' and name 'yahboomcar_ctrl'
[0.449s] colcon.colcon_core.package_identification Level 1 _identify(src/yahboomcar_description) by extensions ['ignore', 'ignore_ament_install']
[0.449s] colcon.colcon_core.package_identification Level 1 _identify(src/yahboomcar_description) by extension 'ignore'
[0.449s] colcon.colcon_core.package_identification Level 1 _identify(src/yahboomcar_description) by extension 'ignore_ament_install'
[0.449s] colcon.colcon_core.package_identification Level 1 _identify(src/yahboomcar_description) by extensions ['colcon_pkg']
[0.450s] colcon.colcon_core.package_identification Level 1 _identify(src/yahboomcar_description) by extension 'colcon_pkg'
[0.450s] colcon.colcon_core.package_identification Level 1 _identify(src/yahboomcar_description) by extensions ['colcon_meta']
[0.450s] colcon.colcon_core.package_identification Level 1 _identify(src/yahboomcar_description) by extension 'colcon_meta'
[0.450s] colcon.colcon_core.package_identification Level 1 _identify(src/yahboomcar_description) by extensions ['ros']
[0.450s] colcon.colcon_core.package_identification Level 1 _identify(src/yahboomcar_description) by extension 'ros'
[0.451s] colcon.colcon_core.package_identification DEBUG Package 'src/yahboomcar_description' with type 'ros.ament_python' and name 'yahboomcar_description'
[0.451s] colcon.colcon_core.package_identification Level 1 _identify(src/yahboomcar_description_x1) by extensions ['ignore', 'ignore_ament_install']
[0.451s] colcon.colcon_core.package_identification Level 1 _identify(src/yahboomcar_description_x1) by extension 'ignore'
[0.451s] colcon.colcon_core.package_identification Level 1 _identify(src/yahboomcar_description_x1) by extension 'ignore_ament_install'
[0.451s] colcon.colcon_core.package_identification Level 1 _identify(src/yahboomcar_description_x1) by extensions ['colcon_pkg']
[0.451s] colcon.colcon_core.package_identification Level 1 _identify(src/yahboomcar_description_x1) by extension 'colcon_pkg'
[0.451s] colcon.colcon_core.package_identification Level 1 _identify(src/yahboomcar_description_x1) by extensions ['colcon_meta']
[0.451s] colcon.colcon_core.package_identification Level 1 _identify(src/yahboomcar_description_x1) by extension 'colcon_meta'
[0.452s] colcon.colcon_core.package_identification Level 1 _identify(src/yahboomcar_description_x1) by extensions ['ros']
[0.452s] colcon.colcon_core.package_identification Level 1 _identify(src/yahboomcar_description_x1) by extension 'ros'
[0.453s] colcon.colcon_core.package_identification DEBUG Package 'src/yahboomcar_description_x1' with type 'ros.ament_python' and name 'yahboomcar_description_x1'
[0.453s] colcon.colcon_core.package_identification Level 1 _identify(src/yahboomcar_laser) by extensions ['ignore', 'ignore_ament_install']
[0.453s] colcon.colcon_core.package_identification Level 1 _identify(src/yahboomcar_laser) by extension 'ignore'
[0.453s] colcon.colcon_core.package_identification Level 1 _identify(src/yahboomcar_laser) by extension 'ignore_ament_install'
[0.453s] colcon.colcon_core.package_identification Level 1 _identify(src/yahboomcar_laser) by extensions ['colcon_pkg']
[0.453s] colcon.colcon_core.package_identification Level 1 _identify(src/yahboomcar_laser) by extension 'colcon_pkg'
[0.453s] colcon.colcon_core.package_identification Level 1 _identify(src/yahboomcar_laser) by extensions ['colcon_meta']
[0.453s] colcon.colcon_core.package_identification Level 1 _identify(src/yahboomcar_laser) by extension 'colcon_meta'
[0.454s] colcon.colcon_core.package_identification Level 1 _identify(src/yahboomcar_laser) by extensions ['ros']
[0.454s] colcon.colcon_core.package_identification Level 1 _identify(src/yahboomcar_laser) by extension 'ros'
[0.454s] colcon.colcon_core.package_identification DEBUG Package 'src/yahboomcar_laser' with type 'ros.ament_python' and name 'yahboomcar_laser'
[0.455s] colcon.colcon_core.package_identification Level 1 _identify(src/yahboomcar_linefollow) by extensions ['ignore', 'ignore_ament_install']
[0.455s] colcon.colcon_core.package_identification Level 1 _identify(src/yahboomcar_linefollow) by extension 'ignore'
[0.455s] colcon.colcon_core.package_identification Level 1 _identify(src/yahboomcar_linefollow) by extension 'ignore_ament_install'
[0.455s] colcon.colcon_core.package_identification Level 1 _identify(src/yahboomcar_linefollow) by extensions ['colcon_pkg']
[0.455s] colcon.colcon_core.package_identification Level 1 _identify(src/yahboomcar_linefollow) by extension 'colcon_pkg'
[0.455s] colcon.colcon_core.package_identification Level 1 _identify(src/yahboomcar_linefollow) by extensions ['colcon_meta']
[0.455s] colcon.colcon_core.package_identification Level 1 _identify(src/yahboomcar_linefollow) by extension 'colcon_meta'
[0.455s] colcon.colcon_core.package_identification Level 1 _identify(src/yahboomcar_linefollow) by extensions ['ros']
[0.455s] colcon.colcon_core.package_identification Level 1 _identify(src/yahboomcar_linefollow) by extension 'ros'
[0.456s] colcon.colcon_core.package_identification DEBUG Package 'src/yahboomcar_linefollow' with type 'ros.ament_python' and name 'yahboomcar_linefollow'
[0.457s] colcon.colcon_core.package_identification Level 1 _identify(src/yahboomcar_mediapipe) by extensions ['ignore', 'ignore_ament_install']
[0.457s] colcon.colcon_core.package_identification Level 1 _identify(src/yahboomcar_mediapipe) by extension 'ignore'
[0.457s] colcon.colcon_core.package_identification Level 1 _identify(src/yahboomcar_mediapipe) by extension 'ignore_ament_install'
[0.457s] colcon.colcon_core.package_identification Level 1 _identify(src/yahboomcar_mediapipe) by extensions ['colcon_pkg']
[0.457s] colcon.colcon_core.package_identification Level 1 _identify(src/yahboomcar_mediapipe) by extension 'colcon_pkg'
[0.457s] colcon.colcon_core.package_identification Level 1 _identify(src/yahboomcar_mediapipe) by extensions ['colcon_meta']
[0.457s] colcon.colcon_core.package_identification Level 1 _identify(src/yahboomcar_mediapipe) by extension 'colcon_meta'
[0.457s] colcon.colcon_core.package_identification Level 1 _identify(src/yahboomcar_mediapipe) by extensions ['ros']
[0.457s] colcon.colcon_core.package_identification Level 1 _identify(src/yahboomcar_mediapipe) by extension 'ros'
[0.458s] colcon.colcon_core.package_identification DEBUG Package 'src/yahboomcar_mediapipe' with type 'ros.ament_python' and name 'yahboomcar_mediapipe'
[0.458s] colcon.colcon_core.package_identification Level 1 _identify(src/yahboomcar_msgs) by extensions ['ignore', 'ignore_ament_install']
[0.458s] colcon.colcon_core.package_identification Level 1 _identify(src/yahboomcar_msgs) by extension 'ignore'
[0.459s] colcon.colcon_core.package_identification Level 1 _identify(src/yahboomcar_msgs) by extension 'ignore_ament_install'
[0.459s] colcon.colcon_core.package_identification Level 1 _identify(src/yahboomcar_msgs) by extensions ['colcon_pkg']
[0.459s] colcon.colcon_core.package_identification Level 1 _identify(src/yahboomcar_msgs) by extension 'colcon_pkg'
[0.459s] colcon.colcon_core.package_identification Level 1 _identify(src/yahboomcar_msgs) by extensions ['colcon_meta']
[0.459s] colcon.colcon_core.package_identification Level 1 _identify(src/yahboomcar_msgs) by extension 'colcon_meta'
[0.459s] colcon.colcon_core.package_identification Level 1 _identify(src/yahboomcar_msgs) by extensions ['ros']
[0.459s] colcon.colcon_core.package_identification Level 1 _identify(src/yahboomcar_msgs) by extension 'ros'
[0.460s] colcon.colcon_core.package_identification DEBUG Package 'src/yahboomcar_msgs' with type 'ros.ament_cmake' and name 'yahboomcar_msgs'
[0.461s] colcon.colcon_core.package_identification Level 1 _identify(src/yahboomcar_multi) by extensions ['ignore', 'ignore_ament_install']
[0.461s] colcon.colcon_core.package_identification Level 1 _identify(src/yahboomcar_multi) by extension 'ignore'
[0.461s] colcon.colcon_core.package_identification Level 1 _identify(src/yahboomcar_multi) by extension 'ignore_ament_install'
[0.461s] colcon.colcon_core.package_identification Level 1 _identify(src/yahboomcar_multi) by extensions ['colcon_pkg']
[0.461s] colcon.colcon_core.package_identification Level 1 _identify(src/yahboomcar_multi) by extension 'colcon_pkg'
[0.461s] colcon.colcon_core.package_identification Level 1 _identify(src/yahboomcar_multi) by extensions ['colcon_meta']
[0.461s] colcon.colcon_core.package_identification Level 1 _identify(src/yahboomcar_multi) by extension 'colcon_meta'
[0.461s] colcon.colcon_core.package_identification Level 1 _identify(src/yahboomcar_multi) by extensions ['ros']
[0.461s] colcon.colcon_core.package_identification Level 1 _identify(src/yahboomcar_multi) by extension 'ros'
[0.462s] colcon.colcon_core.package_identification DEBUG Package 'src/yahboomcar_multi' with type 'ros.ament_python' and name 'yahboomcar_multi'
[0.462s] colcon.colcon_core.package_identification Level 1 _identify(src/yahboomcar_nav) by extensions ['ignore', 'ignore_ament_install']
[0.463s] colcon.colcon_core.package_identification Level 1 _identify(src/yahboomcar_nav) by extension 'ignore'
[0.463s] colcon.colcon_core.package_identification Level 1 _identify(src/yahboomcar_nav) by extension 'ignore_ament_install'
[0.463s] colcon.colcon_core.package_identification Level 1 _identify(src/yahboomcar_nav) by extensions ['colcon_pkg']
[0.463s] colcon.colcon_core.package_identification Level 1 _identify(src/yahboomcar_nav) by extension 'colcon_pkg'
[0.463s] colcon.colcon_core.package_identification Level 1 _identify(src/yahboomcar_nav) by extensions ['colcon_meta']
[0.463s] colcon.colcon_core.package_identification Level 1 _identify(src/yahboomcar_nav) by extension 'colcon_meta'
[0.463s] colcon.colcon_core.package_identification Level 1 _identify(src/yahboomcar_nav) by extensions ['ros']
[0.463s] colcon.colcon_core.package_identification Level 1 _identify(src/yahboomcar_nav) by extension 'ros'
[0.464s] colcon.colcon_core.package_identification DEBUG Package 'src/yahboomcar_nav' with type 'ros.ament_python' and name 'yahboomcar_nav'
[0.465s] colcon.colcon_core.package_identification Level 1 _identify(src/yahboomcar_point) by extensions ['ignore', 'ignore_ament_install']
[0.465s] colcon.colcon_core.package_identification Level 1 _identify(src/yahboomcar_point) by extension 'ignore'
[0.465s] colcon.colcon_core.package_identification Level 1 _identify(src/yahboomcar_point) by extension 'ignore_ament_install'
[0.465s] colcon.colcon_core.package_identification Level 1 _identify(src/yahboomcar_point) by extensions ['colcon_pkg']
[0.465s] colcon.colcon_core.package_identification Level 1 _identify(src/yahboomcar_point) by extension 'colcon_pkg'
[0.465s] colcon.colcon_core.package_identification Level 1 _identify(src/yahboomcar_point) by extensions ['colcon_meta']
[0.465s] colcon.colcon_core.package_identification Level 1 _identify(src/yahboomcar_point) by extension 'colcon_meta'
[0.465s] colcon.colcon_core.package_identification Level 1 _identify(src/yahboomcar_point) by extensions ['ros']
[0.465s] colcon.colcon_core.package_identification Level 1 _identify(src/yahboomcar_point) by extension 'ros'
[0.467s] colcon.colcon_core.package_identification DEBUG Package 'src/yahboomcar_point' with type 'ros.ament_cmake' and name 'yahboomcar_point'
[0.467s] colcon.colcon_core.package_identification Level 1 _identify(src/yahboomcar_rviz) by extensions ['ignore', 'ignore_ament_install']
[0.467s] colcon.colcon_core.package_identification Level 1 _identify(src/yahboomcar_rviz) by extension 'ignore'
[0.467s] colcon.colcon_core.package_identification Level 1 _identify(src/yahboomcar_rviz) by extension 'ignore_ament_install'
[0.467s] colcon.colcon_core.package_identification Level 1 _identify(src/yahboomcar_rviz) by extensions ['colcon_pkg']
[0.467s] colcon.colcon_core.package_identification Level 1 _identify(src/yahboomcar_rviz) by extension 'colcon_pkg'
[0.467s] colcon.colcon_core.package_identification Level 1 _identify(src/yahboomcar_rviz) by extensions ['colcon_meta']
[0.467s] colcon.colcon_core.package_identification Level 1 _identify(src/yahboomcar_rviz) by extension 'colcon_meta'
[0.467s] colcon.colcon_core.package_identification Level 1 _identify(src/yahboomcar_rviz) by extensions ['ros']
[0.468s] colcon.colcon_core.package_identification Level 1 _identify(src/yahboomcar_rviz) by extension 'ros'
[0.468s] colcon.colcon_core.package_identification DEBUG Package 'src/yahboomcar_rviz' with type 'ros.ament_python' and name 'yahboomcar_rviz'
[0.469s] colcon.colcon_core.package_identification Level 1 _identify(src/yahboomcar_slam) by extensions ['ignore', 'ignore_ament_install']
[0.469s] colcon.colcon_core.package_identification Level 1 _identify(src/yahboomcar_slam) by extension 'ignore'
[0.469s] colcon.colcon_core.package_identification Level 1 _identify(src/yahboomcar_slam) by extension 'ignore_ament_install'
[0.469s] colcon.colcon_core.package_identification Level 1 _identify(src/yahboomcar_slam) by extensions ['colcon_pkg']
[0.469s] colcon.colcon_core.package_identification Level 1 _identify(src/yahboomcar_slam) by extension 'colcon_pkg'
[0.469s] colcon.colcon_core.package_identification Level 1 _identify(src/yahboomcar_slam) by extensions ['colcon_meta']
[0.469s] colcon.colcon_core.package_identification Level 1 _identify(src/yahboomcar_slam) by extension 'colcon_meta'
[0.469s] colcon.colcon_core.package_identification Level 1 _identify(src/yahboomcar_slam) by extensions ['ros']
[0.469s] colcon.colcon_core.package_identification Level 1 _identify(src/yahboomcar_slam) by extension 'ros'
[0.471s] colcon.colcon_core.package_identification DEBUG Package 'src/yahboomcar_slam' with type 'ros.ament_cmake' and name 'yahboomcar_slam'
[0.472s] colcon.colcon_core.package_identification Level 1 _identify(src/yahboomcar_visual) by extensions ['ignore', 'ignore_ament_install']
[0.472s] colcon.colcon_core.package_identification Level 1 _identify(src/yahboomcar_visual) by extension 'ignore'
[0.472s] colcon.colcon_core.package_identification Level 1 _identify(src/yahboomcar_visual) by extension 'ignore_ament_install'
[0.472s] colcon.colcon_core.package_identification Level 1 _identify(src/yahboomcar_visual) by extensions ['colcon_pkg']
[0.472s] colcon.colcon_core.package_identification Level 1 _identify(src/yahboomcar_visual) by extension 'colcon_pkg'
[0.472s] colcon.colcon_core.package_identification Level 1 _identify(src/yahboomcar_visual) by extensions ['colcon_meta']
[0.472s] colcon.colcon_core.package_identification Level 1 _identify(src/yahboomcar_visual) by extension 'colcon_meta'
[0.472s] colcon.colcon_core.package_identification Level 1 _identify(src/yahboomcar_visual) by extensions ['ros']
[0.473s] colcon.colcon_core.package_identification Level 1 _identify(src/yahboomcar_visual) by extension 'ros'
[0.473s] colcon.colcon_core.package_identification DEBUG Package 'src/yahboomcar_visual' with type 'ros.ament_python' and name 'yahboomcar_visual'
[0.474s] colcon.colcon_core.package_identification Level 1 _identify(src/yahboomcar_voice_ctrl) by extensions ['ignore', 'ignore_ament_install']
[0.474s] colcon.colcon_core.package_identification Level 1 _identify(src/yahboomcar_voice_ctrl) by extension 'ignore'
[0.474s] colcon.colcon_core.package_identification Level 1 _identify(src/yahboomcar_voice_ctrl) by extension 'ignore_ament_install'
[0.474s] colcon.colcon_core.package_identification Level 1 _identify(src/yahboomcar_voice_ctrl) by extensions ['colcon_pkg']
[0.474s] colcon.colcon_core.package_identification Level 1 _identify(src/yahboomcar_voice_ctrl) by extension 'colcon_pkg'
[0.474s] colcon.colcon_core.package_identification Level 1 _identify(src/yahboomcar_voice_ctrl) by extensions ['colcon_meta']
[0.474s] colcon.colcon_core.package_identification Level 1 _identify(src/yahboomcar_voice_ctrl) by extension 'colcon_meta'
[0.474s] colcon.colcon_core.package_identification Level 1 _identify(src/yahboomcar_voice_ctrl) by extensions ['ros']
[0.474s] colcon.colcon_core.package_identification Level 1 _identify(src/yahboomcar_voice_ctrl) by extension 'ros'
[0.475s] colcon.colcon_core.package_identification DEBUG Package 'src/yahboomcar_voice_ctrl' with type 'ros.ament_python' and name 'yahboomcar_voice_ctrl'
[0.475s] colcon.colcon_core.package_discovery Level 1 discover_packages(recursive) using defaults
[0.475s] colcon.colcon_core.package_discovery Level 1 discover_packages(ignore) discover
[0.475s] colcon.colcon_core.package_discovery Level 1 discover_packages(ignore) using defaults
[0.475s] colcon.colcon_core.package_discovery Level 1 discover_packages(path) discover
[0.476s] colcon.colcon_core.package_discovery Level 1 discover_packages(path) using defaults
[0.520s] colcon.colcon_core.package_selection INFO Skipping not selected package 'laserscan_to_point_pulisher' in 'src/laserscan_to_point_pulisher'
[0.520s] colcon.colcon_core.package_selection INFO Skipping not selected package 'robot_pose_publisher_ros2' in 'src/robot_pose_publisher_ros2'
[0.520s] colcon.colcon_core.package_selection INFO Skipping not selected package 'yahboom_app_save_map' in 'src/yahboom_app_save_map'
[0.520s] colcon.colcon_core.package_selection INFO Skipping not selected package 'yahboom_web_savmap_interfaces' in 'src/yahboom_web_savmap_interfaces'
[0.520s] colcon.colcon_core.package_selection INFO Skipping not selected package 'yahboomcar_KCFTracker' in 'src/yahboomcar_KCFTracker'
[0.520s] colcon.colcon_core.package_selection INFO Skipping not selected package 'yahboomcar_astra' in 'src/yahboomcar_astra'
[0.520s] colcon.colcon_core.package_selection INFO Skipping not selected package 'yahboomcar_base_node' in 'src/yahboomcar_base_node'
[0.520s] colcon.colcon_core.package_selection INFO Skipping not selected package 'yahboomcar_bringup' in 'src/yahboomcar_bringup'
[0.520s] colcon.colcon_core.package_selection INFO Skipping not selected package 'yahboomcar_ctrl' in 'src/yahboomcar_ctrl'
[0.520s] colcon.colcon_core.package_selection INFO Skipping not selected package 'yahboomcar_description' in 'src/yahboomcar_description'
[0.520s] colcon.colcon_core.package_selection INFO Skipping not selected package 'yahboomcar_description_x1' in 'src/yahboomcar_description_x1'
[0.521s] colcon.colcon_core.package_selection INFO Skipping not selected package 'yahboomcar_laser' in 'src/yahboomcar_laser'
[0.521s] colcon.colcon_core.package_selection INFO Skipping not selected package 'yahboomcar_linefollow' in 'src/yahboomcar_linefollow'
[0.521s] colcon.colcon_core.package_selection INFO Skipping not selected package 'yahboomcar_mediapipe' in 'src/yahboomcar_mediapipe'
[0.521s] colcon.colcon_core.package_selection INFO Skipping not selected package 'yahboomcar_msgs' in 'src/yahboomcar_msgs'
[0.521s] colcon.colcon_core.package_selection INFO Skipping not selected package 'yahboomcar_multi' in 'src/yahboomcar_multi'
[0.521s] colcon.colcon_core.package_selection INFO Skipping not selected package 'yahboomcar_nav' in 'src/yahboomcar_nav'
[0.521s] colcon.colcon_core.package_selection INFO Skipping not selected package 'yahboomcar_rviz' in 'src/yahboomcar_rviz'
[0.521s] colcon.colcon_core.package_selection INFO Skipping not selected package 'yahboomcar_slam' in 'src/yahboomcar_slam'
[0.521s] colcon.colcon_core.package_selection INFO Skipping not selected package 'yahboomcar_visual' in 'src/yahboomcar_visual'
[0.521s] colcon.colcon_core.package_selection INFO Skipping not selected package 'yahboomcar_voice_ctrl' in 'src/yahboomcar_voice_ctrl'
[0.521s] colcon.colcon_core.package_selection INFO Skipping not selected package 'arm_autopilot' in 'src/arm_autopilot'
[0.521s] colcon.colcon_core.package_selection INFO Skipping not selected package 'arm_color_transport' in 'src/arm_color_transport'
[0.521s] colcon.colcon_core.package_selection INFO Skipping not selected package 'arm_mediapipe' in 'src/arm_mediapipe'
[0.521s] colcon.colcon_core.package_selection INFO Skipping not selected package 'yahboomcar_point' in 'src/yahboomcar_point'
[0.522s] colcon.colcon_core.package_discovery Level 1 discover_packages(prefix_path) check parameters
[0.522s] colcon.colcon_core.package_discovery Level 1 discover_packages(prefix_path) discover
[0.530s] colcon.colcon_installed_package_information.package_discovery DEBUG Found 25 installed packages in /home/jetson/yahboomcar_ros2_ws_new/yahboomcar_ws/install
[0.532s] colcon.colcon_installed_package_information.package_discovery DEBUG Found 13 installed packages in /home/jetson/yahboomcar_ws/install
[0.534s] colcon.colcon_installed_package_information.package_discovery DEBUG Found 12 installed packages in /home/jetson/yahboomcar_ros2_ws/software/library_ws/install
[0.537s] colcon.colcon_installed_package_information.package_discovery DEBUG Found 350 installed packages in /opt/ros/humble
[0.540s] colcon.colcon_core.package_discovery Level 1 discover_packages(prefix_path) using defaults
[0.658s] colcon.colcon_core.verb Level 5 set package 'x3plus_moveit_config' build argument 'cmake_args' from command line to 'None'
[0.658s] colcon.colcon_core.verb Level 5 set package 'x3plus_moveit_config' build argument 'cmake_target' from command line to 'None'
[0.658s] colcon.colcon_core.verb Level 5 set package 'x3plus_moveit_config' build argument 'cmake_target_skip_unavailable' from command line to 'False'
[0.658s] colcon.colcon_core.verb Level 5 set package 'x3plus_moveit_config' build argument 'cmake_clean_cache' from command line to 'False'
[0.658s] colcon.colcon_core.verb Level 5 set package 'x3plus_moveit_config' build argument 'cmake_clean_first' from command line to 'False'
[0.658s] colcon.colcon_core.verb Level 5 set package 'x3plus_moveit_config' build argument 'cmake_force_configure' from command line to 'False'
[0.658s] colcon.colcon_core.verb Level 5 set package 'x3plus_moveit_config' build argument 'ament_cmake_args' from command line to 'None'
[0.658s] colcon.colcon_core.verb Level 5 set package 'x3plus_moveit_config' build argument 'catkin_cmake_args' from command line to 'None'
[0.658s] colcon.colcon_core.verb Level 5 set package 'x3plus_moveit_config' build argument 'catkin_skip_building_tests' from command line to 'False'
[0.658s] colcon.colcon_core.verb DEBUG Building package 'x3plus_moveit_config' with the following arguments: {'ament_cmake_args': None, 'build_base': '/home/jetson/yahboomcar_ros2_ws_new/yahboomcar_ws/build/x3plus_moveit_config', 'catkin_cmake_args': None, 'catkin_skip_building_tests': False, 'cmake_args': None, 'cmake_clean_cache': False, 'cmake_clean_first': False, 'cmake_force_configure': False, 'cmake_target': None, 'cmake_target_skip_unavailable': False, 'install_base': '/home/jetson/yahboomcar_ros2_ws_new/yahboomcar_ws/install/x3plus_moveit_config', 'merge_install': False, 'path': '/home/jetson/yahboomcar_ros2_ws_new/yahboomcar_ws/src/x3plus_moveit_config', 'symlink_install': True, 'test_result_base': None}
[0.659s] colcon.colcon_core.verb Level 5 set package 'arm_moveit_demo' build argument 'cmake_args' from command line to 'None'
[0.659s] colcon.colcon_core.verb Level 5 set package 'arm_moveit_demo' build argument 'cmake_target' from command line to 'None'
[0.659s] colcon.colcon_core.verb Level 5 set package 'arm_moveit_demo' build argument 'cmake_target_skip_unavailable' from command line to 'False'
[0.659s] colcon.colcon_core.verb Level 5 set package 'arm_moveit_demo' build argument 'cmake_clean_cache' from command line to 'False'
[0.659s] colcon.colcon_core.verb Level 5 set package 'arm_moveit_demo' build argument 'cmake_clean_first' from command line to 'False'
[0.659s] colcon.colcon_core.verb Level 5 set package 'arm_moveit_demo' build argument 'cmake_force_configure' from command line to 'False'
[0.659s] colcon.colcon_core.verb Level 5 set package 'arm_moveit_demo' build argument 'ament_cmake_args' from command line to 'None'
[0.660s] colcon.colcon_core.verb Level 5 set package 'arm_moveit_demo' build argument 'catkin_cmake_args' from command line to 'None'
[0.660s] colcon.colcon_core.verb Level 5 set package 'arm_moveit_demo' build argument 'catkin_skip_building_tests' from command line to 'False'
[0.660s] colcon.colcon_core.verb DEBUG Building package 'arm_moveit_demo' with the following arguments: {'ament_cmake_args': None, 'build_base': '/home/jetson/yahboomcar_ros2_ws_new/yahboomcar_ws/build/arm_moveit_demo', 'catkin_cmake_args': None, 'catkin_skip_building_tests': False, 'cmake_args': None, 'cmake_clean_cache': False, 'cmake_clean_first': False, 'cmake_force_configure': False, 'cmake_target': None, 'cmake_target_skip_unavailable': False, 'install_base': '/home/jetson/yahboomcar_ros2_ws_new/yahboomcar_ws/install/arm_moveit_demo', 'merge_install': False, 'path': '/home/jetson/yahboomcar_ros2_ws_new/yahboomcar_ws/src/arm_moveit_demo', 'symlink_install': True, 'test_result_base': None}
[0.660s] colcon.colcon_core.executor INFO Executing jobs using 'parallel' executor
[0.662s] colcon.colcon_parallel_executor.executor.parallel DEBUG run_until_complete
[0.663s] colcon.colcon_ros.task.ament_cmake.build INFO Building ROS package in '/home/jetson/yahboomcar_ros2_ws_new/yahboomcar_ws/src/x3plus_moveit_config' with build type 'ament_cmake'
[0.663s] colcon.colcon_cmake.task.cmake.build INFO Building CMake package in '/home/jetson/yahboomcar_ros2_ws_new/yahboomcar_ws/src/x3plus_moveit_config'
[0.669s] colcon.colcon_core.plugin_system INFO Skipping extension 'colcon_core.shell.bat': Not used on non-Windows systems
[0.669s] colcon.colcon_core.shell INFO Skip shell extension 'powershell' for command environment: Not usable outside of PowerShell
[0.670s] colcon.colcon_core.shell DEBUG Skip shell extension 'dsv' for command environment
[0.699s] colcon.colcon_core.event_handler.log_command DEBUG Invoking command in '/home/jetson/yahboomcar_ros2_ws_new/yahboomcar_ws/build/x3plus_moveit_config': AMENT_PREFIX_PATH=/home/jetson/yahboomcar_ros2_ws_new/yahboomcar_ws/install/yahboomcar_description:/home/jetson/yahboomcar_ros2_ws_new/yahboomcar_ws/install/arm_mediapipe:/home/jetson/yahboomcar_ros2_ws_new/yahboomcar_ws/install/arm_color_transport:/home/jetson/yahboomcar_ros2_ws_new/yahboomcar_ws/install/yahboomcar_voice_ctrl:/home/jetson/yahboomcar_ros2_ws_new/yahboomcar_ws/install/yahboomcar_visual:/home/jetson/yahboomcar_ros2_ws_new/yahboomcar_ws/install/yahboomcar_slam:/home/jetson/yahboomcar_ros2_ws_new/yahboomcar_ws/install/yahboomcar_rviz:/home/jetson/yahboomcar_ros2_ws_new/yahboomcar_ws/install/yahboomcar_point:/home/jetson/yahboomcar_ros2_ws_new/yahboomcar_ws/install/yahboomcar_nav:/home/jetson/yahboomcar_ros2_ws_new/yahboomcar_ws/install/yahboomcar_multi:/home/jetson/yahboomcar_ros2_ws_new/yahboomcar_ws/install/arm_autopilot:/home/jetson/yahboomcar_ros2_ws_new/yahboomcar_ws/install/yahboomcar_msgs:/home/jetson/yahboomcar_ros2_ws_new/yahboomcar_ws/install/yahboomcar_mediapipe:/home/jetson/yahboomcar_ros2_ws_new/yahboomcar_ws/install/yahboomcar_linefollow:/home/jetson/yahboomcar_ros2_ws_new/yahboomcar_ws/install/yahboomcar_laser:/home/jetson/yahboomcar_ros2_ws_new/yahboomcar_ws/install/yahboomcar_description_x1:/home/jetson/yahboomcar_ros2_ws_new/yahboomcar_ws/install/yahboomcar_ctrl:/home/jetson/yahboomcar_ros2_ws_new/yahboomcar_ws/install/yahboomcar_bringup:/home/jetson/yahboomcar_ros2_ws_new/yahboomcar_ws/install/yahboomcar_base_node:/home/jetson/yahboomcar_ros2_ws_new/yahboomcar_ws/install/yahboomcar_astra:/home/jetson/yahboomcar_ros2_ws_new/yahboomcar_ws/install/yahboomcar_KCFTracker:/home/jetson/yahboomcar_ros2_ws_new/yahboomcar_ws/install/yahboom_web_savmap_interfaces:/home/jetson/yahboomcar_ros2_ws_new/yahboomcar_ws/install/yahboom_app_save_map:/home/jetson/yahboomcar_ros2_ws_new/yahboomcar_ws/install/robot_pose_publisher_ros2:/home/jetson/yahboomcar_ros2_ws_new/yahboomcar_ws/install/laserscan_to_point_pulisher:/home/jetson/yahboomcar_ws/install/yahboomcar_voice_ctrl:/home/jetson/yahboomcar_ws/install/yahboomcar_slam:/home/jetson/yahboomcar_ws/install/yahboomcar_nav:/home/jetson/yahboomcar_ws/install/yahboomcar_astra:/home/jetson/yahboomcar_ws/install/yahboomcar_ctrl:/home/jetson/yahboomcar_ws/install/yahboomcar_bringup:/home/jetson/yahboomcar_ws/install/yahboomcar_msgs:/home/jetson/yahboomcar_ws/install/yahboomcar_linefollw:/home/jetson/yahboomcar_ws/install/yahboomcar_laser:/home/jetson/yahboomcar_ws/install/yahboomcar_description:/home/jetson/yahboomcar_ws/install/ros2_orbslam:/home/jetson/yahboomcar_ws/install/cv_bridge:/home/jetson/yahboomcar_ros2_ws/software/library_ws/install/ydlidar_ros2_driver:/home/jetson/yahboomcar_ros2_ws/software/library_ws/install/web_video_server:/home/jetson/yahboomcar_ros2_ws/software/library_ws/install/teb_local_planner:/home/jetson/yahboomcar_ros2_ws/software/library_ws/install/teb_msgs:/home/jetson/yahboomcar_ros2_ws/software/library_ws/install/sllidar_ros2:/home/jetson/yahboomcar_ros2_ws/software/library_ws/install/slam_gmapping:/home/jetson/yahboomcar_ros2_ws/software/library_ws/install/robot_localization:/home/jetson/yahboomcar_ros2_ws/software/library_ws/install/openslam_gmapping:/home/jetson/yahboomcar_ros2_ws/software/library_ws/install/costmap_converter:/home/jetson/yahboomcar_ros2_ws/software/library_ws/install/costmap_converter_msgs:/home/jetson/yahboomcar_ros2_ws/software/library_ws/install/astra_camera:/home/jetson/yahboomcar_ros2_ws/software/library_ws/install/astra_camera_msgs:/opt/ros/humble CMAKE_PREFIX_PATH=${CMAKE_PREFIX_PATH}:/home/jetson/yahboomcar_ros2_ws_new/yahboomcar_ws/install/yahboomcar_voice_ctrl:/home/jetson/yahboomcar_ros2_ws_new/yahboomcar_ws/install/yahboomcar_visual:/home/jetson/yahboomcar_ros2_ws_new/yahboomcar_ws/install/yahboomcar_rviz:/home/jetson/yahboomcar_ros2_ws_new/yahboomcar_ws/install/yahboomcar_nav:/home/jetson/yahboomcar_ros2_ws_new/yahboomcar_ws/install/yahboomcar_multi:/home/jetson/yahboomcar_ros2_ws_new/yahboomcar_ws/install/yahboomcar_mediapipe:/home/jetson/yahboomcar_ros2_ws_new/yahboomcar_ws/install/yahboomcar_linefollow:/home/jetson/yahboomcar_ros2_ws_new/yahboomcar_ws/install/yahboomcar_laser:/home/jetson/yahboomcar_ros2_ws_new/yahboomcar_ws/install/yahboomcar_description_x1:/home/jetson/yahboomcar_ros2_ws_new/yahboomcar_ws/install/yahboomcar_description:/home/jetson/yahboomcar_ros2_ws_new/yahboomcar_ws/install/yahboomcar_ctrl:/home/jetson/yahboomcar_ros2_ws_new/yahboomcar_ws/install/yahboomcar_bringup:/home/jetson/yahboomcar_ros2_ws_new/yahboomcar_ws/install/yahboomcar_astra:/home/jetson/yahboomcar_ros2_ws_new/yahboomcar_ws/install/yahboom_app_save_map:/home/jetson/yahboomcar_ros2_ws_new/yahboomcar_ws/install/laserscan_to_point_pulisher:/opt/ros/humble PYTHONPATH=/home/jetson/yahboomcar_ros2_ws_new/yahboomcar_ws/build/yahboomcar_description:/home/jetson/yahboomcar_ros2_ws_new/yahboomcar_ws/install/yahboomcar_description/lib/python3.10/site-packages:/home/jetson/yahboomcar_ros2_ws_new/yahboomcar_ws/install/arm_mediapipe/local/lib/python3.10/dist-packages:/home/jetson/yahboomcar_ros2_ws_new/yahboomcar_ws/install/arm_color_transport/local/lib/python3.10/dist-packages:/home/jetson/yahboomcar_ros2_ws_new/yahboomcar_ws/build/yahboomcar_voice_ctrl:/home/jetson/yahboomcar_ros2_ws_new/yahboomcar_ws/install/yahboomcar_voice_ctrl/lib/python3.10/site-packages:/home/jetson/yahboomcar_ros2_ws_new/yahboomcar_ws/build/yahboomcar_visual:/home/jetson/yahboomcar_ros2_ws_new/yahboomcar_ws/install/yahboomcar_visual/lib/python3.10/site-packages:/home/jetson/yahboomcar_ros2_ws_new/yahboomcar_ws/build/yahboomcar_rviz:/home/jetson/yahboomcar_ros2_ws_new/yahboomcar_ws/install/yahboomcar_rviz/lib/python3.10/site-packages:/home/jetson/yahboomcar_ros2_ws_new/yahboomcar_ws/build/yahboomcar_nav:/home/jetson/yahboomcar_ros2_ws_new/yahboomcar_ws/install/yahboomcar_nav/lib/python3.10/site-packages:/home/jetson/yahboomcar_ros2_ws_new/yahboomcar_ws/build/yahboomcar_multi:/home/jetson/yahboomcar_ros2_ws_new/yahboomcar_ws/install/yahboomcar_multi/lib/python3.10/site-packages:/home/jetson/yahboomcar_ros2_ws_new/yahboomcar_ws/install/arm_autopilot/local/lib/python3.10/dist-packages:/home/jetson/yahboomcar_ros2_ws_new/yahboomcar_ws/install/yahboomcar_msgs/local/lib/python3.10/dist-packages:/home/jetson/yahboomcar_ros2_ws_new/yahboomcar_ws/build/yahboomcar_mediapipe:/home/jetson/yahboomcar_ros2_ws_new/yahboomcar_ws/install/yahboomcar_mediapipe/lib/python3.10/site-packages:/home/jetson/yahboomcar_ros2_ws_new/yahboomcar_ws/build/yahboomcar_linefollow:/home/jetson/yahboomcar_ros2_ws_new/yahboomcar_ws/install/yahboomcar_linefollow/lib/python3.10/site-packages:/home/jetson/yahboomcar_ros2_ws_new/yahboomcar_ws/build/yahboomcar_laser:/home/jetson/yahboomcar_ros2_ws_new/yahboomcar_ws/install/yahboomcar_laser/lib/python3.10/site-packages:/home/jetson/yahboomcar_ros2_ws_new/yahboomcar_ws/build/yahboomcar_description_x1:/home/jetson/yahboomcar_ros2_ws_new/yahboomcar_ws/install/yahboomcar_description_x1/lib/python3.10/site-packages:/home/jetson/yahboomcar_ros2_ws_new/yahboomcar_ws/build/yahboomcar_ctrl:/home/jetson/yahboomcar_ros2_ws_new/yahboomcar_ws/install/yahboomcar_ctrl/lib/python3.10/site-packages:/home/jetson/yahboomcar_ros2_ws_new/yahboomcar_ws/build/yahboomcar_bringup:/home/jetson/yahboomcar_ros2_ws_new/yahboomcar_ws/install/yahboomcar_bringup/lib/python3.10/site-packages:/home/jetson/yahboomcar_ros2_ws_new/yahboomcar_ws/build/yahboomcar_astra:/home/jetson/yahboomcar_ros2_ws_new/yahboomcar_ws/install/yahboomcar_astra/lib/python3.10/site-packages:/home/jetson/yahboomcar_ros2_ws_new/yahboomcar_ws/install/yahboom_web_savmap_interfaces/local/lib/python3.10/dist-packages:/home/jetson/yahboomcar_ros2_ws_new/yahboomcar_ws/build/yahboom_app_save_map:/home/jetson/yahboomcar_ros2_ws_new/yahboomcar_ws/install/yahboom_app_save_map/lib/python3.10/site-packages:/home/jetson/yahboomcar_ros2_ws_new/yahboomcar_ws/build/laserscan_to_point_pulisher:/home/jetson/yahboomcar_ros2_ws_new/yahboomcar_ws/install/laserscan_to_point_pulisher/lib/python3.10/site-packages:/usr/local/lib/python3.10/site-packages/:/home/jetson/yahboomcar_ws/install/yahboomcar_msgs/local/lib/python3.10/dist-packages:/home/jetson/yahboomcar_ws/install/cv_bridge/local/lib/python3.10/dist-packages:/home/jetson/yahboomcar_ros2_ws/software/library_ws/install/teb_msgs/local/lib/python3.10/dist-packages:/home/jetson/yahboomcar_ros2_ws/software/library_ws/install/robot_localization/local/lib/python3.10/dist-packages:/home/jetson/yahboomcar_ros2_ws/software/library_ws/install/costmap_converter_msgs/local/lib/python3.10/dist-packages:/home/jetson/yahboomcar_ros2_ws/software/library_ws/install/astra_camera_msgs/local/lib/python3.10/dist-packages:/opt/ros/humble/lib/python3.10/site-packages:/opt/ros/humble/local/lib/python3.10/dist-packages:/usr/local/lib/python3.10/site-packages/ /usr/bin/cmake /home/jetson/yahboomcar_ros2_ws_new/yahboomcar_ws/src/x3plus_moveit_config -DAMENT_CMAKE_SYMLINK_INSTALL=1 -DCMAKE_INSTALL_PREFIX=/home/jetson/yahboomcar_ros2_ws_new/yahboomcar_ws/install/x3plus_moveit_config
[3.045s] colcon.colcon_core.event_handler.log_command DEBUG Invoked command in '/home/jetson/yahboomcar_ros2_ws_new/yahboomcar_ws/build/x3plus_moveit_config' returned '0': AMENT_PREFIX_PATH=/home/jetson/yahboomcar_ros2_ws_new/yahboomcar_ws/install/yahboomcar_description:/home/jetson/yahboomcar_ros2_ws_new/yahboomcar_ws/install/arm_mediapipe:/home/jetson/yahboomcar_ros2_ws_new/yahboomcar_ws/install/arm_color_transport:/home/jetson/yahboomcar_ros2_ws_new/yahboomcar_ws/install/yahboomcar_voice_ctrl:/home/jetson/yahboomcar_ros2_ws_new/yahboomcar_ws/install/yahboomcar_visual:/home/jetson/yahboomcar_ros2_ws_new/yahboomcar_ws/install/yahboomcar_slam:/home/jetson/yahboomcar_ros2_ws_new/yahboomcar_ws/install/yahboomcar_rviz:/home/jetson/yahboomcar_ros2_ws_new/yahboomcar_ws/install/yahboomcar_point:/home/jetson/yahboomcar_ros2_ws_new/yahboomcar_ws/install/yahboomcar_nav:/home/jetson/yahboomcar_ros2_ws_new/yahboomcar_ws/install/yahboomcar_multi:/home/jetson/yahboomcar_ros2_ws_new/yahboomcar_ws/install/arm_autopilot:/home/jetson/yahboomcar_ros2_ws_new/yahboomcar_ws/install/yahboomcar_msgs:/home/jetson/yahboomcar_ros2_ws_new/yahboomcar_ws/install/yahboomcar_mediapipe:/home/jetson/yahboomcar_ros2_ws_new/yahboomcar_ws/install/yahboomcar_linefollow:/home/jetson/yahboomcar_ros2_ws_new/yahboomcar_ws/install/yahboomcar_laser:/home/jetson/yahboomcar_ros2_ws_new/yahboomcar_ws/install/yahboomcar_description_x1:/home/jetson/yahboomcar_ros2_ws_new/yahboomcar_ws/install/yahboomcar_ctrl:/home/jetson/yahboomcar_ros2_ws_new/yahboomcar_ws/install/yahboomcar_bringup:/home/jetson/yahboomcar_ros2_ws_new/yahboomcar_ws/install/yahboomcar_base_node:/home/jetson/yahboomcar_ros2_ws_new/yahboomcar_ws/install/yahboomcar_astra:/home/jetson/yahboomcar_ros2_ws_new/yahboomcar_ws/install/yahboomcar_KCFTracker:/home/jetson/yahboomcar_ros2_ws_new/yahboomcar_ws/install/yahboom_web_savmap_interfaces:/home/jetson/yahboomcar_ros2_ws_new/yahboomcar_ws/install/yahboom_app_save_map:/home/jetson/yahboomcar_ros2_ws_new/yahboomcar_ws/install/robot_pose_publisher_ros2:/home/jetson/yahboomcar_ros2_ws_new/yahboomcar_ws/install/laserscan_to_point_pulisher:/home/jetson/yahboomcar_ws/install/yahboomcar_voice_ctrl:/home/jetson/yahboomcar_ws/install/yahboomcar_slam:/home/jetson/yahboomcar_ws/install/yahboomcar_nav:/home/jetson/yahboomcar_ws/install/yahboomcar_astra:/home/jetson/yahboomcar_ws/install/yahboomcar_ctrl:/home/jetson/yahboomcar_ws/install/yahboomcar_bringup:/home/jetson/yahboomcar_ws/install/yahboomcar_msgs:/home/jetson/yahboomcar_ws/install/yahboomcar_linefollw:/home/jetson/yahboomcar_ws/install/yahboomcar_laser:/home/jetson/yahboomcar_ws/install/yahboomcar_description:/home/jetson/yahboomcar_ws/install/ros2_orbslam:/home/jetson/yahboomcar_ws/install/cv_bridge:/home/jetson/yahboomcar_ros2_ws/software/library_ws/install/ydlidar_ros2_driver:/home/jetson/yahboomcar_ros2_ws/software/library_ws/install/web_video_server:/home/jetson/yahboomcar_ros2_ws/software/library_ws/install/teb_local_planner:/home/jetson/yahboomcar_ros2_ws/software/library_ws/install/teb_msgs:/home/jetson/yahboomcar_ros2_ws/software/library_ws/install/sllidar_ros2:/home/jetson/yahboomcar_ros2_ws/software/library_ws/install/slam_gmapping:/home/jetson/yahboomcar_ros2_ws/software/library_ws/install/robot_localization:/home/jetson/yahboomcar_ros2_ws/software/library_ws/install/openslam_gmapping:/home/jetson/yahboomcar_ros2_ws/software/library_ws/install/costmap_converter:/home/jetson/yahboomcar_ros2_ws/software/library_ws/install/costmap_converter_msgs:/home/jetson/yahboomcar_ros2_ws/software/library_ws/install/astra_camera:/home/jetson/yahboomcar_ros2_ws/software/library_ws/install/astra_camera_msgs:/opt/ros/humble CMAKE_PREFIX_PATH=${CMAKE_PREFIX_PATH}:/home/jetson/yahboomcar_ros2_ws_new/yahboomcar_ws/install/yahboomcar_voice_ctrl:/home/jetson/yahboomcar_ros2_ws_new/yahboomcar_ws/install/yahboomcar_visual:/home/jetson/yahboomcar_ros2_ws_new/yahboomcar_ws/install/yahboomcar_rviz:/home/jetson/yahboomcar_ros2_ws_new/yahboomcar_ws/install/yahboomcar_nav:/home/jetson/yahboomcar_ros2_ws_new/yahboomcar_ws/install/yahboomcar_multi:/home/jetson/yahboomcar_ros2_ws_new/yahboomcar_ws/install/yahboomcar_mediapipe:/home/jetson/yahboomcar_ros2_ws_new/yahboomcar_ws/install/yahboomcar_linefollow:/home/jetson/yahboomcar_ros2_ws_new/yahboomcar_ws/install/yahboomcar_laser:/home/jetson/yahboomcar_ros2_ws_new/yahboomcar_ws/install/yahboomcar_description_x1:/home/jetson/yahboomcar_ros2_ws_new/yahboomcar_ws/install/yahboomcar_description:/home/jetson/yahboomcar_ros2_ws_new/yahboomcar_ws/install/yahboomcar_ctrl:/home/jetson/yahboomcar_ros2_ws_new/yahboomcar_ws/install/yahboomcar_bringup:/home/jetson/yahboomcar_ros2_ws_new/yahboomcar_ws/install/yahboomcar_astra:/home/jetson/yahboomcar_ros2_ws_new/yahboomcar_ws/install/yahboom_app_save_map:/home/jetson/yahboomcar_ros2_ws_new/yahboomcar_ws/install/laserscan_to_point_pulisher:/opt/ros/humble PYTHONPATH=/home/jetson/yahboomcar_ros2_ws_new/yahboomcar_ws/build/yahboomcar_description:/home/jetson/yahboomcar_ros2_ws_new/yahboomcar_ws/install/yahboomcar_description/lib/python3.10/site-packages:/home/jetson/yahboomcar_ros2_ws_new/yahboomcar_ws/install/arm_mediapipe/local/lib/python3.10/dist-packages:/home/jetson/yahboomcar_ros2_ws_new/yahboomcar_ws/install/arm_color_transport/local/lib/python3.10/dist-packages:/home/jetson/yahboomcar_ros2_ws_new/yahboomcar_ws/build/yahboomcar_voice_ctrl:/home/jetson/yahboomcar_ros2_ws_new/yahboomcar_ws/install/yahboomcar_voice_ctrl/lib/python3.10/site-packages:/home/jetson/yahboomcar_ros2_ws_new/yahboomcar_ws/build/yahboomcar_visual:/home/jetson/yahboomcar_ros2_ws_new/yahboomcar_ws/install/yahboomcar_visual/lib/python3.10/site-packages:/home/jetson/yahboomcar_ros2_ws_new/yahboomcar_ws/build/yahboomcar_rviz:/home/jetson/yahboomcar_ros2_ws_new/yahboomcar_ws/install/yahboomcar_rviz/lib/python3.10/site-packages:/home/jetson/yahboomcar_ros2_ws_new/yahboomcar_ws/build/yahboomcar_nav:/home/jetson/yahboomcar_ros2_ws_new/yahboomcar_ws/install/yahboomcar_nav/lib/python3.10/site-packages:/home/jetson/yahboomcar_ros2_ws_new/yahboomcar_ws/build/yahboomcar_multi:/home/jetson/yahboomcar_ros2_ws_new/yahboomcar_ws/install/yahboomcar_multi/lib/python3.10/site-packages:/home/jetson/yahboomcar_ros2_ws_new/yahboomcar_ws/install/arm_autopilot/local/lib/python3.10/dist-packages:/home/jetson/yahboomcar_ros2_ws_new/yahboomcar_ws/install/yahboomcar_msgs/local/lib/python3.10/dist-packages:/home/jetson/yahboomcar_ros2_ws_new/yahboomcar_ws/build/yahboomcar_mediapipe:/home/jetson/yahboomcar_ros2_ws_new/yahboomcar_ws/install/yahboomcar_mediapipe/lib/python3.10/site-packages:/home/jetson/yahboomcar_ros2_ws_new/yahboomcar_ws/build/yahboomcar_linefollow:/home/jetson/yahboomcar_ros2_ws_new/yahboomcar_ws/install/yahboomcar_linefollow/lib/python3.10/site-packages:/home/jetson/yahboomcar_ros2_ws_new/yahboomcar_ws/build/yahboomcar_laser:/home/jetson/yahboomcar_ros2_ws_new/yahboomcar_ws/install/yahboomcar_laser/lib/python3.10/site-packages:/home/jetson/yahboomcar_ros2_ws_new/yahboomcar_ws/build/yahboomcar_description_x1:/home/jetson/yahboomcar_ros2_ws_new/yahboomcar_ws/install/yahboomcar_description_x1/lib/python3.10/site-packages:/home/jetson/yahboomcar_ros2_ws_new/yahboomcar_ws/build/yahboomcar_ctrl:/home/jetson/yahboomcar_ros2_ws_new/yahboomcar_ws/install/yahboomcar_ctrl/lib/python3.10/site-packages:/home/jetson/yahboomcar_ros2_ws_new/yahboomcar_ws/build/yahboomcar_bringup:/home/jetson/yahboomcar_ros2_ws_new/yahboomcar_ws/install/yahboomcar_bringup/lib/python3.10/site-packages:/home/jetson/yahboomcar_ros2_ws_new/yahboomcar_ws/build/yahboomcar_astra:/home/jetson/yahboomcar_ros2_ws_new/yahboomcar_ws/install/yahboomcar_astra/lib/python3.10/site-packages:/home/jetson/yahboomcar_ros2_ws_new/yahboomcar_ws/install/yahboom_web_savmap_interfaces/local/lib/python3.10/dist-packages:/home/jetson/yahboomcar_ros2_ws_new/yahboomcar_ws/build/yahboom_app_save_map:/home/jetson/yahboomcar_ros2_ws_new/yahboomcar_ws/install/yahboom_app_save_map/lib/python3.10/site-packages:/home/jetson/yahboomcar_ros2_ws_new/yahboomcar_ws/build/laserscan_to_point_pulisher:/home/jetson/yahboomcar_ros2_ws_new/yahboomcar_ws/install/laserscan_to_point_pulisher/lib/python3.10/site-packages:/usr/local/lib/python3.10/site-packages/:/home/jetson/yahboomcar_ws/install/yahboomcar_msgs/local/lib/python3.10/dist-packages:/home/jetson/yahboomcar_ws/install/cv_bridge/local/lib/python3.10/dist-packages:/home/jetson/yahboomcar_ros2_ws/software/library_ws/install/teb_msgs/local/lib/python3.10/dist-packages:/home/jetson/yahboomcar_ros2_ws/software/library_ws/install/robot_localization/local/lib/python3.10/dist-packages:/home/jetson/yahboomcar_ros2_ws/software/library_ws/install/costmap_converter_msgs/local/lib/python3.10/dist-packages:/home/jetson/yahboomcar_ros2_ws/software/library_ws/install/astra_camera_msgs/local/lib/python3.10/dist-packages:/opt/ros/humble/lib/python3.10/site-packages:/opt/ros/humble/local/lib/python3.10/dist-packages:/usr/local/lib/python3.10/site-packages/ /usr/bin/cmake /home/jetson/yahboomcar_ros2_ws_new/yahboomcar_ws/src/x3plus_moveit_config -DAMENT_CMAKE_SYMLINK_INSTALL=1 -DCMAKE_INSTALL_PREFIX=/home/jetson/yahboomcar_ros2_ws_new/yahboomcar_ws/install/x3plus_moveit_config
[3.048s] colcon.colcon_core.event_handler.log_command DEBUG Invoking command in '/home/jetson/yahboomcar_ros2_ws_new/yahboomcar_ws/build/x3plus_moveit_config': AMENT_PREFIX_PATH=/home/jetson/yahboomcar_ros2_ws_new/yahboomcar_ws/install/yahboomcar_description:/home/jetson/yahboomcar_ros2_ws_new/yahboomcar_ws/install/arm_mediapipe:/home/jetson/yahboomcar_ros2_ws_new/yahboomcar_ws/install/arm_color_transport:/home/jetson/yahboomcar_ros2_ws_new/yahboomcar_ws/install/yahboomcar_voice_ctrl:/home/jetson/yahboomcar_ros2_ws_new/yahboomcar_ws/install/yahboomcar_visual:/home/jetson/yahboomcar_ros2_ws_new/yahboomcar_ws/install/yahboomcar_slam:/home/jetson/yahboomcar_ros2_ws_new/yahboomcar_ws/install/yahboomcar_rviz:/home/jetson/yahboomcar_ros2_ws_new/yahboomcar_ws/install/yahboomcar_point:/home/jetson/yahboomcar_ros2_ws_new/yahboomcar_ws/install/yahboomcar_nav:/home/jetson/yahboomcar_ros2_ws_new/yahboomcar_ws/install/yahboomcar_multi:/home/jetson/yahboomcar_ros2_ws_new/yahboomcar_ws/install/arm_autopilot:/home/jetson/yahboomcar_ros2_ws_new/yahboomcar_ws/install/yahboomcar_msgs:/home/jetson/yahboomcar_ros2_ws_new/yahboomcar_ws/install/yahboomcar_mediapipe:/home/jetson/yahboomcar_ros2_ws_new/yahboomcar_ws/install/yahboomcar_linefollow:/home/jetson/yahboomcar_ros2_ws_new/yahboomcar_ws/install/yahboomcar_laser:/home/jetson/yahboomcar_ros2_ws_new/yahboomcar_ws/install/yahboomcar_description_x1:/home/jetson/yahboomcar_ros2_ws_new/yahboomcar_ws/install/yahboomcar_ctrl:/home/jetson/yahboomcar_ros2_ws_new/yahboomcar_ws/install/yahboomcar_bringup:/home/jetson/yahboomcar_ros2_ws_new/yahboomcar_ws/install/yahboomcar_base_node:/home/jetson/yahboomcar_ros2_ws_new/yahboomcar_ws/install/yahboomcar_astra:/home/jetson/yahboomcar_ros2_ws_new/yahboomcar_ws/install/yahboomcar_KCFTracker:/home/jetson/yahboomcar_ros2_ws_new/yahboomcar_ws/install/yahboom_web_savmap_interfaces:/home/jetson/yahboomcar_ros2_ws_new/yahboomcar_ws/install/yahboom_app_save_map:/home/jetson/yahboomcar_ros2_ws_new/yahboomcar_ws/install/robot_pose_publisher_ros2:/home/jetson/yahboomcar_ros2_ws_new/yahboomcar_ws/install/laserscan_to_point_pulisher:/home/jetson/yahboomcar_ws/install/yahboomcar_voice_ctrl:/home/jetson/yahboomcar_ws/install/yahboomcar_slam:/home/jetson/yahboomcar_ws/install/yahboomcar_nav:/home/jetson/yahboomcar_ws/install/yahboomcar_astra:/home/jetson/yahboomcar_ws/install/yahboomcar_ctrl:/home/jetson/yahboomcar_ws/install/yahboomcar_bringup:/home/jetson/yahboomcar_ws/install/yahboomcar_msgs:/home/jetson/yahboomcar_ws/install/yahboomcar_linefollw:/home/jetson/yahboomcar_ws/install/yahboomcar_laser:/home/jetson/yahboomcar_ws/install/yahboomcar_description:/home/jetson/yahboomcar_ws/install/ros2_orbslam:/home/jetson/yahboomcar_ws/install/cv_bridge:/home/jetson/yahboomcar_ros2_ws/software/library_ws/install/ydlidar_ros2_driver:/home/jetson/yahboomcar_ros2_ws/software/library_ws/install/web_video_server:/home/jetson/yahboomcar_ros2_ws/software/library_ws/install/teb_local_planner:/home/jetson/yahboomcar_ros2_ws/software/library_ws/install/teb_msgs:/home/jetson/yahboomcar_ros2_ws/software/library_ws/install/sllidar_ros2:/home/jetson/yahboomcar_ros2_ws/software/library_ws/install/slam_gmapping:/home/jetson/yahboomcar_ros2_ws/software/library_ws/install/robot_localization:/home/jetson/yahboomcar_ros2_ws/software/library_ws/install/openslam_gmapping:/home/jetson/yahboomcar_ros2_ws/software/library_ws/install/costmap_converter:/home/jetson/yahboomcar_ros2_ws/software/library_ws/install/costmap_converter_msgs:/home/jetson/yahboomcar_ros2_ws/software/library_ws/install/astra_camera:/home/jetson/yahboomcar_ros2_ws/software/library_ws/install/astra_camera_msgs:/opt/ros/humble CMAKE_PREFIX_PATH=${CMAKE_PREFIX_PATH}:/home/jetson/yahboomcar_ros2_ws_new/yahboomcar_ws/install/yahboomcar_voice_ctrl:/home/jetson/yahboomcar_ros2_ws_new/yahboomcar_ws/install/yahboomcar_visual:/home/jetson/yahboomcar_ros2_ws_new/yahboomcar_ws/install/yahboomcar_rviz:/home/jetson/yahboomcar_ros2_ws_new/yahboomcar_ws/install/yahboomcar_nav:/home/jetson/yahboomcar_ros2_ws_new/yahboomcar_ws/install/yahboomcar_multi:/home/jetson/yahboomcar_ros2_ws_new/yahboomcar_ws/install/yahboomcar_mediapipe:/home/jetson/yahboomcar_ros2_ws_new/yahboomcar_ws/install/yahboomcar_linefollow:/home/jetson/yahboomcar_ros2_ws_new/yahboomcar_ws/install/yahboomcar_laser:/home/jetson/yahboomcar_ros2_ws_new/yahboomcar_ws/install/yahboomcar_description_x1:/home/jetson/yahboomcar_ros2_ws_new/yahboomcar_ws/install/yahboomcar_description:/home/jetson/yahboomcar_ros2_ws_new/yahboomcar_ws/install/yahboomcar_ctrl:/home/jetson/yahboomcar_ros2_ws_new/yahboomcar_ws/install/yahboomcar_bringup:/home/jetson/yahboomcar_ros2_ws_new/yahboomcar_ws/install/yahboomcar_astra:/home/jetson/yahboomcar_ros2_ws_new/yahboomcar_ws/install/yahboom_app_save_map:/home/jetson/yahboomcar_ros2_ws_new/yahboomcar_ws/install/laserscan_to_point_pulisher:/opt/ros/humble PYTHONPATH=/home/jetson/yahboomcar_ros2_ws_new/yahboomcar_ws/build/yahboomcar_description:/home/jetson/yahboomcar_ros2_ws_new/yahboomcar_ws/install/yahboomcar_description/lib/python3.10/site-packages:/home/jetson/yahboomcar_ros2_ws_new/yahboomcar_ws/install/arm_mediapipe/local/lib/python3.10/dist-packages:/home/jetson/yahboomcar_ros2_ws_new/yahboomcar_ws/install/arm_color_transport/local/lib/python3.10/dist-packages:/home/jetson/yahboomcar_ros2_ws_new/yahboomcar_ws/build/yahboomcar_voice_ctrl:/home/jetson/yahboomcar_ros2_ws_new/yahboomcar_ws/install/yahboomcar_voice_ctrl/lib/python3.10/site-packages:/home/jetson/yahboomcar_ros2_ws_new/yahboomcar_ws/build/yahboomcar_visual:/home/jetson/yahboomcar_ros2_ws_new/yahboomcar_ws/install/yahboomcar_visual/lib/python3.10/site-packages:/home/jetson/yahboomcar_ros2_ws_new/yahboomcar_ws/build/yahboomcar_rviz:/home/jetson/yahboomcar_ros2_ws_new/yahboomcar_ws/install/yahboomcar_rviz/lib/python3.10/site-packages:/home/jetson/yahboomcar_ros2_ws_new/yahboomcar_ws/build/yahboomcar_nav:/home/jetson/yahboomcar_ros2_ws_new/yahboomcar_ws/install/yahboomcar_nav/lib/python3.10/site-packages:/home/jetson/yahboomcar_ros2_ws_new/yahboomcar_ws/build/yahboomcar_multi:/home/jetson/yahboomcar_ros2_ws_new/yahboomcar_ws/install/yahboomcar_multi/lib/python3.10/site-packages:/home/jetson/yahboomcar_ros2_ws_new/yahboomcar_ws/install/arm_autopilot/local/lib/python3.10/dist-packages:/home/jetson/yahboomcar_ros2_ws_new/yahboomcar_ws/install/yahboomcar_msgs/local/lib/python3.10/dist-packages:/home/jetson/yahboomcar_ros2_ws_new/yahboomcar_ws/build/yahboomcar_mediapipe:/home/jetson/yahboomcar_ros2_ws_new/yahboomcar_ws/install/yahboomcar_mediapipe/lib/python3.10/site-packages:/home/jetson/yahboomcar_ros2_ws_new/yahboomcar_ws/build/yahboomcar_linefollow:/home/jetson/yahboomcar_ros2_ws_new/yahboomcar_ws/install/yahboomcar_linefollow/lib/python3.10/site-packages:/home/jetson/yahboomcar_ros2_ws_new/yahboomcar_ws/build/yahboomcar_laser:/home/jetson/yahboomcar_ros2_ws_new/yahboomcar_ws/install/yahboomcar_laser/lib/python3.10/site-packages:/home/jetson/yahboomcar_ros2_ws_new/yahboomcar_ws/build/yahboomcar_description_x1:/home/jetson/yahboomcar_ros2_ws_new/yahboomcar_ws/install/yahboomcar_description_x1/lib/python3.10/site-packages:/home/jetson/yahboomcar_ros2_ws_new/yahboomcar_ws/build/yahboomcar_ctrl:/home/jetson/yahboomcar_ros2_ws_new/yahboomcar_ws/install/yahboomcar_ctrl/lib/python3.10/site-packages:/home/jetson/yahboomcar_ros2_ws_new/yahboomcar_ws/build/yahboomcar_bringup:/home/jetson/yahboomcar_ros2_ws_new/yahboomcar_ws/install/yahboomcar_bringup/lib/python3.10/site-packages:/home/jetson/yahboomcar_ros2_ws_new/yahboomcar_ws/build/yahboomcar_astra:/home/jetson/yahboomcar_ros2_ws_new/yahboomcar_ws/install/yahboomcar_astra/lib/python3.10/site-packages:/home/jetson/yahboomcar_ros2_ws_new/yahboomcar_ws/install/yahboom_web_savmap_interfaces/local/lib/python3.10/dist-packages:/home/jetson/yahboomcar_ros2_ws_new/yahboomcar_ws/build/yahboom_app_save_map:/home/jetson/yahboomcar_ros2_ws_new/yahboomcar_ws/install/yahboom_app_save_map/lib/python3.10/site-packages:/home/jetson/yahboomcar_ros2_ws_new/yahboomcar_ws/build/laserscan_to_point_pulisher:/home/jetson/yahboomcar_ros2_ws_new/yahboomcar_ws/install/laserscan_to_point_pulisher/lib/python3.10/site-packages:/usr/local/lib/python3.10/site-packages/:/home/jetson/yahboomcar_ws/install/yahboomcar_msgs/local/lib/python3.10/dist-packages:/home/jetson/yahboomcar_ws/install/cv_bridge/local/lib/python3.10/dist-packages:/home/jetson/yahboomcar_ros2_ws/software/library_ws/install/teb_msgs/local/lib/python3.10/dist-packages:/home/jetson/yahboomcar_ros2_ws/software/library_ws/install/robot_localization/local/lib/python3.10/dist-packages:/home/jetson/yahboomcar_ros2_ws/software/library_ws/install/costmap_converter_msgs/local/lib/python3.10/dist-packages:/home/jetson/yahboomcar_ros2_ws/software/library_ws/install/astra_camera_msgs/local/lib/python3.10/dist-packages:/opt/ros/humble/lib/python3.10/site-packages:/opt/ros/humble/local/lib/python3.10/dist-packages:/usr/local/lib/python3.10/site-packages/ /usr/bin/cmake --build /home/jetson/yahboomcar_ros2_ws_new/yahboomcar_ws/build/x3plus_moveit_config -- -j6 -l6
[3.152s] colcon.colcon_core.event_handler.log_command DEBUG Invoked command in '/home/jetson/yahboomcar_ros2_ws_new/yahboomcar_ws/build/x3plus_moveit_config' returned '0': AMENT_PREFIX_PATH=/home/jetson/yahboomcar_ros2_ws_new/yahboomcar_ws/install/yahboomcar_description:/home/jetson/yahboomcar_ros2_ws_new/yahboomcar_ws/install/arm_mediapipe:/home/jetson/yahboomcar_ros2_ws_new/yahboomcar_ws/install/arm_color_transport:/home/jetson/yahboomcar_ros2_ws_new/yahboomcar_ws/install/yahboomcar_voice_ctrl:/home/jetson/yahboomcar_ros2_ws_new/yahboomcar_ws/install/yahboomcar_visual:/home/jetson/yahboomcar_ros2_ws_new/yahboomcar_ws/install/yahboomcar_slam:/home/jetson/yahboomcar_ros2_ws_new/yahboomcar_ws/install/yahboomcar_rviz:/home/jetson/yahboomcar_ros2_ws_new/yahboomcar_ws/install/yahboomcar_point:/home/jetson/yahboomcar_ros2_ws_new/yahboomcar_ws/install/yahboomcar_nav:/home/jetson/yahboomcar_ros2_ws_new/yahboomcar_ws/install/yahboomcar_multi:/home/jetson/yahboomcar_ros2_ws_new/yahboomcar_ws/install/arm_autopilot:/home/jetson/yahboomcar_ros2_ws_new/yahboomcar_ws/install/yahboomcar_msgs:/home/jetson/yahboomcar_ros2_ws_new/yahboomcar_ws/install/yahboomcar_mediapipe:/home/jetson/yahboomcar_ros2_ws_new/yahboomcar_ws/install/yahboomcar_linefollow:/home/jetson/yahboomcar_ros2_ws_new/yahboomcar_ws/install/yahboomcar_laser:/home/jetson/yahboomcar_ros2_ws_new/yahboomcar_ws/install/yahboomcar_description_x1:/home/jetson/yahboomcar_ros2_ws_new/yahboomcar_ws/install/yahboomcar_ctrl:/home/jetson/yahboomcar_ros2_ws_new/yahboomcar_ws/install/yahboomcar_bringup:/home/jetson/yahboomcar_ros2_ws_new/yahboomcar_ws/install/yahboomcar_base_node:/home/jetson/yahboomcar_ros2_ws_new/yahboomcar_ws/install/yahboomcar_astra:/home/jetson/yahboomcar_ros2_ws_new/yahboomcar_ws/install/yahboomcar_KCFTracker:/home/jetson/yahboomcar_ros2_ws_new/yahboomcar_ws/install/yahboom_web_savmap_interfaces:/home/jetson/yahboomcar_ros2_ws_new/yahboomcar_ws/install/yahboom_app_save_map:/home/jetson/yahboomcar_ros2_ws_new/yahboomcar_ws/install/robot_pose_publisher_ros2:/home/jetson/yahboomcar_ros2_ws_new/yahboomcar_ws/install/laserscan_to_point_pulisher:/home/jetson/yahboomcar_ws/install/yahboomcar_voice_ctrl:/home/jetson/yahboomcar_ws/install/yahboomcar_slam:/home/jetson/yahboomcar_ws/install/yahboomcar_nav:/home/jetson/yahboomcar_ws/install/yahboomcar_astra:/home/jetson/yahboomcar_ws/install/yahboomcar_ctrl:/home/jetson/yahboomcar_ws/install/yahboomcar_bringup:/home/jetson/yahboomcar_ws/install/yahboomcar_msgs:/home/jetson/yahboomcar_ws/install/yahboomcar_linefollw:/home/jetson/yahboomcar_ws/install/yahboomcar_laser:/home/jetson/yahboomcar_ws/install/yahboomcar_description:/home/jetson/yahboomcar_ws/install/ros2_orbslam:/home/jetson/yahboomcar_ws/install/cv_bridge:/home/jetson/yahboomcar_ros2_ws/software/library_ws/install/ydlidar_ros2_driver:/home/jetson/yahboomcar_ros2_ws/software/library_ws/install/web_video_server:/home/jetson/yahboomcar_ros2_ws/software/library_ws/install/teb_local_planner:/home/jetson/yahboomcar_ros2_ws/software/library_ws/install/teb_msgs:/home/jetson/yahboomcar_ros2_ws/software/library_ws/install/sllidar_ros2:/home/jetson/yahboomcar_ros2_ws/software/library_ws/install/slam_gmapping:/home/jetson/yahboomcar_ros2_ws/software/library_ws/install/robot_localization:/home/jetson/yahboomcar_ros2_ws/software/library_ws/install/openslam_gmapping:/home/jetson/yahboomcar_ros2_ws/software/library_ws/install/costmap_converter:/home/jetson/yahboomcar_ros2_ws/software/library_ws/install/costmap_converter_msgs:/home/jetson/yahboomcar_ros2_ws/software/library_ws/install/astra_camera:/home/jetson/yahboomcar_ros2_ws/software/library_ws/install/astra_camera_msgs:/opt/ros/humble CMAKE_PREFIX_PATH=${CMAKE_PREFIX_PATH}:/home/jetson/yahboomcar_ros2_ws_new/yahboomcar_ws/install/yahboomcar_voice_ctrl:/home/jetson/yahboomcar_ros2_ws_new/yahboomcar_ws/install/yahboomcar_visual:/home/jetson/yahboomcar_ros2_ws_new/yahboomcar_ws/install/yahboomcar_rviz:/home/jetson/yahboomcar_ros2_ws_new/yahboomcar_ws/install/yahboomcar_nav:/home/jetson/yahboomcar_ros2_ws_new/yahboomcar_ws/install/yahboomcar_multi:/home/jetson/yahboomcar_ros2_ws_new/yahboomcar_ws/install/yahboomcar_mediapipe:/home/jetson/yahboomcar_ros2_ws_new/yahboomcar_ws/install/yahboomcar_linefollow:/home/jetson/yahboomcar_ros2_ws_new/yahboomcar_ws/install/yahboomcar_laser:/home/jetson/yahboomcar_ros2_ws_new/yahboomcar_ws/install/yahboomcar_description_x1:/home/jetson/yahboomcar_ros2_ws_new/yahboomcar_ws/install/yahboomcar_description:/home/jetson/yahboomcar_ros2_ws_new/yahboomcar_ws/install/yahboomcar_ctrl:/home/jetson/yahboomcar_ros2_ws_new/yahboomcar_ws/install/yahboomcar_bringup:/home/jetson/yahboomcar_ros2_ws_new/yahboomcar_ws/install/yahboomcar_astra:/home/jetson/yahboomcar_ros2_ws_new/yahboomcar_ws/install/yahboom_app_save_map:/home/jetson/yahboomcar_ros2_ws_new/yahboomcar_ws/install/laserscan_to_point_pulisher:/opt/ros/humble PYTHONPATH=/home/jetson/yahboomcar_ros2_ws_new/yahboomcar_ws/build/yahboomcar_description:/home/jetson/yahboomcar_ros2_ws_new/yahboomcar_ws/install/yahboomcar_description/lib/python3.10/site-packages:/home/jetson/yahboomcar_ros2_ws_new/yahboomcar_ws/install/arm_mediapipe/local/lib/python3.10/dist-packages:/home/jetson/yahboomcar_ros2_ws_new/yahboomcar_ws/install/arm_color_transport/local/lib/python3.10/dist-packages:/home/jetson/yahboomcar_ros2_ws_new/yahboomcar_ws/build/yahboomcar_voice_ctrl:/home/jetson/yahboomcar_ros2_ws_new/yahboomcar_ws/install/yahboomcar_voice_ctrl/lib/python3.10/site-packages:/home/jetson/yahboomcar_ros2_ws_new/yahboomcar_ws/build/yahboomcar_visual:/home/jetson/yahboomcar_ros2_ws_new/yahboomcar_ws/install/yahboomcar_visual/lib/python3.10/site-packages:/home/jetson/yahboomcar_ros2_ws_new/yahboomcar_ws/build/yahboomcar_rviz:/home/jetson/yahboomcar_ros2_ws_new/yahboomcar_ws/install/yahboomcar_rviz/lib/python3.10/site-packages:/home/jetson/yahboomcar_ros2_ws_new/yahboomcar_ws/build/yahboomcar_nav:/home/jetson/yahboomcar_ros2_ws_new/yahboomcar_ws/install/yahboomcar_nav/lib/python3.10/site-packages:/home/jetson/yahboomcar_ros2_ws_new/yahboomcar_ws/build/yahboomcar_multi:/home/jetson/yahboomcar_ros2_ws_new/yahboomcar_ws/install/yahboomcar_multi/lib/python3.10/site-packages:/home/jetson/yahboomcar_ros2_ws_new/yahboomcar_ws/install/arm_autopilot/local/lib/python3.10/dist-packages:/home/jetson/yahboomcar_ros2_ws_new/yahboomcar_ws/install/yahboomcar_msgs/local/lib/python3.10/dist-packages:/home/jetson/yahboomcar_ros2_ws_new/yahboomcar_ws/build/yahboomcar_mediapipe:/home/jetson/yahboomcar_ros2_ws_new/yahboomcar_ws/install/yahboomcar_mediapipe/lib/python3.10/site-packages:/home/jetson/yahboomcar_ros2_ws_new/yahboomcar_ws/build/yahboomcar_linefollow:/home/jetson/yahboomcar_ros2_ws_new/yahboomcar_ws/install/yahboomcar_linefollow/lib/python3.10/site-packages:/home/jetson/yahboomcar_ros2_ws_new/yahboomcar_ws/build/yahboomcar_laser:/home/jetson/yahboomcar_ros2_ws_new/yahboomcar_ws/install/yahboomcar_laser/lib/python3.10/site-packages:/home/jetson/yahboomcar_ros2_ws_new/yahboomcar_ws/build/yahboomcar_description_x1:/home/jetson/yahboomcar_ros2_ws_new/yahboomcar_ws/install/yahboomcar_description_x1/lib/python3.10/site-packages:/home/jetson/yahboomcar_ros2_ws_new/yahboomcar_ws/build/yahboomcar_ctrl:/home/jetson/yahboomcar_ros2_ws_new/yahboomcar_ws/install/yahboomcar_ctrl/lib/python3.10/site-packages:/home/jetson/yahboomcar_ros2_ws_new/yahboomcar_ws/build/yahboomcar_bringup:/home/jetson/yahboomcar_ros2_ws_new/yahboomcar_ws/install/yahboomcar_bringup/lib/python3.10/site-packages:/home/jetson/yahboomcar_ros2_ws_new/yahboomcar_ws/build/yahboomcar_astra:/home/jetson/yahboomcar_ros2_ws_new/yahboomcar_ws/install/yahboomcar_astra/lib/python3.10/site-packages:/home/jetson/yahboomcar_ros2_ws_new/yahboomcar_ws/install/yahboom_web_savmap_interfaces/local/lib/python3.10/dist-packages:/home/jetson/yahboomcar_ros2_ws_new/yahboomcar_ws/build/yahboom_app_save_map:/home/jetson/yahboomcar_ros2_ws_new/yahboomcar_ws/install/yahboom_app_save_map/lib/python3.10/site-packages:/home/jetson/yahboomcar_ros2_ws_new/yahboomcar_ws/build/laserscan_to_point_pulisher:/home/jetson/yahboomcar_ros2_ws_new/yahboomcar_ws/install/laserscan_to_point_pulisher/lib/python3.10/site-packages:/usr/local/lib/python3.10/site-packages/:/home/jetson/yahboomcar_ws/install/yahboomcar_msgs/local/lib/python3.10/dist-packages:/home/jetson/yahboomcar_ws/install/cv_bridge/local/lib/python3.10/dist-packages:/home/jetson/yahboomcar_ros2_ws/software/library_ws/install/teb_msgs/local/lib/python3.10/dist-packages:/home/jetson/yahboomcar_ros2_ws/software/library_ws/install/robot_localization/local/lib/python3.10/dist-packages:/home/jetson/yahboomcar_ros2_ws/software/library_ws/install/costmap_converter_msgs/local/lib/python3.10/dist-packages:/home/jetson/yahboomcar_ros2_ws/software/library_ws/install/astra_camera_msgs/local/lib/python3.10/dist-packages:/opt/ros/humble/lib/python3.10/site-packages:/opt/ros/humble/local/lib/python3.10/dist-packages:/usr/local/lib/python3.10/site-packages/ /usr/bin/cmake --build /home/jetson/yahboomcar_ros2_ws_new/yahboomcar_ws/build/x3plus_moveit_config -- -j6 -l6
[3.183s] colcon.colcon_core.event_handler.log_command DEBUG Invoking command in '/home/jetson/yahboomcar_ros2_ws_new/yahboomcar_ws/build/x3plus_moveit_config': AMENT_PREFIX_PATH=/home/jetson/yahboomcar_ros2_ws_new/yahboomcar_ws/install/yahboomcar_description:/home/jetson/yahboomcar_ros2_ws_new/yahboomcar_ws/install/arm_mediapipe:/home/jetson/yahboomcar_ros2_ws_new/yahboomcar_ws/install/arm_color_transport:/home/jetson/yahboomcar_ros2_ws_new/yahboomcar_ws/install/yahboomcar_voice_ctrl:/home/jetson/yahboomcar_ros2_ws_new/yahboomcar_ws/install/yahboomcar_visual:/home/jetson/yahboomcar_ros2_ws_new/yahboomcar_ws/install/yahboomcar_slam:/home/jetson/yahboomcar_ros2_ws_new/yahboomcar_ws/install/yahboomcar_rviz:/home/jetson/yahboomcar_ros2_ws_new/yahboomcar_ws/install/yahboomcar_point:/home/jetson/yahboomcar_ros2_ws_new/yahboomcar_ws/install/yahboomcar_nav:/home/jetson/yahboomcar_ros2_ws_new/yahboomcar_ws/install/yahboomcar_multi:/home/jetson/yahboomcar_ros2_ws_new/yahboomcar_ws/install/arm_autopilot:/home/jetson/yahboomcar_ros2_ws_new/yahboomcar_ws/install/yahboomcar_msgs:/home/jetson/yahboomcar_ros2_ws_new/yahboomcar_ws/install/yahboomcar_mediapipe:/home/jetson/yahboomcar_ros2_ws_new/yahboomcar_ws/install/yahboomcar_linefollow:/home/jetson/yahboomcar_ros2_ws_new/yahboomcar_ws/install/yahboomcar_laser:/home/jetson/yahboomcar_ros2_ws_new/yahboomcar_ws/install/yahboomcar_description_x1:/home/jetson/yahboomcar_ros2_ws_new/yahboomcar_ws/install/yahboomcar_ctrl:/home/jetson/yahboomcar_ros2_ws_new/yahboomcar_ws/install/yahboomcar_bringup:/home/jetson/yahboomcar_ros2_ws_new/yahboomcar_ws/install/yahboomcar_base_node:/home/jetson/yahboomcar_ros2_ws_new/yahboomcar_ws/install/yahboomcar_astra:/home/jetson/yahboomcar_ros2_ws_new/yahboomcar_ws/install/yahboomcar_KCFTracker:/home/jetson/yahboomcar_ros2_ws_new/yahboomcar_ws/install/yahboom_web_savmap_interfaces:/home/jetson/yahboomcar_ros2_ws_new/yahboomcar_ws/install/yahboom_app_save_map:/home/jetson/yahboomcar_ros2_ws_new/yahboomcar_ws/install/robot_pose_publisher_ros2:/home/jetson/yahboomcar_ros2_ws_new/yahboomcar_ws/install/laserscan_to_point_pulisher:/home/jetson/yahboomcar_ws/install/yahboomcar_voice_ctrl:/home/jetson/yahboomcar_ws/install/yahboomcar_slam:/home/jetson/yahboomcar_ws/install/yahboomcar_nav:/home/jetson/yahboomcar_ws/install/yahboomcar_astra:/home/jetson/yahboomcar_ws/install/yahboomcar_ctrl:/home/jetson/yahboomcar_ws/install/yahboomcar_bringup:/home/jetson/yahboomcar_ws/install/yahboomcar_msgs:/home/jetson/yahboomcar_ws/install/yahboomcar_linefollw:/home/jetson/yahboomcar_ws/install/yahboomcar_laser:/home/jetson/yahboomcar_ws/install/yahboomcar_description:/home/jetson/yahboomcar_ws/install/ros2_orbslam:/home/jetson/yahboomcar_ws/install/cv_bridge:/home/jetson/yahboomcar_ros2_ws/software/library_ws/install/ydlidar_ros2_driver:/home/jetson/yahboomcar_ros2_ws/software/library_ws/install/web_video_server:/home/jetson/yahboomcar_ros2_ws/software/library_ws/install/teb_local_planner:/home/jetson/yahboomcar_ros2_ws/software/library_ws/install/teb_msgs:/home/jetson/yahboomcar_ros2_ws/software/library_ws/install/sllidar_ros2:/home/jetson/yahboomcar_ros2_ws/software/library_ws/install/slam_gmapping:/home/jetson/yahboomcar_ros2_ws/software/library_ws/install/robot_localization:/home/jetson/yahboomcar_ros2_ws/software/library_ws/install/openslam_gmapping:/home/jetson/yahboomcar_ros2_ws/software/library_ws/install/costmap_converter:/home/jetson/yahboomcar_ros2_ws/software/library_ws/install/costmap_converter_msgs:/home/jetson/yahboomcar_ros2_ws/software/library_ws/install/astra_camera:/home/jetson/yahboomcar_ros2_ws/software/library_ws/install/astra_camera_msgs:/opt/ros/humble CMAKE_PREFIX_PATH=${CMAKE_PREFIX_PATH}:/home/jetson/yahboomcar_ros2_ws_new/yahboomcar_ws/install/yahboomcar_voice_ctrl:/home/jetson/yahboomcar_ros2_ws_new/yahboomcar_ws/install/yahboomcar_visual:/home/jetson/yahboomcar_ros2_ws_new/yahboomcar_ws/install/yahboomcar_rviz:/home/jetson/yahboomcar_ros2_ws_new/yahboomcar_ws/install/yahboomcar_nav:/home/jetson/yahboomcar_ros2_ws_new/yahboomcar_ws/install/yahboomcar_multi:/home/jetson/yahboomcar_ros2_ws_new/yahboomcar_ws/install/yahboomcar_mediapipe:/home/jetson/yahboomcar_ros2_ws_new/yahboomcar_ws/install/yahboomcar_linefollow:/home/jetson/yahboomcar_ros2_ws_new/yahboomcar_ws/install/yahboomcar_laser:/home/jetson/yahboomcar_ros2_ws_new/yahboomcar_ws/install/yahboomcar_description_x1:/home/jetson/yahboomcar_ros2_ws_new/yahboomcar_ws/install/yahboomcar_description:/home/jetson/yahboomcar_ros2_ws_new/yahboomcar_ws/install/yahboomcar_ctrl:/home/jetson/yahboomcar_ros2_ws_new/yahboomcar_ws/install/yahboomcar_bringup:/home/jetson/yahboomcar_ros2_ws_new/yahboomcar_ws/install/yahboomcar_astra:/home/jetson/yahboomcar_ros2_ws_new/yahboomcar_ws/install/yahboom_app_save_map:/home/jetson/yahboomcar_ros2_ws_new/yahboomcar_ws/install/laserscan_to_point_pulisher:/opt/ros/humble PYTHONPATH=/home/jetson/yahboomcar_ros2_ws_new/yahboomcar_ws/build/yahboomcar_description:/home/jetson/yahboomcar_ros2_ws_new/yahboomcar_ws/install/yahboomcar_description/lib/python3.10/site-packages:/home/jetson/yahboomcar_ros2_ws_new/yahboomcar_ws/install/arm_mediapipe/local/lib/python3.10/dist-packages:/home/jetson/yahboomcar_ros2_ws_new/yahboomcar_ws/install/arm_color_transport/local/lib/python3.10/dist-packages:/home/jetson/yahboomcar_ros2_ws_new/yahboomcar_ws/build/yahboomcar_voice_ctrl:/home/jetson/yahboomcar_ros2_ws_new/yahboomcar_ws/install/yahboomcar_voice_ctrl/lib/python3.10/site-packages:/home/jetson/yahboomcar_ros2_ws_new/yahboomcar_ws/build/yahboomcar_visual:/home/jetson/yahboomcar_ros2_ws_new/yahboomcar_ws/install/yahboomcar_visual/lib/python3.10/site-packages:/home/jetson/yahboomcar_ros2_ws_new/yahboomcar_ws/build/yahboomcar_rviz:/home/jetson/yahboomcar_ros2_ws_new/yahboomcar_ws/install/yahboomcar_rviz/lib/python3.10/site-packages:/home/jetson/yahboomcar_ros2_ws_new/yahboomcar_ws/build/yahboomcar_nav:/home/jetson/yahboomcar_ros2_ws_new/yahboomcar_ws/install/yahboomcar_nav/lib/python3.10/site-packages:/home/jetson/yahboomcar_ros2_ws_new/yahboomcar_ws/build/yahboomcar_multi:/home/jetson/yahboomcar_ros2_ws_new/yahboomcar_ws/install/yahboomcar_multi/lib/python3.10/site-packages:/home/jetson/yahboomcar_ros2_ws_new/yahboomcar_ws/install/arm_autopilot/local/lib/python3.10/dist-packages:/home/jetson/yahboomcar_ros2_ws_new/yahboomcar_ws/install/yahboomcar_msgs/local/lib/python3.10/dist-packages:/home/jetson/yahboomcar_ros2_ws_new/yahboomcar_ws/build/yahboomcar_mediapipe:/home/jetson/yahboomcar_ros2_ws_new/yahboomcar_ws/install/yahboomcar_mediapipe/lib/python3.10/site-packages:/home/jetson/yahboomcar_ros2_ws_new/yahboomcar_ws/build/yahboomcar_linefollow:/home/jetson/yahboomcar_ros2_ws_new/yahboomcar_ws/install/yahboomcar_linefollow/lib/python3.10/site-packages:/home/jetson/yahboomcar_ros2_ws_new/yahboomcar_ws/build/yahboomcar_laser:/home/jetson/yahboomcar_ros2_ws_new/yahboomcar_ws/install/yahboomcar_laser/lib/python3.10/site-packages:/home/jetson/yahboomcar_ros2_ws_new/yahboomcar_ws/build/yahboomcar_description_x1:/home/jetson/yahboomcar_ros2_ws_new/yahboomcar_ws/install/yahboomcar_description_x1/lib/python3.10/site-packages:/home/jetson/yahboomcar_ros2_ws_new/yahboomcar_ws/build/yahboomcar_ctrl:/home/jetson/yahboomcar_ros2_ws_new/yahboomcar_ws/install/yahboomcar_ctrl/lib/python3.10/site-packages:/home/jetson/yahboomcar_ros2_ws_new/yahboomcar_ws/build/yahboomcar_bringup:/home/jetson/yahboomcar_ros2_ws_new/yahboomcar_ws/install/yahboomcar_bringup/lib/python3.10/site-packages:/home/jetson/yahboomcar_ros2_ws_new/yahboomcar_ws/build/yahboomcar_astra:/home/jetson/yahboomcar_ros2_ws_new/yahboomcar_ws/install/yahboomcar_astra/lib/python3.10/site-packages:/home/jetson/yahboomcar_ros2_ws_new/yahboomcar_ws/install/yahboom_web_savmap_interfaces/local/lib/python3.10/dist-packages:/home/jetson/yahboomcar_ros2_ws_new/yahboomcar_ws/build/yahboom_app_save_map:/home/jetson/yahboomcar_ros2_ws_new/yahboomcar_ws/install/yahboom_app_save_map/lib/python3.10/site-packages:/home/jetson/yahboomcar_ros2_ws_new/yahboomcar_ws/build/laserscan_to_point_pulisher:/home/jetson/yahboomcar_ros2_ws_new/yahboomcar_ws/install/laserscan_to_point_pulisher/lib/python3.10/site-packages:/usr/local/lib/python3.10/site-packages/:/home/jetson/yahboomcar_ws/install/yahboomcar_msgs/local/lib/python3.10/dist-packages:/home/jetson/yahboomcar_ws/install/cv_bridge/local/lib/python3.10/dist-packages:/home/jetson/yahboomcar_ros2_ws/software/library_ws/install/teb_msgs/local/lib/python3.10/dist-packages:/home/jetson/yahboomcar_ros2_ws/software/library_ws/install/robot_localization/local/lib/python3.10/dist-packages:/home/jetson/yahboomcar_ros2_ws/software/library_ws/install/costmap_converter_msgs/local/lib/python3.10/dist-packages:/home/jetson/yahboomcar_ros2_ws/software/library_ws/install/astra_camera_msgs/local/lib/python3.10/dist-packages:/opt/ros/humble/lib/python3.10/site-packages:/opt/ros/humble/local/lib/python3.10/dist-packages:/usr/local/lib/python3.10/site-packages/ /usr/bin/cmake --install /home/jetson/yahboomcar_ros2_ws_new/yahboomcar_ws/build/x3plus_moveit_config
[3.819s] colcon.colcon_core.environment Level 1 create_environment_scripts_only(x3plus_moveit_config)
[3.820s] colcon.colcon_core.event_handler.log_command DEBUG Invoked command in '/home/jetson/yahboomcar_ros2_ws_new/yahboomcar_ws/build/x3plus_moveit_config' returned '0': AMENT_PREFIX_PATH=/home/jetson/yahboomcar_ros2_ws_new/yahboomcar_ws/install/yahboomcar_description:/home/jetson/yahboomcar_ros2_ws_new/yahboomcar_ws/install/arm_mediapipe:/home/jetson/yahboomcar_ros2_ws_new/yahboomcar_ws/install/arm_color_transport:/home/jetson/yahboomcar_ros2_ws_new/yahboomcar_ws/install/yahboomcar_voice_ctrl:/home/jetson/yahboomcar_ros2_ws_new/yahboomcar_ws/install/yahboomcar_visual:/home/jetson/yahboomcar_ros2_ws_new/yahboomcar_ws/install/yahboomcar_slam:/home/jetson/yahboomcar_ros2_ws_new/yahboomcar_ws/install/yahboomcar_rviz:/home/jetson/yahboomcar_ros2_ws_new/yahboomcar_ws/install/yahboomcar_point:/home/jetson/yahboomcar_ros2_ws_new/yahboomcar_ws/install/yahboomcar_nav:/home/jetson/yahboomcar_ros2_ws_new/yahboomcar_ws/install/yahboomcar_multi:/home/jetson/yahboomcar_ros2_ws_new/yahboomcar_ws/install/arm_autopilot:/home/jetson/yahboomcar_ros2_ws_new/yahboomcar_ws/install/yahboomcar_msgs:/home/jetson/yahboomcar_ros2_ws_new/yahboomcar_ws/install/yahboomcar_mediapipe:/home/jetson/yahboomcar_ros2_ws_new/yahboomcar_ws/install/yahboomcar_linefollow:/home/jetson/yahboomcar_ros2_ws_new/yahboomcar_ws/install/yahboomcar_laser:/home/jetson/yahboomcar_ros2_ws_new/yahboomcar_ws/install/yahboomcar_description_x1:/home/jetson/yahboomcar_ros2_ws_new/yahboomcar_ws/install/yahboomcar_ctrl:/home/jetson/yahboomcar_ros2_ws_new/yahboomcar_ws/install/yahboomcar_bringup:/home/jetson/yahboomcar_ros2_ws_new/yahboomcar_ws/install/yahboomcar_base_node:/home/jetson/yahboomcar_ros2_ws_new/yahboomcar_ws/install/yahboomcar_astra:/home/jetson/yahboomcar_ros2_ws_new/yahboomcar_ws/install/yahboomcar_KCFTracker:/home/jetson/yahboomcar_ros2_ws_new/yahboomcar_ws/install/yahboom_web_savmap_interfaces:/home/jetson/yahboomcar_ros2_ws_new/yahboomcar_ws/install/yahboom_app_save_map:/home/jetson/yahboomcar_ros2_ws_new/yahboomcar_ws/install/robot_pose_publisher_ros2:/home/jetson/yahboomcar_ros2_ws_new/yahboomcar_ws/install/laserscan_to_point_pulisher:/home/jetson/yahboomcar_ws/install/yahboomcar_voice_ctrl:/home/jetson/yahboomcar_ws/install/yahboomcar_slam:/home/jetson/yahboomcar_ws/install/yahboomcar_nav:/home/jetson/yahboomcar_ws/install/yahboomcar_astra:/home/jetson/yahboomcar_ws/install/yahboomcar_ctrl:/home/jetson/yahboomcar_ws/install/yahboomcar_bringup:/home/jetson/yahboomcar_ws/install/yahboomcar_msgs:/home/jetson/yahboomcar_ws/install/yahboomcar_linefollw:/home/jetson/yahboomcar_ws/install/yahboomcar_laser:/home/jetson/yahboomcar_ws/install/yahboomcar_description:/home/jetson/yahboomcar_ws/install/ros2_orbslam:/home/jetson/yahboomcar_ws/install/cv_bridge:/home/jetson/yahboomcar_ros2_ws/software/library_ws/install/ydlidar_ros2_driver:/home/jetson/yahboomcar_ros2_ws/software/library_ws/install/web_video_server:/home/jetson/yahboomcar_ros2_ws/software/library_ws/install/teb_local_planner:/home/jetson/yahboomcar_ros2_ws/software/library_ws/install/teb_msgs:/home/jetson/yahboomcar_ros2_ws/software/library_ws/install/sllidar_ros2:/home/jetson/yahboomcar_ros2_ws/software/library_ws/install/slam_gmapping:/home/jetson/yahboomcar_ros2_ws/software/library_ws/install/robot_localization:/home/jetson/yahboomcar_ros2_ws/software/library_ws/install/openslam_gmapping:/home/jetson/yahboomcar_ros2_ws/software/library_ws/install/costmap_converter:/home/jetson/yahboomcar_ros2_ws/software/library_ws/install/costmap_converter_msgs:/home/jetson/yahboomcar_ros2_ws/software/library_ws/install/astra_camera:/home/jetson/yahboomcar_ros2_ws/software/library_ws/install/astra_camera_msgs:/opt/ros/humble CMAKE_PREFIX_PATH=${CMAKE_PREFIX_PATH}:/home/jetson/yahboomcar_ros2_ws_new/yahboomcar_ws/install/yahboomcar_voice_ctrl:/home/jetson/yahboomcar_ros2_ws_new/yahboomcar_ws/install/yahboomcar_visual:/home/jetson/yahboomcar_ros2_ws_new/yahboomcar_ws/install/yahboomcar_rviz:/home/jetson/yahboomcar_ros2_ws_new/yahboomcar_ws/install/yahboomcar_nav:/home/jetson/yahboomcar_ros2_ws_new/yahboomcar_ws/install/yahboomcar_multi:/home/jetson/yahboomcar_ros2_ws_new/yahboomcar_ws/install/yahboomcar_mediapipe:/home/jetson/yahboomcar_ros2_ws_new/yahboomcar_ws/install/yahboomcar_linefollow:/home/jetson/yahboomcar_ros2_ws_new/yahboomcar_ws/install/yahboomcar_laser:/home/jetson/yahboomcar_ros2_ws_new/yahboomcar_ws/install/yahboomcar_description_x1:/home/jetson/yahboomcar_ros2_ws_new/yahboomcar_ws/install/yahboomcar_description:/home/jetson/yahboomcar_ros2_ws_new/yahboomcar_ws/install/yahboomcar_ctrl:/home/jetson/yahboomcar_ros2_ws_new/yahboomcar_ws/install/yahboomcar_bringup:/home/jetson/yahboomcar_ros2_ws_new/yahboomcar_ws/install/yahboomcar_astra:/home/jetson/yahboomcar_ros2_ws_new/yahboomcar_ws/install/yahboom_app_save_map:/home/jetson/yahboomcar_ros2_ws_new/yahboomcar_ws/install/laserscan_to_point_pulisher:/opt/ros/humble PYTHONPATH=/home/jetson/yahboomcar_ros2_ws_new/yahboomcar_ws/build/yahboomcar_description:/home/jetson/yahboomcar_ros2_ws_new/yahboomcar_ws/install/yahboomcar_description/lib/python3.10/site-packages:/home/jetson/yahboomcar_ros2_ws_new/yahboomcar_ws/install/arm_mediapipe/local/lib/python3.10/dist-packages:/home/jetson/yahboomcar_ros2_ws_new/yahboomcar_ws/install/arm_color_transport/local/lib/python3.10/dist-packages:/home/jetson/yahboomcar_ros2_ws_new/yahboomcar_ws/build/yahboomcar_voice_ctrl:/home/jetson/yahboomcar_ros2_ws_new/yahboomcar_ws/install/yahboomcar_voice_ctrl/lib/python3.10/site-packages:/home/jetson/yahboomcar_ros2_ws_new/yahboomcar_ws/build/yahboomcar_visual:/home/jetson/yahboomcar_ros2_ws_new/yahboomcar_ws/install/yahboomcar_visual/lib/python3.10/site-packages:/home/jetson/yahboomcar_ros2_ws_new/yahboomcar_ws/build/yahboomcar_rviz:/home/jetson/yahboomcar_ros2_ws_new/yahboomcar_ws/install/yahboomcar_rviz/lib/python3.10/site-packages:/home/jetson/yahboomcar_ros2_ws_new/yahboomcar_ws/build/yahboomcar_nav:/home/jetson/yahboomcar_ros2_ws_new/yahboomcar_ws/install/yahboomcar_nav/lib/python3.10/site-packages:/home/jetson/yahboomcar_ros2_ws_new/yahboomcar_ws/build/yahboomcar_multi:/home/jetson/yahboomcar_ros2_ws_new/yahboomcar_ws/install/yahboomcar_multi/lib/python3.10/site-packages:/home/jetson/yahboomcar_ros2_ws_new/yahboomcar_ws/install/arm_autopilot/local/lib/python3.10/dist-packages:/home/jetson/yahboomcar_ros2_ws_new/yahboomcar_ws/install/yahboomcar_msgs/local/lib/python3.10/dist-packages:/home/jetson/yahboomcar_ros2_ws_new/yahboomcar_ws/build/yahboomcar_mediapipe:/home/jetson/yahboomcar_ros2_ws_new/yahboomcar_ws/install/yahboomcar_mediapipe/lib/python3.10/site-packages:/home/jetson/yahboomcar_ros2_ws_new/yahboomcar_ws/build/yahboomcar_linefollow:/home/jetson/yahboomcar_ros2_ws_new/yahboomcar_ws/install/yahboomcar_linefollow/lib/python3.10/site-packages:/home/jetson/yahboomcar_ros2_ws_new/yahboomcar_ws/build/yahboomcar_laser:/home/jetson/yahboomcar_ros2_ws_new/yahboomcar_ws/install/yahboomcar_laser/lib/python3.10/site-packages:/home/jetson/yahboomcar_ros2_ws_new/yahboomcar_ws/build/yahboomcar_description_x1:/home/jetson/yahboomcar_ros2_ws_new/yahboomcar_ws/install/yahboomcar_description_x1/lib/python3.10/site-packages:/home/jetson/yahboomcar_ros2_ws_new/yahboomcar_ws/build/yahboomcar_ctrl:/home/jetson/yahboomcar_ros2_ws_new/yahboomcar_ws/install/yahboomcar_ctrl/lib/python3.10/site-packages:/home/jetson/yahboomcar_ros2_ws_new/yahboomcar_ws/build/yahboomcar_bringup:/home/jetson/yahboomcar_ros2_ws_new/yahboomcar_ws/install/yahboomcar_bringup/lib/python3.10/site-packages:/home/jetson/yahboomcar_ros2_ws_new/yahboomcar_ws/build/yahboomcar_astra:/home/jetson/yahboomcar_ros2_ws_new/yahboomcar_ws/install/yahboomcar_astra/lib/python3.10/site-packages:/home/jetson/yahboomcar_ros2_ws_new/yahboomcar_ws/install/yahboom_web_savmap_interfaces/local/lib/python3.10/dist-packages:/home/jetson/yahboomcar_ros2_ws_new/yahboomcar_ws/build/yahboom_app_save_map:/home/jetson/yahboomcar_ros2_ws_new/yahboomcar_ws/install/yahboom_app_save_map/lib/python3.10/site-packages:/home/jetson/yahboomcar_ros2_ws_new/yahboomcar_ws/build/laserscan_to_point_pulisher:/home/jetson/yahboomcar_ros2_ws_new/yahboomcar_ws/install/laserscan_to_point_pulisher/lib/python3.10/site-packages:/usr/local/lib/python3.10/site-packages/:/home/jetson/yahboomcar_ws/install/yahboomcar_msgs/local/lib/python3.10/dist-packages:/home/jetson/yahboomcar_ws/install/cv_bridge/local/lib/python3.10/dist-packages:/home/jetson/yahboomcar_ros2_ws/software/library_ws/install/teb_msgs/local/lib/python3.10/dist-packages:/home/jetson/yahboomcar_ros2_ws/software/library_ws/install/robot_localization/local/lib/python3.10/dist-packages:/home/jetson/yahboomcar_ros2_ws/software/library_ws/install/costmap_converter_msgs/local/lib/python3.10/dist-packages:/home/jetson/yahboomcar_ros2_ws/software/library_ws/install/astra_camera_msgs/local/lib/python3.10/dist-packages:/opt/ros/humble/lib/python3.10/site-packages:/opt/ros/humble/local/lib/python3.10/dist-packages:/usr/local/lib/python3.10/site-packages/ /usr/bin/cmake --install /home/jetson/yahboomcar_ros2_ws_new/yahboomcar_ws/build/x3plus_moveit_config
[3.830s] colcon.colcon_core.environment Level 1 checking '/home/jetson/yahboomcar_ros2_ws_new/yahboomcar_ws/install/x3plus_moveit_config' for CMake module files
[3.832s] colcon.colcon_core.environment Level 1 checking '/home/jetson/yahboomcar_ros2_ws_new/yahboomcar_ws/install/x3plus_moveit_config' for CMake config files
[3.833s] colcon.colcon_core.shell Level 1 create_environment_hook('x3plus_moveit_config', 'cmake_prefix_path')
[3.834s] colcon.colcon_core.shell INFO Creating environment hook '/home/jetson/yahboomcar_ros2_ws_new/yahboomcar_ws/install/x3plus_moveit_config/share/x3plus_moveit_config/hook/cmake_prefix_path.ps1'
[3.836s] colcon.colcon_core.shell INFO Creating environment descriptor '/home/jetson/yahboomcar_ros2_ws_new/yahboomcar_ws/install/x3plus_moveit_config/share/x3plus_moveit_config/hook/cmake_prefix_path.dsv'
[3.838s] colcon.colcon_core.shell INFO Creating environment hook '/home/jetson/yahboomcar_ros2_ws_new/yahboomcar_ws/install/x3plus_moveit_config/share/x3plus_moveit_config/hook/cmake_prefix_path.sh'
[3.841s] colcon.colcon_core.environment Level 1 checking '/home/jetson/yahboomcar_ros2_ws_new/yahboomcar_ws/install/x3plus_moveit_config/bin'
[3.842s] colcon.colcon_core.environment Level 1 checking '/home/jetson/yahboomcar_ros2_ws_new/yahboomcar_ws/install/x3plus_moveit_config/lib/pkgconfig/x3plus_moveit_config.pc'
[3.842s] colcon.colcon_core.environment Level 1 checking '/home/jetson/yahboomcar_ros2_ws_new/yahboomcar_ws/install/x3plus_moveit_config/lib/python3.10/site-packages'
[3.843s] colcon.colcon_core.environment Level 1 checking '/home/jetson/yahboomcar_ros2_ws_new/yahboomcar_ws/install/x3plus_moveit_config/bin'
[3.845s] colcon.colcon_core.shell INFO Creating package script '/home/jetson/yahboomcar_ros2_ws_new/yahboomcar_ws/install/x3plus_moveit_config/share/x3plus_moveit_config/package.ps1'
[3.847s] colcon.colcon_core.shell INFO Creating package descriptor '/home/jetson/yahboomcar_ros2_ws_new/yahboomcar_ws/install/x3plus_moveit_config/share/x3plus_moveit_config/package.dsv'
[3.848s] colcon.colcon_core.shell INFO Creating package script '/home/jetson/yahboomcar_ros2_ws_new/yahboomcar_ws/install/x3plus_moveit_config/share/x3plus_moveit_config/package.sh'
[3.851s] colcon.colcon_core.shell INFO Creating package script '/home/jetson/yahboomcar_ros2_ws_new/yahboomcar_ws/install/x3plus_moveit_config/share/x3plus_moveit_config/package.bash'
[3.852s] colcon.colcon_core.shell INFO Creating package script '/home/jetson/yahboomcar_ros2_ws_new/yahboomcar_ws/install/x3plus_moveit_config/share/x3plus_moveit_config/package.zsh'
[3.854s] colcon.colcon_core.environment Level 1 create_file_with_runtime_dependencies(/home/jetson/yahboomcar_ros2_ws_new/yahboomcar_ws/install/x3plus_moveit_config/share/colcon-core/packages/x3plus_moveit_config)
[3.857s] colcon.colcon_core.environment Level 1 create_environment_scripts_only(x3plus_moveit_config)
[3.857s] colcon.colcon_core.environment Level 1 checking '/home/jetson/yahboomcar_ros2_ws_new/yahboomcar_ws/install/x3plus_moveit_config' for CMake module files
[3.859s] colcon.colcon_core.environment Level 1 checking '/home/jetson/yahboomcar_ros2_ws_new/yahboomcar_ws/install/x3plus_moveit_config' for CMake config files
[3.860s] colcon.colcon_core.shell Level 1 create_environment_hook('x3plus_moveit_config', 'cmake_prefix_path')
[3.860s] colcon.colcon_core.shell INFO Creating environment hook '/home/jetson/yahboomcar_ros2_ws_new/yahboomcar_ws/install/x3plus_moveit_config/share/x3plus_moveit_config/hook/cmake_prefix_path.ps1'
[3.862s] colcon.colcon_core.shell INFO Creating environment descriptor '/home/jetson/yahboomcar_ros2_ws_new/yahboomcar_ws/install/x3plus_moveit_config/share/x3plus_moveit_config/hook/cmake_prefix_path.dsv'
[3.864s] colcon.colcon_core.shell INFO Creating environment hook '/home/jetson/yahboomcar_ros2_ws_new/yahboomcar_ws/install/x3plus_moveit_config/share/x3plus_moveit_config/hook/cmake_prefix_path.sh'
[3.866s] colcon.colcon_core.environment Level 1 checking '/home/jetson/yahboomcar_ros2_ws_new/yahboomcar_ws/install/x3plus_moveit_config/bin'
[3.866s] colcon.colcon_core.environment Level 1 checking '/home/jetson/yahboomcar_ros2_ws_new/yahboomcar_ws/install/x3plus_moveit_config/lib/pkgconfig/x3plus_moveit_config.pc'
[3.867s] colcon.colcon_core.environment Level 1 checking '/home/jetson/yahboomcar_ros2_ws_new/yahboomcar_ws/install/x3plus_moveit_config/lib/python3.10/site-packages'
[3.867s] colcon.colcon_core.environment Level 1 checking '/home/jetson/yahboomcar_ros2_ws_new/yahboomcar_ws/install/x3plus_moveit_config/bin'
[3.868s] colcon.colcon_core.shell INFO Creating package script '/home/jetson/yahboomcar_ros2_ws_new/yahboomcar_ws/install/x3plus_moveit_config/share/x3plus_moveit_config/package.ps1'
[3.869s] colcon.colcon_core.shell INFO Creating package descriptor '/home/jetson/yahboomcar_ros2_ws_new/yahboomcar_ws/install/x3plus_moveit_config/share/x3plus_moveit_config/package.dsv'
[3.871s] colcon.colcon_core.shell INFO Creating package script '/home/jetson/yahboomcar_ros2_ws_new/yahboomcar_ws/install/x3plus_moveit_config/share/x3plus_moveit_config/package.sh'
[3.872s] colcon.colcon_core.shell INFO Creating package script '/home/jetson/yahboomcar_ros2_ws_new/yahboomcar_ws/install/x3plus_moveit_config/share/x3plus_moveit_config/package.bash'
[3.874s] colcon.colcon_core.shell INFO Creating package script '/home/jetson/yahboomcar_ros2_ws_new/yahboomcar_ws/install/x3plus_moveit_config/share/x3plus_moveit_config/package.zsh'
[3.875s] colcon.colcon_core.environment Level 1 create_file_with_runtime_dependencies(/home/jetson/yahboomcar_ros2_ws_new/yahboomcar_ws/install/x3plus_moveit_config/share/colcon-core/packages/x3plus_moveit_config)
[3.876s] colcon.colcon_ros.task.ament_cmake.build INFO Building ROS package in '/home/jetson/yahboomcar_ros2_ws_new/yahboomcar_ws/src/arm_moveit_demo' with build type 'ament_cmake'
[3.877s] colcon.colcon_cmake.task.cmake.build INFO Building CMake package in '/home/jetson/yahboomcar_ros2_ws_new/yahboomcar_ws/src/arm_moveit_demo'
[3.878s] colcon.colcon_core.shell INFO Skip shell extension 'powershell' for command environment: Not usable outside of PowerShell
[3.878s] colcon.colcon_core.shell DEBUG Skip shell extension 'dsv' for command environment
[3.925s] colcon.colcon_core.event_handler.log_command DEBUG Invoking command in '/home/jetson/yahboomcar_ros2_ws_new/yahboomcar_ws/build/arm_moveit_demo': AMENT_PREFIX_PATH=/home/jetson/yahboomcar_ros2_ws_new/yahboomcar_ws/install/x3plus_moveit_config:/home/jetson/yahboomcar_ros2_ws_new/yahboomcar_ws/install/yahboomcar_description:/home/jetson/yahboomcar_ros2_ws_new/yahboomcar_ws/install/arm_mediapipe:/home/jetson/yahboomcar_ros2_ws_new/yahboomcar_ws/install/arm_color_transport:/home/jetson/yahboomcar_ros2_ws_new/yahboomcar_ws/install/yahboomcar_voice_ctrl:/home/jetson/yahboomcar_ros2_ws_new/yahboomcar_ws/install/yahboomcar_visual:/home/jetson/yahboomcar_ros2_ws_new/yahboomcar_ws/install/yahboomcar_slam:/home/jetson/yahboomcar_ros2_ws_new/yahboomcar_ws/install/yahboomcar_rviz:/home/jetson/yahboomcar_ros2_ws_new/yahboomcar_ws/install/yahboomcar_point:/home/jetson/yahboomcar_ros2_ws_new/yahboomcar_ws/install/yahboomcar_nav:/home/jetson/yahboomcar_ros2_ws_new/yahboomcar_ws/install/yahboomcar_multi:/home/jetson/yahboomcar_ros2_ws_new/yahboomcar_ws/install/arm_autopilot:/home/jetson/yahboomcar_ros2_ws_new/yahboomcar_ws/install/yahboomcar_msgs:/home/jetson/yahboomcar_ros2_ws_new/yahboomcar_ws/install/yahboomcar_mediapipe:/home/jetson/yahboomcar_ros2_ws_new/yahboomcar_ws/install/yahboomcar_linefollow:/home/jetson/yahboomcar_ros2_ws_new/yahboomcar_ws/install/yahboomcar_laser:/home/jetson/yahboomcar_ros2_ws_new/yahboomcar_ws/install/yahboomcar_description_x1:/home/jetson/yahboomcar_ros2_ws_new/yahboomcar_ws/install/yahboomcar_ctrl:/home/jetson/yahboomcar_ros2_ws_new/yahboomcar_ws/install/yahboomcar_bringup:/home/jetson/yahboomcar_ros2_ws_new/yahboomcar_ws/install/yahboomcar_base_node:/home/jetson/yahboomcar_ros2_ws_new/yahboomcar_ws/install/yahboomcar_astra:/home/jetson/yahboomcar_ros2_ws_new/yahboomcar_ws/install/yahboomcar_KCFTracker:/home/jetson/yahboomcar_ros2_ws_new/yahboomcar_ws/install/yahboom_web_savmap_interfaces:/home/jetson/yahboomcar_ros2_ws_new/yahboomcar_ws/install/yahboom_app_save_map:/home/jetson/yahboomcar_ros2_ws_new/yahboomcar_ws/install/robot_pose_publisher_ros2:/home/jetson/yahboomcar_ros2_ws_new/yahboomcar_ws/install/laserscan_to_point_pulisher:/home/jetson/yahboomcar_ws/install/yahboomcar_voice_ctrl:/home/jetson/yahboomcar_ws/install/yahboomcar_slam:/home/jetson/yahboomcar_ws/install/yahboomcar_nav:/home/jetson/yahboomcar_ws/install/yahboomcar_astra:/home/jetson/yahboomcar_ws/install/yahboomcar_ctrl:/home/jetson/yahboomcar_ws/install/yahboomcar_bringup:/home/jetson/yahboomcar_ws/install/yahboomcar_msgs:/home/jetson/yahboomcar_ws/install/yahboomcar_linefollw:/home/jetson/yahboomcar_ws/install/yahboomcar_laser:/home/jetson/yahboomcar_ws/install/yahboomcar_description:/home/jetson/yahboomcar_ws/install/ros2_orbslam:/home/jetson/yahboomcar_ws/install/cv_bridge:/home/jetson/yahboomcar_ros2_ws/software/library_ws/install/ydlidar_ros2_driver:/home/jetson/yahboomcar_ros2_ws/software/library_ws/install/web_video_server:/home/jetson/yahboomcar_ros2_ws/software/library_ws/install/teb_local_planner:/home/jetson/yahboomcar_ros2_ws/software/library_ws/install/teb_msgs:/home/jetson/yahboomcar_ros2_ws/software/library_ws/install/sllidar_ros2:/home/jetson/yahboomcar_ros2_ws/software/library_ws/install/slam_gmapping:/home/jetson/yahboomcar_ros2_ws/software/library_ws/install/robot_localization:/home/jetson/yahboomcar_ros2_ws/software/library_ws/install/openslam_gmapping:/home/jetson/yahboomcar_ros2_ws/software/library_ws/install/costmap_converter:/home/jetson/yahboomcar_ros2_ws/software/library_ws/install/costmap_converter_msgs:/home/jetson/yahboomcar_ros2_ws/software/library_ws/install/astra_camera:/home/jetson/yahboomcar_ros2_ws/software/library_ws/install/astra_camera_msgs:/opt/ros/humble CMAKE_PREFIX_PATH=/home/jetson/yahboomcar_ros2_ws_new/yahboomcar_ws/install/x3plus_moveit_config:/home/jetson/yahboomcar_ros2_ws_new/yahboomcar_ws/install/yahboomcar_msgs:/home/jetson/yahboomcar_ros2_ws_new/yahboomcar_ws/install/arm_mediapipe:/home/jetson/yahboomcar_ros2_ws_new/yahboomcar_ws/install/arm_color_transport:/home/jetson/yahboomcar_ros2_ws_new/yahboomcar_ws/install/yahboomcar_slam:/home/jetson/yahboomcar_ros2_ws_new/yahboomcar_ws/install/yahboomcar_point:/home/jetson/yahboomcar_ros2_ws_new/yahboomcar_ws/install/arm_autopilot:/home/jetson/yahboomcar_ros2_ws_new/yahboomcar_ws/install/yahboomcar_base_node:/home/jetson/yahboomcar_ros2_ws_new/yahboomcar_ws/install/yahboomcar_KCFTracker:/home/jetson/yahboomcar_ros2_ws_new/yahboomcar_ws/install/yahboom_web_savmap_interfaces:/home/jetson/yahboomcar_ros2_ws_new/yahboomcar_ws/install/robot_pose_publisher_ros2:/home/jetson/yahboomcar_ws/install/yahboomcar_voice_ctrl:/home/jetson/yahboomcar_ws/install/yahboomcar_slam:/home/jetson/yahboomcar_ws/install/yahboomcar_nav:/home/jetson/yahboomcar_ws/install/yahboomcar_astra:/home/jetson/yahboomcar_ws/install/yahboomcar_ctrl:/home/jetson/yahboomcar_ws/install/yahboomcar_bringup:/home/jetson/yahboomcar_ws/install/yahboomcar_msgs:/home/jetson/yahboomcar_ws/install/yahboomcar_linefollw:/home/jetson/yahboomcar_ws/install/yahboomcar_laser:/home/jetson/yahboomcar_ws/install/yahboomcar_description:/home/jetson/yahboomcar_ws/install/ros2_orbslam:/home/jetson/yahboomcar_ws/install/cv_bridge:/home/jetson/yahboomcar_ros2_ws/software/library_ws/install/ydlidar_ros2_driver:/home/jetson/yahboomcar_ros2_ws/software/library_ws/install/web_video_server:/home/jetson/yahboomcar_ros2_ws/software/library_ws/install/teb_local_planner:/home/jetson/yahboomcar_ros2_ws/software/library_ws/install/teb_msgs:/home/jetson/yahboomcar_ros2_ws/software/library_ws/install/sllidar_ros2:/home/jetson/yahboomcar_ros2_ws/software/library_ws/install/slam_gmapping:/home/jetson/yahboomcar_ros2_ws/software/library_ws/install/robot_localization:/home/jetson/yahboomcar_ros2_ws/software/library_ws/install/openslam_gmapping:/home/jetson/yahboomcar_ros2_ws/software/library_ws/install/costmap_converter:/home/jetson/yahboomcar_ros2_ws/software/library_ws/install/costmap_converter_msgs:/home/jetson/yahboomcar_ros2_ws/software/library_ws/install/astra_camera:/home/jetson/yahboomcar_ros2_ws/software/library_ws/install/astra_camera_msgs:/home/jetson/yahboomcar_ros2_ws_new/yahboomcar_ws/install/yahboomcar_voice_ctrl:/home/jetson/yahboomcar_ros2_ws_new/yahboomcar_ws/install/yahboomcar_visual:/home/jetson/yahboomcar_ros2_ws_new/yahboomcar_ws/install/yahboomcar_rviz:/home/jetson/yahboomcar_ros2_ws_new/yahboomcar_ws/install/yahboomcar_nav:/home/jetson/yahboomcar_ros2_ws_new/yahboomcar_ws/install/yahboomcar_multi:/home/jetson/yahboomcar_ros2_ws_new/yahboomcar_ws/install/yahboomcar_mediapipe:/home/jetson/yahboomcar_ros2_ws_new/yahboomcar_ws/install/yahboomcar_linefollow:/home/jetson/yahboomcar_ros2_ws_new/yahboomcar_ws/install/yahboomcar_laser:/home/jetson/yahboomcar_ros2_ws_new/yahboomcar_ws/install/yahboomcar_description_x1:/home/jetson/yahboomcar_ros2_ws_new/yahboomcar_ws/install/yahboomcar_description:/home/jetson/yahboomcar_ros2_ws_new/yahboomcar_ws/install/yahboomcar_ctrl:/home/jetson/yahboomcar_ros2_ws_new/yahboomcar_ws/install/yahboomcar_bringup:/home/jetson/yahboomcar_ros2_ws_new/yahboomcar_ws/install/yahboomcar_astra:/home/jetson/yahboomcar_ros2_ws_new/yahboomcar_ws/install/yahboom_app_save_map:/home/jetson/yahboomcar_ros2_ws_new/yahboomcar_ws/install/laserscan_to_point_pulisher:/opt/ros/humble LD_LIBRARY_PATH=/home/jetson/yahboomcar_ros2_ws_new/yahboomcar_ws/install/yahboomcar_msgs/lib:/home/jetson/yahboomcar_ros2_ws_new/yahboomcar_ws/install/yahboom_web_savmap_interfaces/lib:/usr/local/lib:/home/jetson/yahboomcar_ros2_ws/software/ORB_SLAM2/lib:/home/jetson/yahboomcar_ros2_ws/software/ORB_SLAM2/Thirdparty/DBoW2/lib:/home/jetson/yahboomcar_ros2_ws/software/ORB_SLAM2/Thirdparty/g2o/lib:/home/jetson/yahboomcar_ws/install/yahboomcar_astra/usr/local/lib/yahboomcar_astra:/usr/local/lib:/usr/local/cuda-12.6/lib64:/usr/local/lib:/home/jetson/yahboomcar_ros2_ws/software/ORB_SLAM2/lib:/home/jetson/yahboomcar_ros2_ws/software/ORB_SLAM2/Thirdparty/DBoW2/lib:/home/jetson/yahboomcar_ros2_ws/software/ORB_SLAM2/Thirdparty/g2o/lib:/home/jetson/yahboomcar_ws/install/yahboomcar_astra/usr/local/lib/yahboomcar_astra:/home/jetson/yahboomcar_ws/install/yahboomcar_astra/lib:/home/jetson/yahboomcar_ws/install/yahboomcar_msgs/lib:/home/jetson/yahboomcar_ws/install/cv_bridge/lib:/home/jetson/yahboomcar_ros2_ws/software/library_ws/install/teb_local_planner/lib:/home/jetson/yahboomcar_ros2_ws/software/library_ws/install/teb_msgs/lib:/home/jetson/yahboomcar_ros2_ws/software/library_ws/install/robot_localization/lib:/home/jetson/yahboomcar_ros2_ws/software/library_ws/install/openslam_gmapping/lib:/home/jetson/yahboomcar_ros2_ws/software/library_ws/install/costmap_converter/lib:/home/jetson/yahboomcar_ros2_ws/software/library_ws/install/costmap_converter_msgs/lib:/home/jetson/yahboomcar_ros2_ws/software/library_ws/install/astra_camera/lib:/home/jetson/yahboomcar_ros2_ws/software/library_ws/install/astra_camera_msgs/lib:/opt/ros/humble/opt/rviz_ogre_vendor/lib:/opt/ros/humble/lib/aarch64-linux-gnu:/opt/ros/humble/lib:/usr/local/lib:/usr/local/cuda-12.6/lib64 PYTHONPATH=/home/jetson/yahboomcar_ros2_ws_new/yahboomcar_ws/build/yahboomcar_description:/home/jetson/yahboomcar_ros2_ws_new/yahboomcar_ws/install/yahboomcar_description/lib/python3.10/site-packages:/home/jetson/yahboomcar_ros2_ws_new/yahboomcar_ws/install/arm_mediapipe/local/lib/python3.10/dist-packages:/home/jetson/yahboomcar_ros2_ws_new/yahboomcar_ws/install/arm_color_transport/local/lib/python3.10/dist-packages:/home/jetson/yahboomcar_ros2_ws_new/yahboomcar_ws/build/yahboomcar_voice_ctrl:/home/jetson/yahboomcar_ros2_ws_new/yahboomcar_ws/install/yahboomcar_voice_ctrl/lib/python3.10/site-packages:/home/jetson/yahboomcar_ros2_ws_new/yahboomcar_ws/build/yahboomcar_visual:/home/jetson/yahboomcar_ros2_ws_new/yahboomcar_ws/install/yahboomcar_visual/lib/python3.10/site-packages:/home/jetson/yahboomcar_ros2_ws_new/yahboomcar_ws/build/yahboomcar_rviz:/home/jetson/yahboomcar_ros2_ws_new/yahboomcar_ws/install/yahboomcar_rviz/lib/python3.10/site-packages:/home/jetson/yahboomcar_ros2_ws_new/yahboomcar_ws/build/yahboomcar_nav:/home/jetson/yahboomcar_ros2_ws_new/yahboomcar_ws/install/yahboomcar_nav/lib/python3.10/site-packages:/home/jetson/yahboomcar_ros2_ws_new/yahboomcar_ws/build/yahboomcar_multi:/home/jetson/yahboomcar_ros2_ws_new/yahboomcar_ws/install/yahboomcar_multi/lib/python3.10/site-packages:/home/jetson/yahboomcar_ros2_ws_new/yahboomcar_ws/install/arm_autopilot/local/lib/python3.10/dist-packages:/home/jetson/yahboomcar_ros2_ws_new/yahboomcar_ws/install/yahboomcar_msgs/local/lib/python3.10/dist-packages:/home/jetson/yahboomcar_ros2_ws_new/yahboomcar_ws/build/yahboomcar_mediapipe:/home/jetson/yahboomcar_ros2_ws_new/yahboomcar_ws/install/yahboomcar_mediapipe/lib/python3.10/site-packages:/home/jetson/yahboomcar_ros2_ws_new/yahboomcar_ws/build/yahboomcar_linefollow:/home/jetson/yahboomcar_ros2_ws_new/yahboomcar_ws/install/yahboomcar_linefollow/lib/python3.10/site-packages:/home/jetson/yahboomcar_ros2_ws_new/yahboomcar_ws/build/yahboomcar_laser:/home/jetson/yahboomcar_ros2_ws_new/yahboomcar_ws/install/yahboomcar_laser/lib/python3.10/site-packages:/home/jetson/yahboomcar_ros2_ws_new/yahboomcar_ws/build/yahboomcar_description_x1:/home/jetson/yahboomcar_ros2_ws_new/yahboomcar_ws/install/yahboomcar_description_x1/lib/python3.10/site-packages:/home/jetson/yahboomcar_ros2_ws_new/yahboomcar_ws/build/yahboomcar_ctrl:/home/jetson/yahboomcar_ros2_ws_new/yahboomcar_ws/install/yahboomcar_ctrl/lib/python3.10/site-packages:/home/jetson/yahboomcar_ros2_ws_new/yahboomcar_ws/build/yahboomcar_bringup:/home/jetson/yahboomcar_ros2_ws_new/yahboomcar_ws/install/yahboomcar_bringup/lib/python3.10/site-packages:/home/jetson/yahboomcar_ros2_ws_new/yahboomcar_ws/build/yahboomcar_astra:/home/jetson/yahboomcar_ros2_ws_new/yahboomcar_ws/install/yahboomcar_astra/lib/python3.10/site-packages:/home/jetson/yahboomcar_ros2_ws_new/yahboomcar_ws/install/yahboom_web_savmap_interfaces/local/lib/python3.10/dist-packages:/home/jetson/yahboomcar_ros2_ws_new/yahboomcar_ws/build/yahboom_app_save_map:/home/jetson/yahboomcar_ros2_ws_new/yahboomcar_ws/install/yahboom_app_save_map/lib/python3.10/site-packages:/home/jetson/yahboomcar_ros2_ws_new/yahboomcar_ws/build/laserscan_to_point_pulisher:/home/jetson/yahboomcar_ros2_ws_new/yahboomcar_ws/install/laserscan_to_point_pulisher/lib/python3.10/site-packages:/usr/local/lib/python3.10/site-packages/:/home/jetson/yahboomcar_ws/install/yahboomcar_msgs/local/lib/python3.10/dist-packages:/home/jetson/yahboomcar_ws/install/cv_bridge/local/lib/python3.10/dist-packages:/home/jetson/yahboomcar_ros2_ws/software/library_ws/install/teb_msgs/local/lib/python3.10/dist-packages:/home/jetson/yahboomcar_ros2_ws/software/library_ws/install/robot_localization/local/lib/python3.10/dist-packages:/home/jetson/yahboomcar_ros2_ws/software/library_ws/install/costmap_converter_msgs/local/lib/python3.10/dist-packages:/home/jetson/yahboomcar_ros2_ws/software/library_ws/install/astra_camera_msgs/local/lib/python3.10/dist-packages:/opt/ros/humble/lib/python3.10/site-packages:/opt/ros/humble/local/lib/python3.10/dist-packages:/usr/local/lib/python3.10/site-packages/ /usr/bin/cmake /home/jetson/yahboomcar_ros2_ws_new/yahboomcar_ws/src/arm_moveit_demo -DAMENT_CMAKE_SYMLINK_INSTALL=1 -DCMAKE_INSTALL_PREFIX=/home/jetson/yahboomcar_ros2_ws_new/yahboomcar_ws/install/arm_moveit_demo
[6.548s] colcon.colcon_core.event_handler.log_command DEBUG Invoked command in '/home/jetson/yahboomcar_ros2_ws_new/yahboomcar_ws/build/arm_moveit_demo' returned '0': AMENT_PREFIX_PATH=/home/jetson/yahboomcar_ros2_ws_new/yahboomcar_ws/install/x3plus_moveit_config:/home/jetson/yahboomcar_ros2_ws_new/yahboomcar_ws/install/yahboomcar_description:/home/jetson/yahboomcar_ros2_ws_new/yahboomcar_ws/install/arm_mediapipe:/home/jetson/yahboomcar_ros2_ws_new/yahboomcar_ws/install/arm_color_transport:/home/jetson/yahboomcar_ros2_ws_new/yahboomcar_ws/install/yahboomcar_voice_ctrl:/home/jetson/yahboomcar_ros2_ws_new/yahboomcar_ws/install/yahboomcar_visual:/home/jetson/yahboomcar_ros2_ws_new/yahboomcar_ws/install/yahboomcar_slam:/home/jetson/yahboomcar_ros2_ws_new/yahboomcar_ws/install/yahboomcar_rviz:/home/jetson/yahboomcar_ros2_ws_new/yahboomcar_ws/install/yahboomcar_point:/home/jetson/yahboomcar_ros2_ws_new/yahboomcar_ws/install/yahboomcar_nav:/home/jetson/yahboomcar_ros2_ws_new/yahboomcar_ws/install/yahboomcar_multi:/home/jetson/yahboomcar_ros2_ws_new/yahboomcar_ws/install/arm_autopilot:/home/jetson/yahboomcar_ros2_ws_new/yahboomcar_ws/install/yahboomcar_msgs:/home/jetson/yahboomcar_ros2_ws_new/yahboomcar_ws/install/yahboomcar_mediapipe:/home/jetson/yahboomcar_ros2_ws_new/yahboomcar_ws/install/yahboomcar_linefollow:/home/jetson/yahboomcar_ros2_ws_new/yahboomcar_ws/install/yahboomcar_laser:/home/jetson/yahboomcar_ros2_ws_new/yahboomcar_ws/install/yahboomcar_description_x1:/home/jetson/yahboomcar_ros2_ws_new/yahboomcar_ws/install/yahboomcar_ctrl:/home/jetson/yahboomcar_ros2_ws_new/yahboomcar_ws/install/yahboomcar_bringup:/home/jetson/yahboomcar_ros2_ws_new/yahboomcar_ws/install/yahboomcar_base_node:/home/jetson/yahboomcar_ros2_ws_new/yahboomcar_ws/install/yahboomcar_astra:/home/jetson/yahboomcar_ros2_ws_new/yahboomcar_ws/install/yahboomcar_KCFTracker:/home/jetson/yahboomcar_ros2_ws_new/yahboomcar_ws/install/yahboom_web_savmap_interfaces:/home/jetson/yahboomcar_ros2_ws_new/yahboomcar_ws/install/yahboom_app_save_map:/home/jetson/yahboomcar_ros2_ws_new/yahboomcar_ws/install/robot_pose_publisher_ros2:/home/jetson/yahboomcar_ros2_ws_new/yahboomcar_ws/install/laserscan_to_point_pulisher:/home/jetson/yahboomcar_ws/install/yahboomcar_voice_ctrl:/home/jetson/yahboomcar_ws/install/yahboomcar_slam:/home/jetson/yahboomcar_ws/install/yahboomcar_nav:/home/jetson/yahboomcar_ws/install/yahboomcar_astra:/home/jetson/yahboomcar_ws/install/yahboomcar_ctrl:/home/jetson/yahboomcar_ws/install/yahboomcar_bringup:/home/jetson/yahboomcar_ws/install/yahboomcar_msgs:/home/jetson/yahboomcar_ws/install/yahboomcar_linefollw:/home/jetson/yahboomcar_ws/install/yahboomcar_laser:/home/jetson/yahboomcar_ws/install/yahboomcar_description:/home/jetson/yahboomcar_ws/install/ros2_orbslam:/home/jetson/yahboomcar_ws/install/cv_bridge:/home/jetson/yahboomcar_ros2_ws/software/library_ws/install/ydlidar_ros2_driver:/home/jetson/yahboomcar_ros2_ws/software/library_ws/install/web_video_server:/home/jetson/yahboomcar_ros2_ws/software/library_ws/install/teb_local_planner:/home/jetson/yahboomcar_ros2_ws/software/library_ws/install/teb_msgs:/home/jetson/yahboomcar_ros2_ws/software/library_ws/install/sllidar_ros2:/home/jetson/yahboomcar_ros2_ws/software/library_ws/install/slam_gmapping:/home/jetson/yahboomcar_ros2_ws/software/library_ws/install/robot_localization:/home/jetson/yahboomcar_ros2_ws/software/library_ws/install/openslam_gmapping:/home/jetson/yahboomcar_ros2_ws/software/library_ws/install/costmap_converter:/home/jetson/yahboomcar_ros2_ws/software/library_ws/install/costmap_converter_msgs:/home/jetson/yahboomcar_ros2_ws/software/library_ws/install/astra_camera:/home/jetson/yahboomcar_ros2_ws/software/library_ws/install/astra_camera_msgs:/opt/ros/humble CMAKE_PREFIX_PATH=/home/jetson/yahboomcar_ros2_ws_new/yahboomcar_ws/install/x3plus_moveit_config:/home/jetson/yahboomcar_ros2_ws_new/yahboomcar_ws/install/yahboomcar_msgs:/home/jetson/yahboomcar_ros2_ws_new/yahboomcar_ws/install/arm_mediapipe:/home/jetson/yahboomcar_ros2_ws_new/yahboomcar_ws/install/arm_color_transport:/home/jetson/yahboomcar_ros2_ws_new/yahboomcar_ws/install/yahboomcar_slam:/home/jetson/yahboomcar_ros2_ws_new/yahboomcar_ws/install/yahboomcar_point:/home/jetson/yahboomcar_ros2_ws_new/yahboomcar_ws/install/arm_autopilot:/home/jetson/yahboomcar_ros2_ws_new/yahboomcar_ws/install/yahboomcar_base_node:/home/jetson/yahboomcar_ros2_ws_new/yahboomcar_ws/install/yahboomcar_KCFTracker:/home/jetson/yahboomcar_ros2_ws_new/yahboomcar_ws/install/yahboom_web_savmap_interfaces:/home/jetson/yahboomcar_ros2_ws_new/yahboomcar_ws/install/robot_pose_publisher_ros2:/home/jetson/yahboomcar_ws/install/yahboomcar_voice_ctrl:/home/jetson/yahboomcar_ws/install/yahboomcar_slam:/home/jetson/yahboomcar_ws/install/yahboomcar_nav:/home/jetson/yahboomcar_ws/install/yahboomcar_astra:/home/jetson/yahboomcar_ws/install/yahboomcar_ctrl:/home/jetson/yahboomcar_ws/install/yahboomcar_bringup:/home/jetson/yahboomcar_ws/install/yahboomcar_msgs:/home/jetson/yahboomcar_ws/install/yahboomcar_linefollw:/home/jetson/yahboomcar_ws/install/yahboomcar_laser:/home/jetson/yahboomcar_ws/install/yahboomcar_description:/home/jetson/yahboomcar_ws/install/ros2_orbslam:/home/jetson/yahboomcar_ws/install/cv_bridge:/home/jetson/yahboomcar_ros2_ws/software/library_ws/install/ydlidar_ros2_driver:/home/jetson/yahboomcar_ros2_ws/software/library_ws/install/web_video_server:/home/jetson/yahboomcar_ros2_ws/software/library_ws/install/teb_local_planner:/home/jetson/yahboomcar_ros2_ws/software/library_ws/install/teb_msgs:/home/jetson/yahboomcar_ros2_ws/software/library_ws/install/sllidar_ros2:/home/jetson/yahboomcar_ros2_ws/software/library_ws/install/slam_gmapping:/home/jetson/yahboomcar_ros2_ws/software/library_ws/install/robot_localization:/home/jetson/yahboomcar_ros2_ws/software/library_ws/install/openslam_gmapping:/home/jetson/yahboomcar_ros2_ws/software/library_ws/install/costmap_converter:/home/jetson/yahboomcar_ros2_ws/software/library_ws/install/costmap_converter_msgs:/home/jetson/yahboomcar_ros2_ws/software/library_ws/install/astra_camera:/home/jetson/yahboomcar_ros2_ws/software/library_ws/install/astra_camera_msgs:/home/jetson/yahboomcar_ros2_ws_new/yahboomcar_ws/install/yahboomcar_voice_ctrl:/home/jetson/yahboomcar_ros2_ws_new/yahboomcar_ws/install/yahboomcar_visual:/home/jetson/yahboomcar_ros2_ws_new/yahboomcar_ws/install/yahboomcar_rviz:/home/jetson/yahboomcar_ros2_ws_new/yahboomcar_ws/install/yahboomcar_nav:/home/jetson/yahboomcar_ros2_ws_new/yahboomcar_ws/install/yahboomcar_multi:/home/jetson/yahboomcar_ros2_ws_new/yahboomcar_ws/install/yahboomcar_mediapipe:/home/jetson/yahboomcar_ros2_ws_new/yahboomcar_ws/install/yahboomcar_linefollow:/home/jetson/yahboomcar_ros2_ws_new/yahboomcar_ws/install/yahboomcar_laser:/home/jetson/yahboomcar_ros2_ws_new/yahboomcar_ws/install/yahboomcar_description_x1:/home/jetson/yahboomcar_ros2_ws_new/yahboomcar_ws/install/yahboomcar_description:/home/jetson/yahboomcar_ros2_ws_new/yahboomcar_ws/install/yahboomcar_ctrl:/home/jetson/yahboomcar_ros2_ws_new/yahboomcar_ws/install/yahboomcar_bringup:/home/jetson/yahboomcar_ros2_ws_new/yahboomcar_ws/install/yahboomcar_astra:/home/jetson/yahboomcar_ros2_ws_new/yahboomcar_ws/install/yahboom_app_save_map:/home/jetson/yahboomcar_ros2_ws_new/yahboomcar_ws/install/laserscan_to_point_pulisher:/opt/ros/humble LD_LIBRARY_PATH=/home/jetson/yahboomcar_ros2_ws_new/yahboomcar_ws/install/yahboomcar_msgs/lib:/home/jetson/yahboomcar_ros2_ws_new/yahboomcar_ws/install/yahboom_web_savmap_interfaces/lib:/usr/local/lib:/home/jetson/yahboomcar_ros2_ws/software/ORB_SLAM2/lib:/home/jetson/yahboomcar_ros2_ws/software/ORB_SLAM2/Thirdparty/DBoW2/lib:/home/jetson/yahboomcar_ros2_ws/software/ORB_SLAM2/Thirdparty/g2o/lib:/home/jetson/yahboomcar_ws/install/yahboomcar_astra/usr/local/lib/yahboomcar_astra:/usr/local/lib:/usr/local/cuda-12.6/lib64:/usr/local/lib:/home/jetson/yahboomcar_ros2_ws/software/ORB_SLAM2/lib:/home/jetson/yahboomcar_ros2_ws/software/ORB_SLAM2/Thirdparty/DBoW2/lib:/home/jetson/yahboomcar_ros2_ws/software/ORB_SLAM2/Thirdparty/g2o/lib:/home/jetson/yahboomcar_ws/install/yahboomcar_astra/usr/local/lib/yahboomcar_astra:/home/jetson/yahboomcar_ws/install/yahboomcar_astra/lib:/home/jetson/yahboomcar_ws/install/yahboomcar_msgs/lib:/home/jetson/yahboomcar_ws/install/cv_bridge/lib:/home/jetson/yahboomcar_ros2_ws/software/library_ws/install/teb_local_planner/lib:/home/jetson/yahboomcar_ros2_ws/software/library_ws/install/teb_msgs/lib:/home/jetson/yahboomcar_ros2_ws/software/library_ws/install/robot_localization/lib:/home/jetson/yahboomcar_ros2_ws/software/library_ws/install/openslam_gmapping/lib:/home/jetson/yahboomcar_ros2_ws/software/library_ws/install/costmap_converter/lib:/home/jetson/yahboomcar_ros2_ws/software/library_ws/install/costmap_converter_msgs/lib:/home/jetson/yahboomcar_ros2_ws/software/library_ws/install/astra_camera/lib:/home/jetson/yahboomcar_ros2_ws/software/library_ws/install/astra_camera_msgs/lib:/opt/ros/humble/opt/rviz_ogre_vendor/lib:/opt/ros/humble/lib/aarch64-linux-gnu:/opt/ros/humble/lib:/usr/local/lib:/usr/local/cuda-12.6/lib64 PYTHONPATH=/home/jetson/yahboomcar_ros2_ws_new/yahboomcar_ws/build/yahboomcar_description:/home/jetson/yahboomcar_ros2_ws_new/yahboomcar_ws/install/yahboomcar_description/lib/python3.10/site-packages:/home/jetson/yahboomcar_ros2_ws_new/yahboomcar_ws/install/arm_mediapipe/local/lib/python3.10/dist-packages:/home/jetson/yahboomcar_ros2_ws_new/yahboomcar_ws/install/arm_color_transport/local/lib/python3.10/dist-packages:/home/jetson/yahboomcar_ros2_ws_new/yahboomcar_ws/build/yahboomcar_voice_ctrl:/home/jetson/yahboomcar_ros2_ws_new/yahboomcar_ws/install/yahboomcar_voice_ctrl/lib/python3.10/site-packages:/home/jetson/yahboomcar_ros2_ws_new/yahboomcar_ws/build/yahboomcar_visual:/home/jetson/yahboomcar_ros2_ws_new/yahboomcar_ws/install/yahboomcar_visual/lib/python3.10/site-packages:/home/jetson/yahboomcar_ros2_ws_new/yahboomcar_ws/build/yahboomcar_rviz:/home/jetson/yahboomcar_ros2_ws_new/yahboomcar_ws/install/yahboomcar_rviz/lib/python3.10/site-packages:/home/jetson/yahboomcar_ros2_ws_new/yahboomcar_ws/build/yahboomcar_nav:/home/jetson/yahboomcar_ros2_ws_new/yahboomcar_ws/install/yahboomcar_nav/lib/python3.10/site-packages:/home/jetson/yahboomcar_ros2_ws_new/yahboomcar_ws/build/yahboomcar_multi:/home/jetson/yahboomcar_ros2_ws_new/yahboomcar_ws/install/yahboomcar_multi/lib/python3.10/site-packages:/home/jetson/yahboomcar_ros2_ws_new/yahboomcar_ws/install/arm_autopilot/local/lib/python3.10/dist-packages:/home/jetson/yahboomcar_ros2_ws_new/yahboomcar_ws/install/yahboomcar_msgs/local/lib/python3.10/dist-packages:/home/jetson/yahboomcar_ros2_ws_new/yahboomcar_ws/build/yahboomcar_mediapipe:/home/jetson/yahboomcar_ros2_ws_new/yahboomcar_ws/install/yahboomcar_mediapipe/lib/python3.10/site-packages:/home/jetson/yahboomcar_ros2_ws_new/yahboomcar_ws/build/yahboomcar_linefollow:/home/jetson/yahboomcar_ros2_ws_new/yahboomcar_ws/install/yahboomcar_linefollow/lib/python3.10/site-packages:/home/jetson/yahboomcar_ros2_ws_new/yahboomcar_ws/build/yahboomcar_laser:/home/jetson/yahboomcar_ros2_ws_new/yahboomcar_ws/install/yahboomcar_laser/lib/python3.10/site-packages:/home/jetson/yahboomcar_ros2_ws_new/yahboomcar_ws/build/yahboomcar_description_x1:/home/jetson/yahboomcar_ros2_ws_new/yahboomcar_ws/install/yahboomcar_description_x1/lib/python3.10/site-packages:/home/jetson/yahboomcar_ros2_ws_new/yahboomcar_ws/build/yahboomcar_ctrl:/home/jetson/yahboomcar_ros2_ws_new/yahboomcar_ws/install/yahboomcar_ctrl/lib/python3.10/site-packages:/home/jetson/yahboomcar_ros2_ws_new/yahboomcar_ws/build/yahboomcar_bringup:/home/jetson/yahboomcar_ros2_ws_new/yahboomcar_ws/install/yahboomcar_bringup/lib/python3.10/site-packages:/home/jetson/yahboomcar_ros2_ws_new/yahboomcar_ws/build/yahboomcar_astra:/home/jetson/yahboomcar_ros2_ws_new/yahboomcar_ws/install/yahboomcar_astra/lib/python3.10/site-packages:/home/jetson/yahboomcar_ros2_ws_new/yahboomcar_ws/install/yahboom_web_savmap_interfaces/local/lib/python3.10/dist-packages:/home/jetson/yahboomcar_ros2_ws_new/yahboomcar_ws/build/yahboom_app_save_map:/home/jetson/yahboomcar_ros2_ws_new/yahboomcar_ws/install/yahboom_app_save_map/lib/python3.10/site-packages:/home/jetson/yahboomcar_ros2_ws_new/yahboomcar_ws/build/laserscan_to_point_pulisher:/home/jetson/yahboomcar_ros2_ws_new/yahboomcar_ws/install/laserscan_to_point_pulisher/lib/python3.10/site-packages:/usr/local/lib/python3.10/site-packages/:/home/jetson/yahboomcar_ws/install/yahboomcar_msgs/local/lib/python3.10/dist-packages:/home/jetson/yahboomcar_ws/install/cv_bridge/local/lib/python3.10/dist-packages:/home/jetson/yahboomcar_ros2_ws/software/library_ws/install/teb_msgs/local/lib/python3.10/dist-packages:/home/jetson/yahboomcar_ros2_ws/software/library_ws/install/robot_localization/local/lib/python3.10/dist-packages:/home/jetson/yahboomcar_ros2_ws/software/library_ws/install/costmap_converter_msgs/local/lib/python3.10/dist-packages:/home/jetson/yahboomcar_ros2_ws/software/library_ws/install/astra_camera_msgs/local/lib/python3.10/dist-packages:/opt/ros/humble/lib/python3.10/site-packages:/opt/ros/humble/local/lib/python3.10/dist-packages:/usr/local/lib/python3.10/site-packages/ /usr/bin/cmake /home/jetson/yahboomcar_ros2_ws_new/yahboomcar_ws/src/arm_moveit_demo -DAMENT_CMAKE_SYMLINK_INSTALL=1 -DCMAKE_INSTALL_PREFIX=/home/jetson/yahboomcar_ros2_ws_new/yahboomcar_ws/install/arm_moveit_demo
[6.553s] colcon.colcon_core.event_handler.log_command DEBUG Invoking command in '/home/jetson/yahboomcar_ros2_ws_new/yahboomcar_ws/build/arm_moveit_demo': AMENT_PREFIX_PATH=/home/jetson/yahboomcar_ros2_ws_new/yahboomcar_ws/install/x3plus_moveit_config:/home/jetson/yahboomcar_ros2_ws_new/yahboomcar_ws/install/yahboomcar_description:/home/jetson/yahboomcar_ros2_ws_new/yahboomcar_ws/install/arm_mediapipe:/home/jetson/yahboomcar_ros2_ws_new/yahboomcar_ws/install/arm_color_transport:/home/jetson/yahboomcar_ros2_ws_new/yahboomcar_ws/install/yahboomcar_voice_ctrl:/home/jetson/yahboomcar_ros2_ws_new/yahboomcar_ws/install/yahboomcar_visual:/home/jetson/yahboomcar_ros2_ws_new/yahboomcar_ws/install/yahboomcar_slam:/home/jetson/yahboomcar_ros2_ws_new/yahboomcar_ws/install/yahboomcar_rviz:/home/jetson/yahboomcar_ros2_ws_new/yahboomcar_ws/install/yahboomcar_point:/home/jetson/yahboomcar_ros2_ws_new/yahboomcar_ws/install/yahboomcar_nav:/home/jetson/yahboomcar_ros2_ws_new/yahboomcar_ws/install/yahboomcar_multi:/home/jetson/yahboomcar_ros2_ws_new/yahboomcar_ws/install/arm_autopilot:/home/jetson/yahboomcar_ros2_ws_new/yahboomcar_ws/install/yahboomcar_msgs:/home/jetson/yahboomcar_ros2_ws_new/yahboomcar_ws/install/yahboomcar_mediapipe:/home/jetson/yahboomcar_ros2_ws_new/yahboomcar_ws/install/yahboomcar_linefollow:/home/jetson/yahboomcar_ros2_ws_new/yahboomcar_ws/install/yahboomcar_laser:/home/jetson/yahboomcar_ros2_ws_new/yahboomcar_ws/install/yahboomcar_description_x1:/home/jetson/yahboomcar_ros2_ws_new/yahboomcar_ws/install/yahboomcar_ctrl:/home/jetson/yahboomcar_ros2_ws_new/yahboomcar_ws/install/yahboomcar_bringup:/home/jetson/yahboomcar_ros2_ws_new/yahboomcar_ws/install/yahboomcar_base_node:/home/jetson/yahboomcar_ros2_ws_new/yahboomcar_ws/install/yahboomcar_astra:/home/jetson/yahboomcar_ros2_ws_new/yahboomcar_ws/install/yahboomcar_KCFTracker:/home/jetson/yahboomcar_ros2_ws_new/yahboomcar_ws/install/yahboom_web_savmap_interfaces:/home/jetson/yahboomcar_ros2_ws_new/yahboomcar_ws/install/yahboom_app_save_map:/home/jetson/yahboomcar_ros2_ws_new/yahboomcar_ws/install/robot_pose_publisher_ros2:/home/jetson/yahboomcar_ros2_ws_new/yahboomcar_ws/install/laserscan_to_point_pulisher:/home/jetson/yahboomcar_ws/install/yahboomcar_voice_ctrl:/home/jetson/yahboomcar_ws/install/yahboomcar_slam:/home/jetson/yahboomcar_ws/install/yahboomcar_nav:/home/jetson/yahboomcar_ws/install/yahboomcar_astra:/home/jetson/yahboomcar_ws/install/yahboomcar_ctrl:/home/jetson/yahboomcar_ws/install/yahboomcar_bringup:/home/jetson/yahboomcar_ws/install/yahboomcar_msgs:/home/jetson/yahboomcar_ws/install/yahboomcar_linefollw:/home/jetson/yahboomcar_ws/install/yahboomcar_laser:/home/jetson/yahboomcar_ws/install/yahboomcar_description:/home/jetson/yahboomcar_ws/install/ros2_orbslam:/home/jetson/yahboomcar_ws/install/cv_bridge:/home/jetson/yahboomcar_ros2_ws/software/library_ws/install/ydlidar_ros2_driver:/home/jetson/yahboomcar_ros2_ws/software/library_ws/install/web_video_server:/home/jetson/yahboomcar_ros2_ws/software/library_ws/install/teb_local_planner:/home/jetson/yahboomcar_ros2_ws/software/library_ws/install/teb_msgs:/home/jetson/yahboomcar_ros2_ws/software/library_ws/install/sllidar_ros2:/home/jetson/yahboomcar_ros2_ws/software/library_ws/install/slam_gmapping:/home/jetson/yahboomcar_ros2_ws/software/library_ws/install/robot_localization:/home/jetson/yahboomcar_ros2_ws/software/library_ws/install/openslam_gmapping:/home/jetson/yahboomcar_ros2_ws/software/library_ws/install/costmap_converter:/home/jetson/yahboomcar_ros2_ws/software/library_ws/install/costmap_converter_msgs:/home/jetson/yahboomcar_ros2_ws/software/library_ws/install/astra_camera:/home/jetson/yahboomcar_ros2_ws/software/library_ws/install/astra_camera_msgs:/opt/ros/humble CMAKE_PREFIX_PATH=/home/jetson/yahboomcar_ros2_ws_new/yahboomcar_ws/install/x3plus_moveit_config:/home/jetson/yahboomcar_ros2_ws_new/yahboomcar_ws/install/yahboomcar_msgs:/home/jetson/yahboomcar_ros2_ws_new/yahboomcar_ws/install/arm_mediapipe:/home/jetson/yahboomcar_ros2_ws_new/yahboomcar_ws/install/arm_color_transport:/home/jetson/yahboomcar_ros2_ws_new/yahboomcar_ws/install/yahboomcar_slam:/home/jetson/yahboomcar_ros2_ws_new/yahboomcar_ws/install/yahboomcar_point:/home/jetson/yahboomcar_ros2_ws_new/yahboomcar_ws/install/arm_autopilot:/home/jetson/yahboomcar_ros2_ws_new/yahboomcar_ws/install/yahboomcar_base_node:/home/jetson/yahboomcar_ros2_ws_new/yahboomcar_ws/install/yahboomcar_KCFTracker:/home/jetson/yahboomcar_ros2_ws_new/yahboomcar_ws/install/yahboom_web_savmap_interfaces:/home/jetson/yahboomcar_ros2_ws_new/yahboomcar_ws/install/robot_pose_publisher_ros2:/home/jetson/yahboomcar_ws/install/yahboomcar_voice_ctrl:/home/jetson/yahboomcar_ws/install/yahboomcar_slam:/home/jetson/yahboomcar_ws/install/yahboomcar_nav:/home/jetson/yahboomcar_ws/install/yahboomcar_astra:/home/jetson/yahboomcar_ws/install/yahboomcar_ctrl:/home/jetson/yahboomcar_ws/install/yahboomcar_bringup:/home/jetson/yahboomcar_ws/install/yahboomcar_msgs:/home/jetson/yahboomcar_ws/install/yahboomcar_linefollw:/home/jetson/yahboomcar_ws/install/yahboomcar_laser:/home/jetson/yahboomcar_ws/install/yahboomcar_description:/home/jetson/yahboomcar_ws/install/ros2_orbslam:/home/jetson/yahboomcar_ws/install/cv_bridge:/home/jetson/yahboomcar_ros2_ws/software/library_ws/install/ydlidar_ros2_driver:/home/jetson/yahboomcar_ros2_ws/software/library_ws/install/web_video_server:/home/jetson/yahboomcar_ros2_ws/software/library_ws/install/teb_local_planner:/home/jetson/yahboomcar_ros2_ws/software/library_ws/install/teb_msgs:/home/jetson/yahboomcar_ros2_ws/software/library_ws/install/sllidar_ros2:/home/jetson/yahboomcar_ros2_ws/software/library_ws/install/slam_gmapping:/home/jetson/yahboomcar_ros2_ws/software/library_ws/install/robot_localization:/home/jetson/yahboomcar_ros2_ws/software/library_ws/install/openslam_gmapping:/home/jetson/yahboomcar_ros2_ws/software/library_ws/install/costmap_converter:/home/jetson/yahboomcar_ros2_ws/software/library_ws/install/costmap_converter_msgs:/home/jetson/yahboomcar_ros2_ws/software/library_ws/install/astra_camera:/home/jetson/yahboomcar_ros2_ws/software/library_ws/install/astra_camera_msgs:/home/jetson/yahboomcar_ros2_ws_new/yahboomcar_ws/install/yahboomcar_voice_ctrl:/home/jetson/yahboomcar_ros2_ws_new/yahboomcar_ws/install/yahboomcar_visual:/home/jetson/yahboomcar_ros2_ws_new/yahboomcar_ws/install/yahboomcar_rviz:/home/jetson/yahboomcar_ros2_ws_new/yahboomcar_ws/install/yahboomcar_nav:/home/jetson/yahboomcar_ros2_ws_new/yahboomcar_ws/install/yahboomcar_multi:/home/jetson/yahboomcar_ros2_ws_new/yahboomcar_ws/install/yahboomcar_mediapipe:/home/jetson/yahboomcar_ros2_ws_new/yahboomcar_ws/install/yahboomcar_linefollow:/home/jetson/yahboomcar_ros2_ws_new/yahboomcar_ws/install/yahboomcar_laser:/home/jetson/yahboomcar_ros2_ws_new/yahboomcar_ws/install/yahboomcar_description_x1:/home/jetson/yahboomcar_ros2_ws_new/yahboomcar_ws/install/yahboomcar_description:/home/jetson/yahboomcar_ros2_ws_new/yahboomcar_ws/install/yahboomcar_ctrl:/home/jetson/yahboomcar_ros2_ws_new/yahboomcar_ws/install/yahboomcar_bringup:/home/jetson/yahboomcar_ros2_ws_new/yahboomcar_ws/install/yahboomcar_astra:/home/jetson/yahboomcar_ros2_ws_new/yahboomcar_ws/install/yahboom_app_save_map:/home/jetson/yahboomcar_ros2_ws_new/yahboomcar_ws/install/laserscan_to_point_pulisher:/opt/ros/humble LD_LIBRARY_PATH=/home/jetson/yahboomcar_ros2_ws_new/yahboomcar_ws/install/yahboomcar_msgs/lib:/home/jetson/yahboomcar_ros2_ws_new/yahboomcar_ws/install/yahboom_web_savmap_interfaces/lib:/usr/local/lib:/home/jetson/yahboomcar_ros2_ws/software/ORB_SLAM2/lib:/home/jetson/yahboomcar_ros2_ws/software/ORB_SLAM2/Thirdparty/DBoW2/lib:/home/jetson/yahboomcar_ros2_ws/software/ORB_SLAM2/Thirdparty/g2o/lib:/home/jetson/yahboomcar_ws/install/yahboomcar_astra/usr/local/lib/yahboomcar_astra:/usr/local/lib:/usr/local/cuda-12.6/lib64:/usr/local/lib:/home/jetson/yahboomcar_ros2_ws/software/ORB_SLAM2/lib:/home/jetson/yahboomcar_ros2_ws/software/ORB_SLAM2/Thirdparty/DBoW2/lib:/home/jetson/yahboomcar_ros2_ws/software/ORB_SLAM2/Thirdparty/g2o/lib:/home/jetson/yahboomcar_ws/install/yahboomcar_astra/usr/local/lib/yahboomcar_astra:/home/jetson/yahboomcar_ws/install/yahboomcar_astra/lib:/home/jetson/yahboomcar_ws/install/yahboomcar_msgs/lib:/home/jetson/yahboomcar_ws/install/cv_bridge/lib:/home/jetson/yahboomcar_ros2_ws/software/library_ws/install/teb_local_planner/lib:/home/jetson/yahboomcar_ros2_ws/software/library_ws/install/teb_msgs/lib:/home/jetson/yahboomcar_ros2_ws/software/library_ws/install/robot_localization/lib:/home/jetson/yahboomcar_ros2_ws/software/library_ws/install/openslam_gmapping/lib:/home/jetson/yahboomcar_ros2_ws/software/library_ws/install/costmap_converter/lib:/home/jetson/yahboomcar_ros2_ws/software/library_ws/install/costmap_converter_msgs/lib:/home/jetson/yahboomcar_ros2_ws/software/library_ws/install/astra_camera/lib:/home/jetson/yahboomcar_ros2_ws/software/library_ws/install/astra_camera_msgs/lib:/opt/ros/humble/opt/rviz_ogre_vendor/lib:/opt/ros/humble/lib/aarch64-linux-gnu:/opt/ros/humble/lib:/usr/local/lib:/usr/local/cuda-12.6/lib64 PYTHONPATH=/home/jetson/yahboomcar_ros2_ws_new/yahboomcar_ws/build/yahboomcar_description:/home/jetson/yahboomcar_ros2_ws_new/yahboomcar_ws/install/yahboomcar_description/lib/python3.10/site-packages:/home/jetson/yahboomcar_ros2_ws_new/yahboomcar_ws/install/arm_mediapipe/local/lib/python3.10/dist-packages:/home/jetson/yahboomcar_ros2_ws_new/yahboomcar_ws/install/arm_color_transport/local/lib/python3.10/dist-packages:/home/jetson/yahboomcar_ros2_ws_new/yahboomcar_ws/build/yahboomcar_voice_ctrl:/home/jetson/yahboomcar_ros2_ws_new/yahboomcar_ws/install/yahboomcar_voice_ctrl/lib/python3.10/site-packages:/home/jetson/yahboomcar_ros2_ws_new/yahboomcar_ws/build/yahboomcar_visual:/home/jetson/yahboomcar_ros2_ws_new/yahboomcar_ws/install/yahboomcar_visual/lib/python3.10/site-packages:/home/jetson/yahboomcar_ros2_ws_new/yahboomcar_ws/build/yahboomcar_rviz:/home/jetson/yahboomcar_ros2_ws_new/yahboomcar_ws/install/yahboomcar_rviz/lib/python3.10/site-packages:/home/jetson/yahboomcar_ros2_ws_new/yahboomcar_ws/build/yahboomcar_nav:/home/jetson/yahboomcar_ros2_ws_new/yahboomcar_ws/install/yahboomcar_nav/lib/python3.10/site-packages:/home/jetson/yahboomcar_ros2_ws_new/yahboomcar_ws/build/yahboomcar_multi:/home/jetson/yahboomcar_ros2_ws_new/yahboomcar_ws/install/yahboomcar_multi/lib/python3.10/site-packages:/home/jetson/yahboomcar_ros2_ws_new/yahboomcar_ws/install/arm_autopilot/local/lib/python3.10/dist-packages:/home/jetson/yahboomcar_ros2_ws_new/yahboomcar_ws/install/yahboomcar_msgs/local/lib/python3.10/dist-packages:/home/jetson/yahboomcar_ros2_ws_new/yahboomcar_ws/build/yahboomcar_mediapipe:/home/jetson/yahboomcar_ros2_ws_new/yahboomcar_ws/install/yahboomcar_mediapipe/lib/python3.10/site-packages:/home/jetson/yahboomcar_ros2_ws_new/yahboomcar_ws/build/yahboomcar_linefollow:/home/jetson/yahboomcar_ros2_ws_new/yahboomcar_ws/install/yahboomcar_linefollow/lib/python3.10/site-packages:/home/jetson/yahboomcar_ros2_ws_new/yahboomcar_ws/build/yahboomcar_laser:/home/jetson/yahboomcar_ros2_ws_new/yahboomcar_ws/install/yahboomcar_laser/lib/python3.10/site-packages:/home/jetson/yahboomcar_ros2_ws_new/yahboomcar_ws/build/yahboomcar_description_x1:/home/jetson/yahboomcar_ros2_ws_new/yahboomcar_ws/install/yahboomcar_description_x1/lib/python3.10/site-packages:/home/jetson/yahboomcar_ros2_ws_new/yahboomcar_ws/build/yahboomcar_ctrl:/home/jetson/yahboomcar_ros2_ws_new/yahboomcar_ws/install/yahboomcar_ctrl/lib/python3.10/site-packages:/home/jetson/yahboomcar_ros2_ws_new/yahboomcar_ws/build/yahboomcar_bringup:/home/jetson/yahboomcar_ros2_ws_new/yahboomcar_ws/install/yahboomcar_bringup/lib/python3.10/site-packages:/home/jetson/yahboomcar_ros2_ws_new/yahboomcar_ws/build/yahboomcar_astra:/home/jetson/yahboomcar_ros2_ws_new/yahboomcar_ws/install/yahboomcar_astra/lib/python3.10/site-packages:/home/jetson/yahboomcar_ros2_ws_new/yahboomcar_ws/install/yahboom_web_savmap_interfaces/local/lib/python3.10/dist-packages:/home/jetson/yahboomcar_ros2_ws_new/yahboomcar_ws/build/yahboom_app_save_map:/home/jetson/yahboomcar_ros2_ws_new/yahboomcar_ws/install/yahboom_app_save_map/lib/python3.10/site-packages:/home/jetson/yahboomcar_ros2_ws_new/yahboomcar_ws/build/laserscan_to_point_pulisher:/home/jetson/yahboomcar_ros2_ws_new/yahboomcar_ws/install/laserscan_to_point_pulisher/lib/python3.10/site-packages:/usr/local/lib/python3.10/site-packages/:/home/jetson/yahboomcar_ws/install/yahboomcar_msgs/local/lib/python3.10/dist-packages:/home/jetson/yahboomcar_ws/install/cv_bridge/local/lib/python3.10/dist-packages:/home/jetson/yahboomcar_ros2_ws/software/library_ws/install/teb_msgs/local/lib/python3.10/dist-packages:/home/jetson/yahboomcar_ros2_ws/software/library_ws/install/robot_localization/local/lib/python3.10/dist-packages:/home/jetson/yahboomcar_ros2_ws/software/library_ws/install/costmap_converter_msgs/local/lib/python3.10/dist-packages:/home/jetson/yahboomcar_ros2_ws/software/library_ws/install/astra_camera_msgs/local/lib/python3.10/dist-packages:/opt/ros/humble/lib/python3.10/site-packages:/opt/ros/humble/local/lib/python3.10/dist-packages:/usr/local/lib/python3.10/site-packages/ /usr/bin/cmake --build /home/jetson/yahboomcar_ros2_ws_new/yahboomcar_ws/build/arm_moveit_demo -- -j6 -l6
[7.612s] colcon.colcon_core.event_handler.log_command DEBUG Invoked command in '/home/jetson/yahboomcar_ros2_ws_new/yahboomcar_ws/build/arm_moveit_demo' returned '0': AMENT_PREFIX_PATH=/home/jetson/yahboomcar_ros2_ws_new/yahboomcar_ws/install/x3plus_moveit_config:/home/jetson/yahboomcar_ros2_ws_new/yahboomcar_ws/install/yahboomcar_description:/home/jetson/yahboomcar_ros2_ws_new/yahboomcar_ws/install/arm_mediapipe:/home/jetson/yahboomcar_ros2_ws_new/yahboomcar_ws/install/arm_color_transport:/home/jetson/yahboomcar_ros2_ws_new/yahboomcar_ws/install/yahboomcar_voice_ctrl:/home/jetson/yahboomcar_ros2_ws_new/yahboomcar_ws/install/yahboomcar_visual:/home/jetson/yahboomcar_ros2_ws_new/yahboomcar_ws/install/yahboomcar_slam:/home/jetson/yahboomcar_ros2_ws_new/yahboomcar_ws/install/yahboomcar_rviz:/home/jetson/yahboomcar_ros2_ws_new/yahboomcar_ws/install/yahboomcar_point:/home/jetson/yahboomcar_ros2_ws_new/yahboomcar_ws/install/yahboomcar_nav:/home/jetson/yahboomcar_ros2_ws_new/yahboomcar_ws/install/yahboomcar_multi:/home/jetson/yahboomcar_ros2_ws_new/yahboomcar_ws/install/arm_autopilot:/home/jetson/yahboomcar_ros2_ws_new/yahboomcar_ws/install/yahboomcar_msgs:/home/jetson/yahboomcar_ros2_ws_new/yahboomcar_ws/install/yahboomcar_mediapipe:/home/jetson/yahboomcar_ros2_ws_new/yahboomcar_ws/install/yahboomcar_linefollow:/home/jetson/yahboomcar_ros2_ws_new/yahboomcar_ws/install/yahboomcar_laser:/home/jetson/yahboomcar_ros2_ws_new/yahboomcar_ws/install/yahboomcar_description_x1:/home/jetson/yahboomcar_ros2_ws_new/yahboomcar_ws/install/yahboomcar_ctrl:/home/jetson/yahboomcar_ros2_ws_new/yahboomcar_ws/install/yahboomcar_bringup:/home/jetson/yahboomcar_ros2_ws_new/yahboomcar_ws/install/yahboomcar_base_node:/home/jetson/yahboomcar_ros2_ws_new/yahboomcar_ws/install/yahboomcar_astra:/home/jetson/yahboomcar_ros2_ws_new/yahboomcar_ws/install/yahboomcar_KCFTracker:/home/jetson/yahboomcar_ros2_ws_new/yahboomcar_ws/install/yahboom_web_savmap_interfaces:/home/jetson/yahboomcar_ros2_ws_new/yahboomcar_ws/install/yahboom_app_save_map:/home/jetson/yahboomcar_ros2_ws_new/yahboomcar_ws/install/robot_pose_publisher_ros2:/home/jetson/yahboomcar_ros2_ws_new/yahboomcar_ws/install/laserscan_to_point_pulisher:/home/jetson/yahboomcar_ws/install/yahboomcar_voice_ctrl:/home/jetson/yahboomcar_ws/install/yahboomcar_slam:/home/jetson/yahboomcar_ws/install/yahboomcar_nav:/home/jetson/yahboomcar_ws/install/yahboomcar_astra:/home/jetson/yahboomcar_ws/install/yahboomcar_ctrl:/home/jetson/yahboomcar_ws/install/yahboomcar_bringup:/home/jetson/yahboomcar_ws/install/yahboomcar_msgs:/home/jetson/yahboomcar_ws/install/yahboomcar_linefollw:/home/jetson/yahboomcar_ws/install/yahboomcar_laser:/home/jetson/yahboomcar_ws/install/yahboomcar_description:/home/jetson/yahboomcar_ws/install/ros2_orbslam:/home/jetson/yahboomcar_ws/install/cv_bridge:/home/jetson/yahboomcar_ros2_ws/software/library_ws/install/ydlidar_ros2_driver:/home/jetson/yahboomcar_ros2_ws/software/library_ws/install/web_video_server:/home/jetson/yahboomcar_ros2_ws/software/library_ws/install/teb_local_planner:/home/jetson/yahboomcar_ros2_ws/software/library_ws/install/teb_msgs:/home/jetson/yahboomcar_ros2_ws/software/library_ws/install/sllidar_ros2:/home/jetson/yahboomcar_ros2_ws/software/library_ws/install/slam_gmapping:/home/jetson/yahboomcar_ros2_ws/software/library_ws/install/robot_localization:/home/jetson/yahboomcar_ros2_ws/software/library_ws/install/openslam_gmapping:/home/jetson/yahboomcar_ros2_ws/software/library_ws/install/costmap_converter:/home/jetson/yahboomcar_ros2_ws/software/library_ws/install/costmap_converter_msgs:/home/jetson/yahboomcar_ros2_ws/software/library_ws/install/astra_camera:/home/jetson/yahboomcar_ros2_ws/software/library_ws/install/astra_camera_msgs:/opt/ros/humble CMAKE_PREFIX_PATH=/home/jetson/yahboomcar_ros2_ws_new/yahboomcar_ws/install/x3plus_moveit_config:/home/jetson/yahboomcar_ros2_ws_new/yahboomcar_ws/install/yahboomcar_msgs:/home/jetson/yahboomcar_ros2_ws_new/yahboomcar_ws/install/arm_mediapipe:/home/jetson/yahboomcar_ros2_ws_new/yahboomcar_ws/install/arm_color_transport:/home/jetson/yahboomcar_ros2_ws_new/yahboomcar_ws/install/yahboomcar_slam:/home/jetson/yahboomcar_ros2_ws_new/yahboomcar_ws/install/yahboomcar_point:/home/jetson/yahboomcar_ros2_ws_new/yahboomcar_ws/install/arm_autopilot:/home/jetson/yahboomcar_ros2_ws_new/yahboomcar_ws/install/yahboomcar_base_node:/home/jetson/yahboomcar_ros2_ws_new/yahboomcar_ws/install/yahboomcar_KCFTracker:/home/jetson/yahboomcar_ros2_ws_new/yahboomcar_ws/install/yahboom_web_savmap_interfaces:/home/jetson/yahboomcar_ros2_ws_new/yahboomcar_ws/install/robot_pose_publisher_ros2:/home/jetson/yahboomcar_ws/install/yahboomcar_voice_ctrl:/home/jetson/yahboomcar_ws/install/yahboomcar_slam:/home/jetson/yahboomcar_ws/install/yahboomcar_nav:/home/jetson/yahboomcar_ws/install/yahboomcar_astra:/home/jetson/yahboomcar_ws/install/yahboomcar_ctrl:/home/jetson/yahboomcar_ws/install/yahboomcar_bringup:/home/jetson/yahboomcar_ws/install/yahboomcar_msgs:/home/jetson/yahboomcar_ws/install/yahboomcar_linefollw:/home/jetson/yahboomcar_ws/install/yahboomcar_laser:/home/jetson/yahboomcar_ws/install/yahboomcar_description:/home/jetson/yahboomcar_ws/install/ros2_orbslam:/home/jetson/yahboomcar_ws/install/cv_bridge:/home/jetson/yahboomcar_ros2_ws/software/library_ws/install/ydlidar_ros2_driver:/home/jetson/yahboomcar_ros2_ws/software/library_ws/install/web_video_server:/home/jetson/yahboomcar_ros2_ws/software/library_ws/install/teb_local_planner:/home/jetson/yahboomcar_ros2_ws/software/library_ws/install/teb_msgs:/home/jetson/yahboomcar_ros2_ws/software/library_ws/install/sllidar_ros2:/home/jetson/yahboomcar_ros2_ws/software/library_ws/install/slam_gmapping:/home/jetson/yahboomcar_ros2_ws/software/library_ws/install/robot_localization:/home/jetson/yahboomcar_ros2_ws/software/library_ws/install/openslam_gmapping:/home/jetson/yahboomcar_ros2_ws/software/library_ws/install/costmap_converter:/home/jetson/yahboomcar_ros2_ws/software/library_ws/install/costmap_converter_msgs:/home/jetson/yahboomcar_ros2_ws/software/library_ws/install/astra_camera:/home/jetson/yahboomcar_ros2_ws/software/library_ws/install/astra_camera_msgs:/home/jetson/yahboomcar_ros2_ws_new/yahboomcar_ws/install/yahboomcar_voice_ctrl:/home/jetson/yahboomcar_ros2_ws_new/yahboomcar_ws/install/yahboomcar_visual:/home/jetson/yahboomcar_ros2_ws_new/yahboomcar_ws/install/yahboomcar_rviz:/home/jetson/yahboomcar_ros2_ws_new/yahboomcar_ws/install/yahboomcar_nav:/home/jetson/yahboomcar_ros2_ws_new/yahboomcar_ws/install/yahboomcar_multi:/home/jetson/yahboomcar_ros2_ws_new/yahboomcar_ws/install/yahboomcar_mediapipe:/home/jetson/yahboomcar_ros2_ws_new/yahboomcar_ws/install/yahboomcar_linefollow:/home/jetson/yahboomcar_ros2_ws_new/yahboomcar_ws/install/yahboomcar_laser:/home/jetson/yahboomcar_ros2_ws_new/yahboomcar_ws/install/yahboomcar_description_x1:/home/jetson/yahboomcar_ros2_ws_new/yahboomcar_ws/install/yahboomcar_description:/home/jetson/yahboomcar_ros2_ws_new/yahboomcar_ws/install/yahboomcar_ctrl:/home/jetson/yahboomcar_ros2_ws_new/yahboomcar_ws/install/yahboomcar_bringup:/home/jetson/yahboomcar_ros2_ws_new/yahboomcar_ws/install/yahboomcar_astra:/home/jetson/yahboomcar_ros2_ws_new/yahboomcar_ws/install/yahboom_app_save_map:/home/jetson/yahboomcar_ros2_ws_new/yahboomcar_ws/install/laserscan_to_point_pulisher:/opt/ros/humble LD_LIBRARY_PATH=/home/jetson/yahboomcar_ros2_ws_new/yahboomcar_ws/install/yahboomcar_msgs/lib:/home/jetson/yahboomcar_ros2_ws_new/yahboomcar_ws/install/yahboom_web_savmap_interfaces/lib:/usr/local/lib:/home/jetson/yahboomcar_ros2_ws/software/ORB_SLAM2/lib:/home/jetson/yahboomcar_ros2_ws/software/ORB_SLAM2/Thirdparty/DBoW2/lib:/home/jetson/yahboomcar_ros2_ws/software/ORB_SLAM2/Thirdparty/g2o/lib:/home/jetson/yahboomcar_ws/install/yahboomcar_astra/usr/local/lib/yahboomcar_astra:/usr/local/lib:/usr/local/cuda-12.6/lib64:/usr/local/lib:/home/jetson/yahboomcar_ros2_ws/software/ORB_SLAM2/lib:/home/jetson/yahboomcar_ros2_ws/software/ORB_SLAM2/Thirdparty/DBoW2/lib:/home/jetson/yahboomcar_ros2_ws/software/ORB_SLAM2/Thirdparty/g2o/lib:/home/jetson/yahboomcar_ws/install/yahboomcar_astra/usr/local/lib/yahboomcar_astra:/home/jetson/yahboomcar_ws/install/yahboomcar_astra/lib:/home/jetson/yahboomcar_ws/install/yahboomcar_msgs/lib:/home/jetson/yahboomcar_ws/install/cv_bridge/lib:/home/jetson/yahboomcar_ros2_ws/software/library_ws/install/teb_local_planner/lib:/home/jetson/yahboomcar_ros2_ws/software/library_ws/install/teb_msgs/lib:/home/jetson/yahboomcar_ros2_ws/software/library_ws/install/robot_localization/lib:/home/jetson/yahboomcar_ros2_ws/software/library_ws/install/openslam_gmapping/lib:/home/jetson/yahboomcar_ros2_ws/software/library_ws/install/costmap_converter/lib:/home/jetson/yahboomcar_ros2_ws/software/library_ws/install/costmap_converter_msgs/lib:/home/jetson/yahboomcar_ros2_ws/software/library_ws/install/astra_camera/lib:/home/jetson/yahboomcar_ros2_ws/software/library_ws/install/astra_camera_msgs/lib:/opt/ros/humble/opt/rviz_ogre_vendor/lib:/opt/ros/humble/lib/aarch64-linux-gnu:/opt/ros/humble/lib:/usr/local/lib:/usr/local/cuda-12.6/lib64 PYTHONPATH=/home/jetson/yahboomcar_ros2_ws_new/yahboomcar_ws/build/yahboomcar_description:/home/jetson/yahboomcar_ros2_ws_new/yahboomcar_ws/install/yahboomcar_description/lib/python3.10/site-packages:/home/jetson/yahboomcar_ros2_ws_new/yahboomcar_ws/install/arm_mediapipe/local/lib/python3.10/dist-packages:/home/jetson/yahboomcar_ros2_ws_new/yahboomcar_ws/install/arm_color_transport/local/lib/python3.10/dist-packages:/home/jetson/yahboomcar_ros2_ws_new/yahboomcar_ws/build/yahboomcar_voice_ctrl:/home/jetson/yahboomcar_ros2_ws_new/yahboomcar_ws/install/yahboomcar_voice_ctrl/lib/python3.10/site-packages:/home/jetson/yahboomcar_ros2_ws_new/yahboomcar_ws/build/yahboomcar_visual:/home/jetson/yahboomcar_ros2_ws_new/yahboomcar_ws/install/yahboomcar_visual/lib/python3.10/site-packages:/home/jetson/yahboomcar_ros2_ws_new/yahboomcar_ws/build/yahboomcar_rviz:/home/jetson/yahboomcar_ros2_ws_new/yahboomcar_ws/install/yahboomcar_rviz/lib/python3.10/site-packages:/home/jetson/yahboomcar_ros2_ws_new/yahboomcar_ws/build/yahboomcar_nav:/home/jetson/yahboomcar_ros2_ws_new/yahboomcar_ws/install/yahboomcar_nav/lib/python3.10/site-packages:/home/jetson/yahboomcar_ros2_ws_new/yahboomcar_ws/build/yahboomcar_multi:/home/jetson/yahboomcar_ros2_ws_new/yahboomcar_ws/install/yahboomcar_multi/lib/python3.10/site-packages:/home/jetson/yahboomcar_ros2_ws_new/yahboomcar_ws/install/arm_autopilot/local/lib/python3.10/dist-packages:/home/jetson/yahboomcar_ros2_ws_new/yahboomcar_ws/install/yahboomcar_msgs/local/lib/python3.10/dist-packages:/home/jetson/yahboomcar_ros2_ws_new/yahboomcar_ws/build/yahboomcar_mediapipe:/home/jetson/yahboomcar_ros2_ws_new/yahboomcar_ws/install/yahboomcar_mediapipe/lib/python3.10/site-packages:/home/jetson/yahboomcar_ros2_ws_new/yahboomcar_ws/build/yahboomcar_linefollow:/home/jetson/yahboomcar_ros2_ws_new/yahboomcar_ws/install/yahboomcar_linefollow/lib/python3.10/site-packages:/home/jetson/yahboomcar_ros2_ws_new/yahboomcar_ws/build/yahboomcar_laser:/home/jetson/yahboomcar_ros2_ws_new/yahboomcar_ws/install/yahboomcar_laser/lib/python3.10/site-packages:/home/jetson/yahboomcar_ros2_ws_new/yahboomcar_ws/build/yahboomcar_description_x1:/home/jetson/yahboomcar_ros2_ws_new/yahboomcar_ws/install/yahboomcar_description_x1/lib/python3.10/site-packages:/home/jetson/yahboomcar_ros2_ws_new/yahboomcar_ws/build/yahboomcar_ctrl:/home/jetson/yahboomcar_ros2_ws_new/yahboomcar_ws/install/yahboomcar_ctrl/lib/python3.10/site-packages:/home/jetson/yahboomcar_ros2_ws_new/yahboomcar_ws/build/yahboomcar_bringup:/home/jetson/yahboomcar_ros2_ws_new/yahboomcar_ws/install/yahboomcar_bringup/lib/python3.10/site-packages:/home/jetson/yahboomcar_ros2_ws_new/yahboomcar_ws/build/yahboomcar_astra:/home/jetson/yahboomcar_ros2_ws_new/yahboomcar_ws/install/yahboomcar_astra/lib/python3.10/site-packages:/home/jetson/yahboomcar_ros2_ws_new/yahboomcar_ws/install/yahboom_web_savmap_interfaces/local/lib/python3.10/dist-packages:/home/jetson/yahboomcar_ros2_ws_new/yahboomcar_ws/build/yahboom_app_save_map:/home/jetson/yahboomcar_ros2_ws_new/yahboomcar_ws/install/yahboom_app_save_map/lib/python3.10/site-packages:/home/jetson/yahboomcar_ros2_ws_new/yahboomcar_ws/build/laserscan_to_point_pulisher:/home/jetson/yahboomcar_ros2_ws_new/yahboomcar_ws/install/laserscan_to_point_pulisher/lib/python3.10/site-packages:/usr/local/lib/python3.10/site-packages/:/home/jetson/yahboomcar_ws/install/yahboomcar_msgs/local/lib/python3.10/dist-packages:/home/jetson/yahboomcar_ws/install/cv_bridge/local/lib/python3.10/dist-packages:/home/jetson/yahboomcar_ros2_ws/software/library_ws/install/teb_msgs/local/lib/python3.10/dist-packages:/home/jetson/yahboomcar_ros2_ws/software/library_ws/install/robot_localization/local/lib/python3.10/dist-packages:/home/jetson/yahboomcar_ros2_ws/software/library_ws/install/costmap_converter_msgs/local/lib/python3.10/dist-packages:/home/jetson/yahboomcar_ros2_ws/software/library_ws/install/astra_camera_msgs/local/lib/python3.10/dist-packages:/opt/ros/humble/lib/python3.10/site-packages:/opt/ros/humble/local/lib/python3.10/dist-packages:/usr/local/lib/python3.10/site-packages/ /usr/bin/cmake --build /home/jetson/yahboomcar_ros2_ws_new/yahboomcar_ws/build/arm_moveit_demo -- -j6 -l6
[7.617s] colcon.colcon_core.event_handler.log_command DEBUG Invoking command in '/home/jetson/yahboomcar_ros2_ws_new/yahboomcar_ws/build/arm_moveit_demo': AMENT_PREFIX_PATH=/home/jetson/yahboomcar_ros2_ws_new/yahboomcar_ws/install/x3plus_moveit_config:/home/jetson/yahboomcar_ros2_ws_new/yahboomcar_ws/install/yahboomcar_description:/home/jetson/yahboomcar_ros2_ws_new/yahboomcar_ws/install/arm_mediapipe:/home/jetson/yahboomcar_ros2_ws_new/yahboomcar_ws/install/arm_color_transport:/home/jetson/yahboomcar_ros2_ws_new/yahboomcar_ws/install/yahboomcar_voice_ctrl:/home/jetson/yahboomcar_ros2_ws_new/yahboomcar_ws/install/yahboomcar_visual:/home/jetson/yahboomcar_ros2_ws_new/yahboomcar_ws/install/yahboomcar_slam:/home/jetson/yahboomcar_ros2_ws_new/yahboomcar_ws/install/yahboomcar_rviz:/home/jetson/yahboomcar_ros2_ws_new/yahboomcar_ws/install/yahboomcar_point:/home/jetson/yahboomcar_ros2_ws_new/yahboomcar_ws/install/yahboomcar_nav:/home/jetson/yahboomcar_ros2_ws_new/yahboomcar_ws/install/yahboomcar_multi:/home/jetson/yahboomcar_ros2_ws_new/yahboomcar_ws/install/arm_autopilot:/home/jetson/yahboomcar_ros2_ws_new/yahboomcar_ws/install/yahboomcar_msgs:/home/jetson/yahboomcar_ros2_ws_new/yahboomcar_ws/install/yahboomcar_mediapipe:/home/jetson/yahboomcar_ros2_ws_new/yahboomcar_ws/install/yahboomcar_linefollow:/home/jetson/yahboomcar_ros2_ws_new/yahboomcar_ws/install/yahboomcar_laser:/home/jetson/yahboomcar_ros2_ws_new/yahboomcar_ws/install/yahboomcar_description_x1:/home/jetson/yahboomcar_ros2_ws_new/yahboomcar_ws/install/yahboomcar_ctrl:/home/jetson/yahboomcar_ros2_ws_new/yahboomcar_ws/install/yahboomcar_bringup:/home/jetson/yahboomcar_ros2_ws_new/yahboomcar_ws/install/yahboomcar_base_node:/home/jetson/yahboomcar_ros2_ws_new/yahboomcar_ws/install/yahboomcar_astra:/home/jetson/yahboomcar_ros2_ws_new/yahboomcar_ws/install/yahboomcar_KCFTracker:/home/jetson/yahboomcar_ros2_ws_new/yahboomcar_ws/install/yahboom_web_savmap_interfaces:/home/jetson/yahboomcar_ros2_ws_new/yahboomcar_ws/install/yahboom_app_save_map:/home/jetson/yahboomcar_ros2_ws_new/yahboomcar_ws/install/robot_pose_publisher_ros2:/home/jetson/yahboomcar_ros2_ws_new/yahboomcar_ws/install/laserscan_to_point_pulisher:/home/jetson/yahboomcar_ws/install/yahboomcar_voice_ctrl:/home/jetson/yahboomcar_ws/install/yahboomcar_slam:/home/jetson/yahboomcar_ws/install/yahboomcar_nav:/home/jetson/yahboomcar_ws/install/yahboomcar_astra:/home/jetson/yahboomcar_ws/install/yahboomcar_ctrl:/home/jetson/yahboomcar_ws/install/yahboomcar_bringup:/home/jetson/yahboomcar_ws/install/yahboomcar_msgs:/home/jetson/yahboomcar_ws/install/yahboomcar_linefollw:/home/jetson/yahboomcar_ws/install/yahboomcar_laser:/home/jetson/yahboomcar_ws/install/yahboomcar_description:/home/jetson/yahboomcar_ws/install/ros2_orbslam:/home/jetson/yahboomcar_ws/install/cv_bridge:/home/jetson/yahboomcar_ros2_ws/software/library_ws/install/ydlidar_ros2_driver:/home/jetson/yahboomcar_ros2_ws/software/library_ws/install/web_video_server:/home/jetson/yahboomcar_ros2_ws/software/library_ws/install/teb_local_planner:/home/jetson/yahboomcar_ros2_ws/software/library_ws/install/teb_msgs:/home/jetson/yahboomcar_ros2_ws/software/library_ws/install/sllidar_ros2:/home/jetson/yahboomcar_ros2_ws/software/library_ws/install/slam_gmapping:/home/jetson/yahboomcar_ros2_ws/software/library_ws/install/robot_localization:/home/jetson/yahboomcar_ros2_ws/software/library_ws/install/openslam_gmapping:/home/jetson/yahboomcar_ros2_ws/software/library_ws/install/costmap_converter:/home/jetson/yahboomcar_ros2_ws/software/library_ws/install/costmap_converter_msgs:/home/jetson/yahboomcar_ros2_ws/software/library_ws/install/astra_camera:/home/jetson/yahboomcar_ros2_ws/software/library_ws/install/astra_camera_msgs:/opt/ros/humble CMAKE_PREFIX_PATH=/home/jetson/yahboomcar_ros2_ws_new/yahboomcar_ws/install/x3plus_moveit_config:/home/jetson/yahboomcar_ros2_ws_new/yahboomcar_ws/install/yahboomcar_msgs:/home/jetson/yahboomcar_ros2_ws_new/yahboomcar_ws/install/arm_mediapipe:/home/jetson/yahboomcar_ros2_ws_new/yahboomcar_ws/install/arm_color_transport:/home/jetson/yahboomcar_ros2_ws_new/yahboomcar_ws/install/yahboomcar_slam:/home/jetson/yahboomcar_ros2_ws_new/yahboomcar_ws/install/yahboomcar_point:/home/jetson/yahboomcar_ros2_ws_new/yahboomcar_ws/install/arm_autopilot:/home/jetson/yahboomcar_ros2_ws_new/yahboomcar_ws/install/yahboomcar_base_node:/home/jetson/yahboomcar_ros2_ws_new/yahboomcar_ws/install/yahboomcar_KCFTracker:/home/jetson/yahboomcar_ros2_ws_new/yahboomcar_ws/install/yahboom_web_savmap_interfaces:/home/jetson/yahboomcar_ros2_ws_new/yahboomcar_ws/install/robot_pose_publisher_ros2:/home/jetson/yahboomcar_ws/install/yahboomcar_voice_ctrl:/home/jetson/yahboomcar_ws/install/yahboomcar_slam:/home/jetson/yahboomcar_ws/install/yahboomcar_nav:/home/jetson/yahboomcar_ws/install/yahboomcar_astra:/home/jetson/yahboomcar_ws/install/yahboomcar_ctrl:/home/jetson/yahboomcar_ws/install/yahboomcar_bringup:/home/jetson/yahboomcar_ws/install/yahboomcar_msgs:/home/jetson/yahboomcar_ws/install/yahboomcar_linefollw:/home/jetson/yahboomcar_ws/install/yahboomcar_laser:/home/jetson/yahboomcar_ws/install/yahboomcar_description:/home/jetson/yahboomcar_ws/install/ros2_orbslam:/home/jetson/yahboomcar_ws/install/cv_bridge:/home/jetson/yahboomcar_ros2_ws/software/library_ws/install/ydlidar_ros2_driver:/home/jetson/yahboomcar_ros2_ws/software/library_ws/install/web_video_server:/home/jetson/yahboomcar_ros2_ws/software/library_ws/install/teb_local_planner:/home/jetson/yahboomcar_ros2_ws/software/library_ws/install/teb_msgs:/home/jetson/yahboomcar_ros2_ws/software/library_ws/install/sllidar_ros2:/home/jetson/yahboomcar_ros2_ws/software/library_ws/install/slam_gmapping:/home/jetson/yahboomcar_ros2_ws/software/library_ws/install/robot_localization:/home/jetson/yahboomcar_ros2_ws/software/library_ws/install/openslam_gmapping:/home/jetson/yahboomcar_ros2_ws/software/library_ws/install/costmap_converter:/home/jetson/yahboomcar_ros2_ws/software/library_ws/install/costmap_converter_msgs:/home/jetson/yahboomcar_ros2_ws/software/library_ws/install/astra_camera:/home/jetson/yahboomcar_ros2_ws/software/library_ws/install/astra_camera_msgs:/home/jetson/yahboomcar_ros2_ws_new/yahboomcar_ws/install/yahboomcar_voice_ctrl:/home/jetson/yahboomcar_ros2_ws_new/yahboomcar_ws/install/yahboomcar_visual:/home/jetson/yahboomcar_ros2_ws_new/yahboomcar_ws/install/yahboomcar_rviz:/home/jetson/yahboomcar_ros2_ws_new/yahboomcar_ws/install/yahboomcar_nav:/home/jetson/yahboomcar_ros2_ws_new/yahboomcar_ws/install/yahboomcar_multi:/home/jetson/yahboomcar_ros2_ws_new/yahboomcar_ws/install/yahboomcar_mediapipe:/home/jetson/yahboomcar_ros2_ws_new/yahboomcar_ws/install/yahboomcar_linefollow:/home/jetson/yahboomcar_ros2_ws_new/yahboomcar_ws/install/yahboomcar_laser:/home/jetson/yahboomcar_ros2_ws_new/yahboomcar_ws/install/yahboomcar_description_x1:/home/jetson/yahboomcar_ros2_ws_new/yahboomcar_ws/install/yahboomcar_description:/home/jetson/yahboomcar_ros2_ws_new/yahboomcar_ws/install/yahboomcar_ctrl:/home/jetson/yahboomcar_ros2_ws_new/yahboomcar_ws/install/yahboomcar_bringup:/home/jetson/yahboomcar_ros2_ws_new/yahboomcar_ws/install/yahboomcar_astra:/home/jetson/yahboomcar_ros2_ws_new/yahboomcar_ws/install/yahboom_app_save_map:/home/jetson/yahboomcar_ros2_ws_new/yahboomcar_ws/install/laserscan_to_point_pulisher:/opt/ros/humble LD_LIBRARY_PATH=/home/jetson/yahboomcar_ros2_ws_new/yahboomcar_ws/install/yahboomcar_msgs/lib:/home/jetson/yahboomcar_ros2_ws_new/yahboomcar_ws/install/yahboom_web_savmap_interfaces/lib:/usr/local/lib:/home/jetson/yahboomcar_ros2_ws/software/ORB_SLAM2/lib:/home/jetson/yahboomcar_ros2_ws/software/ORB_SLAM2/Thirdparty/DBoW2/lib:/home/jetson/yahboomcar_ros2_ws/software/ORB_SLAM2/Thirdparty/g2o/lib:/home/jetson/yahboomcar_ws/install/yahboomcar_astra/usr/local/lib/yahboomcar_astra:/usr/local/lib:/usr/local/cuda-12.6/lib64:/usr/local/lib:/home/jetson/yahboomcar_ros2_ws/software/ORB_SLAM2/lib:/home/jetson/yahboomcar_ros2_ws/software/ORB_SLAM2/Thirdparty/DBoW2/lib:/home/jetson/yahboomcar_ros2_ws/software/ORB_SLAM2/Thirdparty/g2o/lib:/home/jetson/yahboomcar_ws/install/yahboomcar_astra/usr/local/lib/yahboomcar_astra:/home/jetson/yahboomcar_ws/install/yahboomcar_astra/lib:/home/jetson/yahboomcar_ws/install/yahboomcar_msgs/lib:/home/jetson/yahboomcar_ws/install/cv_bridge/lib:/home/jetson/yahboomcar_ros2_ws/software/library_ws/install/teb_local_planner/lib:/home/jetson/yahboomcar_ros2_ws/software/library_ws/install/teb_msgs/lib:/home/jetson/yahboomcar_ros2_ws/software/library_ws/install/robot_localization/lib:/home/jetson/yahboomcar_ros2_ws/software/library_ws/install/openslam_gmapping/lib:/home/jetson/yahboomcar_ros2_ws/software/library_ws/install/costmap_converter/lib:/home/jetson/yahboomcar_ros2_ws/software/library_ws/install/costmap_converter_msgs/lib:/home/jetson/yahboomcar_ros2_ws/software/library_ws/install/astra_camera/lib:/home/jetson/yahboomcar_ros2_ws/software/library_ws/install/astra_camera_msgs/lib:/opt/ros/humble/opt/rviz_ogre_vendor/lib:/opt/ros/humble/lib/aarch64-linux-gnu:/opt/ros/humble/lib:/usr/local/lib:/usr/local/cuda-12.6/lib64 PYTHONPATH=/home/jetson/yahboomcar_ros2_ws_new/yahboomcar_ws/build/yahboomcar_description:/home/jetson/yahboomcar_ros2_ws_new/yahboomcar_ws/install/yahboomcar_description/lib/python3.10/site-packages:/home/jetson/yahboomcar_ros2_ws_new/yahboomcar_ws/install/arm_mediapipe/local/lib/python3.10/dist-packages:/home/jetson/yahboomcar_ros2_ws_new/yahboomcar_ws/install/arm_color_transport/local/lib/python3.10/dist-packages:/home/jetson/yahboomcar_ros2_ws_new/yahboomcar_ws/build/yahboomcar_voice_ctrl:/home/jetson/yahboomcar_ros2_ws_new/yahboomcar_ws/install/yahboomcar_voice_ctrl/lib/python3.10/site-packages:/home/jetson/yahboomcar_ros2_ws_new/yahboomcar_ws/build/yahboomcar_visual:/home/jetson/yahboomcar_ros2_ws_new/yahboomcar_ws/install/yahboomcar_visual/lib/python3.10/site-packages:/home/jetson/yahboomcar_ros2_ws_new/yahboomcar_ws/build/yahboomcar_rviz:/home/jetson/yahboomcar_ros2_ws_new/yahboomcar_ws/install/yahboomcar_rviz/lib/python3.10/site-packages:/home/jetson/yahboomcar_ros2_ws_new/yahboomcar_ws/build/yahboomcar_nav:/home/jetson/yahboomcar_ros2_ws_new/yahboomcar_ws/install/yahboomcar_nav/lib/python3.10/site-packages:/home/jetson/yahboomcar_ros2_ws_new/yahboomcar_ws/build/yahboomcar_multi:/home/jetson/yahboomcar_ros2_ws_new/yahboomcar_ws/install/yahboomcar_multi/lib/python3.10/site-packages:/home/jetson/yahboomcar_ros2_ws_new/yahboomcar_ws/install/arm_autopilot/local/lib/python3.10/dist-packages:/home/jetson/yahboomcar_ros2_ws_new/yahboomcar_ws/install/yahboomcar_msgs/local/lib/python3.10/dist-packages:/home/jetson/yahboomcar_ros2_ws_new/yahboomcar_ws/build/yahboomcar_mediapipe:/home/jetson/yahboomcar_ros2_ws_new/yahboomcar_ws/install/yahboomcar_mediapipe/lib/python3.10/site-packages:/home/jetson/yahboomcar_ros2_ws_new/yahboomcar_ws/build/yahboomcar_linefollow:/home/jetson/yahboomcar_ros2_ws_new/yahboomcar_ws/install/yahboomcar_linefollow/lib/python3.10/site-packages:/home/jetson/yahboomcar_ros2_ws_new/yahboomcar_ws/build/yahboomcar_laser:/home/jetson/yahboomcar_ros2_ws_new/yahboomcar_ws/install/yahboomcar_laser/lib/python3.10/site-packages:/home/jetson/yahboomcar_ros2_ws_new/yahboomcar_ws/build/yahboomcar_description_x1:/home/jetson/yahboomcar_ros2_ws_new/yahboomcar_ws/install/yahboomcar_description_x1/lib/python3.10/site-packages:/home/jetson/yahboomcar_ros2_ws_new/yahboomcar_ws/build/yahboomcar_ctrl:/home/jetson/yahboomcar_ros2_ws_new/yahboomcar_ws/install/yahboomcar_ctrl/lib/python3.10/site-packages:/home/jetson/yahboomcar_ros2_ws_new/yahboomcar_ws/build/yahboomcar_bringup:/home/jetson/yahboomcar_ros2_ws_new/yahboomcar_ws/install/yahboomcar_bringup/lib/python3.10/site-packages:/home/jetson/yahboomcar_ros2_ws_new/yahboomcar_ws/build/yahboomcar_astra:/home/jetson/yahboomcar_ros2_ws_new/yahboomcar_ws/install/yahboomcar_astra/lib/python3.10/site-packages:/home/jetson/yahboomcar_ros2_ws_new/yahboomcar_ws/install/yahboom_web_savmap_interfaces/local/lib/python3.10/dist-packages:/home/jetson/yahboomcar_ros2_ws_new/yahboomcar_ws/build/yahboom_app_save_map:/home/jetson/yahboomcar_ros2_ws_new/yahboomcar_ws/install/yahboom_app_save_map/lib/python3.10/site-packages:/home/jetson/yahboomcar_ros2_ws_new/yahboomcar_ws/build/laserscan_to_point_pulisher:/home/jetson/yahboomcar_ros2_ws_new/yahboomcar_ws/install/laserscan_to_point_pulisher/lib/python3.10/site-packages:/usr/local/lib/python3.10/site-packages/:/home/jetson/yahboomcar_ws/install/yahboomcar_msgs/local/lib/python3.10/dist-packages:/home/jetson/yahboomcar_ws/install/cv_bridge/local/lib/python3.10/dist-packages:/home/jetson/yahboomcar_ros2_ws/software/library_ws/install/teb_msgs/local/lib/python3.10/dist-packages:/home/jetson/yahboomcar_ros2_ws/software/library_ws/install/robot_localization/local/lib/python3.10/dist-packages:/home/jetson/yahboomcar_ros2_ws/software/library_ws/install/costmap_converter_msgs/local/lib/python3.10/dist-packages:/home/jetson/yahboomcar_ros2_ws/software/library_ws/install/astra_camera_msgs/local/lib/python3.10/dist-packages:/opt/ros/humble/lib/python3.10/site-packages:/opt/ros/humble/local/lib/python3.10/dist-packages:/usr/local/lib/python3.10/site-packages/ /usr/bin/cmake --install /home/jetson/yahboomcar_ros2_ws_new/yahboomcar_ws/build/arm_moveit_demo
[8.568s] colcon.colcon_core.environment Level 1 create_environment_scripts_only(arm_moveit_demo)
[8.570s] colcon.colcon_core.environment Level 1 checking '/home/jetson/yahboomcar_ros2_ws_new/yahboomcar_ws/install/arm_moveit_demo' for CMake module files
[8.572s] colcon.colcon_core.event_handler.log_command DEBUG Invoked command in '/home/jetson/yahboomcar_ros2_ws_new/yahboomcar_ws/build/arm_moveit_demo' returned '0': AMENT_PREFIX_PATH=/home/jetson/yahboomcar_ros2_ws_new/yahboomcar_ws/install/x3plus_moveit_config:/home/jetson/yahboomcar_ros2_ws_new/yahboomcar_ws/install/yahboomcar_description:/home/jetson/yahboomcar_ros2_ws_new/yahboomcar_ws/install/arm_mediapipe:/home/jetson/yahboomcar_ros2_ws_new/yahboomcar_ws/install/arm_color_transport:/home/jetson/yahboomcar_ros2_ws_new/yahboomcar_ws/install/yahboomcar_voice_ctrl:/home/jetson/yahboomcar_ros2_ws_new/yahboomcar_ws/install/yahboomcar_visual:/home/jetson/yahboomcar_ros2_ws_new/yahboomcar_ws/install/yahboomcar_slam:/home/jetson/yahboomcar_ros2_ws_new/yahboomcar_ws/install/yahboomcar_rviz:/home/jetson/yahboomcar_ros2_ws_new/yahboomcar_ws/install/yahboomcar_point:/home/jetson/yahboomcar_ros2_ws_new/yahboomcar_ws/install/yahboomcar_nav:/home/jetson/yahboomcar_ros2_ws_new/yahboomcar_ws/install/yahboomcar_multi:/home/jetson/yahboomcar_ros2_ws_new/yahboomcar_ws/install/arm_autopilot:/home/jetson/yahboomcar_ros2_ws_new/yahboomcar_ws/install/yahboomcar_msgs:/home/jetson/yahboomcar_ros2_ws_new/yahboomcar_ws/install/yahboomcar_mediapipe:/home/jetson/yahboomcar_ros2_ws_new/yahboomcar_ws/install/yahboomcar_linefollow:/home/jetson/yahboomcar_ros2_ws_new/yahboomcar_ws/install/yahboomcar_laser:/home/jetson/yahboomcar_ros2_ws_new/yahboomcar_ws/install/yahboomcar_description_x1:/home/jetson/yahboomcar_ros2_ws_new/yahboomcar_ws/install/yahboomcar_ctrl:/home/jetson/yahboomcar_ros2_ws_new/yahboomcar_ws/install/yahboomcar_bringup:/home/jetson/yahboomcar_ros2_ws_new/yahboomcar_ws/install/yahboomcar_base_node:/home/jetson/yahboomcar_ros2_ws_new/yahboomcar_ws/install/yahboomcar_astra:/home/jetson/yahboomcar_ros2_ws_new/yahboomcar_ws/install/yahboomcar_KCFTracker:/home/jetson/yahboomcar_ros2_ws_new/yahboomcar_ws/install/yahboom_web_savmap_interfaces:/home/jetson/yahboomcar_ros2_ws_new/yahboomcar_ws/install/yahboom_app_save_map:/home/jetson/yahboomcar_ros2_ws_new/yahboomcar_ws/install/robot_pose_publisher_ros2:/home/jetson/yahboomcar_ros2_ws_new/yahboomcar_ws/install/laserscan_to_point_pulisher:/home/jetson/yahboomcar_ws/install/yahboomcar_voice_ctrl:/home/jetson/yahboomcar_ws/install/yahboomcar_slam:/home/jetson/yahboomcar_ws/install/yahboomcar_nav:/home/jetson/yahboomcar_ws/install/yahboomcar_astra:/home/jetson/yahboomcar_ws/install/yahboomcar_ctrl:/home/jetson/yahboomcar_ws/install/yahboomcar_bringup:/home/jetson/yahboomcar_ws/install/yahboomcar_msgs:/home/jetson/yahboomcar_ws/install/yahboomcar_linefollw:/home/jetson/yahboomcar_ws/install/yahboomcar_laser:/home/jetson/yahboomcar_ws/install/yahboomcar_description:/home/jetson/yahboomcar_ws/install/ros2_orbslam:/home/jetson/yahboomcar_ws/install/cv_bridge:/home/jetson/yahboomcar_ros2_ws/software/library_ws/install/ydlidar_ros2_driver:/home/jetson/yahboomcar_ros2_ws/software/library_ws/install/web_video_server:/home/jetson/yahboomcar_ros2_ws/software/library_ws/install/teb_local_planner:/home/jetson/yahboomcar_ros2_ws/software/library_ws/install/teb_msgs:/home/jetson/yahboomcar_ros2_ws/software/library_ws/install/sllidar_ros2:/home/jetson/yahboomcar_ros2_ws/software/library_ws/install/slam_gmapping:/home/jetson/yahboomcar_ros2_ws/software/library_ws/install/robot_localization:/home/jetson/yahboomcar_ros2_ws/software/library_ws/install/openslam_gmapping:/home/jetson/yahboomcar_ros2_ws/software/library_ws/install/costmap_converter:/home/jetson/yahboomcar_ros2_ws/software/library_ws/install/costmap_converter_msgs:/home/jetson/yahboomcar_ros2_ws/software/library_ws/install/astra_camera:/home/jetson/yahboomcar_ros2_ws/software/library_ws/install/astra_camera_msgs:/opt/ros/humble CMAKE_PREFIX_PATH=/home/jetson/yahboomcar_ros2_ws_new/yahboomcar_ws/install/x3plus_moveit_config:/home/jetson/yahboomcar_ros2_ws_new/yahboomcar_ws/install/yahboomcar_msgs:/home/jetson/yahboomcar_ros2_ws_new/yahboomcar_ws/install/arm_mediapipe:/home/jetson/yahboomcar_ros2_ws_new/yahboomcar_ws/install/arm_color_transport:/home/jetson/yahboomcar_ros2_ws_new/yahboomcar_ws/install/yahboomcar_slam:/home/jetson/yahboomcar_ros2_ws_new/yahboomcar_ws/install/yahboomcar_point:/home/jetson/yahboomcar_ros2_ws_new/yahboomcar_ws/install/arm_autopilot:/home/jetson/yahboomcar_ros2_ws_new/yahboomcar_ws/install/yahboomcar_base_node:/home/jetson/yahboomcar_ros2_ws_new/yahboomcar_ws/install/yahboomcar_KCFTracker:/home/jetson/yahboomcar_ros2_ws_new/yahboomcar_ws/install/yahboom_web_savmap_interfaces:/home/jetson/yahboomcar_ros2_ws_new/yahboomcar_ws/install/robot_pose_publisher_ros2:/home/jetson/yahboomcar_ws/install/yahboomcar_voice_ctrl:/home/jetson/yahboomcar_ws/install/yahboomcar_slam:/home/jetson/yahboomcar_ws/install/yahboomcar_nav:/home/jetson/yahboomcar_ws/install/yahboomcar_astra:/home/jetson/yahboomcar_ws/install/yahboomcar_ctrl:/home/jetson/yahboomcar_ws/install/yahboomcar_bringup:/home/jetson/yahboomcar_ws/install/yahboomcar_msgs:/home/jetson/yahboomcar_ws/install/yahboomcar_linefollw:/home/jetson/yahboomcar_ws/install/yahboomcar_laser:/home/jetson/yahboomcar_ws/install/yahboomcar_description:/home/jetson/yahboomcar_ws/install/ros2_orbslam:/home/jetson/yahboomcar_ws/install/cv_bridge:/home/jetson/yahboomcar_ros2_ws/software/library_ws/install/ydlidar_ros2_driver:/home/jetson/yahboomcar_ros2_ws/software/library_ws/install/web_video_server:/home/jetson/yahboomcar_ros2_ws/software/library_ws/install/teb_local_planner:/home/jetson/yahboomcar_ros2_ws/software/library_ws/install/teb_msgs:/home/jetson/yahboomcar_ros2_ws/software/library_ws/install/sllidar_ros2:/home/jetson/yahboomcar_ros2_ws/software/library_ws/install/slam_gmapping:/home/jetson/yahboomcar_ros2_ws/software/library_ws/install/robot_localization:/home/jetson/yahboomcar_ros2_ws/software/library_ws/install/openslam_gmapping:/home/jetson/yahboomcar_ros2_ws/software/library_ws/install/costmap_converter:/home/jetson/yahboomcar_ros2_ws/software/library_ws/install/costmap_converter_msgs:/home/jetson/yahboomcar_ros2_ws/software/library_ws/install/astra_camera:/home/jetson/yahboomcar_ros2_ws/software/library_ws/install/astra_camera_msgs:/home/jetson/yahboomcar_ros2_ws_new/yahboomcar_ws/install/yahboomcar_voice_ctrl:/home/jetson/yahboomcar_ros2_ws_new/yahboomcar_ws/install/yahboomcar_visual:/home/jetson/yahboomcar_ros2_ws_new/yahboomcar_ws/install/yahboomcar_rviz:/home/jetson/yahboomcar_ros2_ws_new/yahboomcar_ws/install/yahboomcar_nav:/home/jetson/yahboomcar_ros2_ws_new/yahboomcar_ws/install/yahboomcar_multi:/home/jetson/yahboomcar_ros2_ws_new/yahboomcar_ws/install/yahboomcar_mediapipe:/home/jetson/yahboomcar_ros2_ws_new/yahboomcar_ws/install/yahboomcar_linefollow:/home/jetson/yahboomcar_ros2_ws_new/yahboomcar_ws/install/yahboomcar_laser:/home/jetson/yahboomcar_ros2_ws_new/yahboomcar_ws/install/yahboomcar_description_x1:/home/jetson/yahboomcar_ros2_ws_new/yahboomcar_ws/install/yahboomcar_description:/home/jetson/yahboomcar_ros2_ws_new/yahboomcar_ws/install/yahboomcar_ctrl:/home/jetson/yahboomcar_ros2_ws_new/yahboomcar_ws/install/yahboomcar_bringup:/home/jetson/yahboomcar_ros2_ws_new/yahboomcar_ws/install/yahboomcar_astra:/home/jetson/yahboomcar_ros2_ws_new/yahboomcar_ws/install/yahboom_app_save_map:/home/jetson/yahboomcar_ros2_ws_new/yahboomcar_ws/install/laserscan_to_point_pulisher:/opt/ros/humble LD_LIBRARY_PATH=/home/jetson/yahboomcar_ros2_ws_new/yahboomcar_ws/install/yahboomcar_msgs/lib:/home/jetson/yahboomcar_ros2_ws_new/yahboomcar_ws/install/yahboom_web_savmap_interfaces/lib:/usr/local/lib:/home/jetson/yahboomcar_ros2_ws/software/ORB_SLAM2/lib:/home/jetson/yahboomcar_ros2_ws/software/ORB_SLAM2/Thirdparty/DBoW2/lib:/home/jetson/yahboomcar_ros2_ws/software/ORB_SLAM2/Thirdparty/g2o/lib:/home/jetson/yahboomcar_ws/install/yahboomcar_astra/usr/local/lib/yahboomcar_astra:/usr/local/lib:/usr/local/cuda-12.6/lib64:/usr/local/lib:/home/jetson/yahboomcar_ros2_ws/software/ORB_SLAM2/lib:/home/jetson/yahboomcar_ros2_ws/software/ORB_SLAM2/Thirdparty/DBoW2/lib:/home/jetson/yahboomcar_ros2_ws/software/ORB_SLAM2/Thirdparty/g2o/lib:/home/jetson/yahboomcar_ws/install/yahboomcar_astra/usr/local/lib/yahboomcar_astra:/home/jetson/yahboomcar_ws/install/yahboomcar_astra/lib:/home/jetson/yahboomcar_ws/install/yahboomcar_msgs/lib:/home/jetson/yahboomcar_ws/install/cv_bridge/lib:/home/jetson/yahboomcar_ros2_ws/software/library_ws/install/teb_local_planner/lib:/home/jetson/yahboomcar_ros2_ws/software/library_ws/install/teb_msgs/lib:/home/jetson/yahboomcar_ros2_ws/software/library_ws/install/robot_localization/lib:/home/jetson/yahboomcar_ros2_ws/software/library_ws/install/openslam_gmapping/lib:/home/jetson/yahboomcar_ros2_ws/software/library_ws/install/costmap_converter/lib:/home/jetson/yahboomcar_ros2_ws/software/library_ws/install/costmap_converter_msgs/lib:/home/jetson/yahboomcar_ros2_ws/software/library_ws/install/astra_camera/lib:/home/jetson/yahboomcar_ros2_ws/software/library_ws/install/astra_camera_msgs/lib:/opt/ros/humble/opt/rviz_ogre_vendor/lib:/opt/ros/humble/lib/aarch64-linux-gnu:/opt/ros/humble/lib:/usr/local/lib:/usr/local/cuda-12.6/lib64 PYTHONPATH=/home/jetson/yahboomcar_ros2_ws_new/yahboomcar_ws/build/yahboomcar_description:/home/jetson/yahboomcar_ros2_ws_new/yahboomcar_ws/install/yahboomcar_description/lib/python3.10/site-packages:/home/jetson/yahboomcar_ros2_ws_new/yahboomcar_ws/install/arm_mediapipe/local/lib/python3.10/dist-packages:/home/jetson/yahboomcar_ros2_ws_new/yahboomcar_ws/install/arm_color_transport/local/lib/python3.10/dist-packages:/home/jetson/yahboomcar_ros2_ws_new/yahboomcar_ws/build/yahboomcar_voice_ctrl:/home/jetson/yahboomcar_ros2_ws_new/yahboomcar_ws/install/yahboomcar_voice_ctrl/lib/python3.10/site-packages:/home/jetson/yahboomcar_ros2_ws_new/yahboomcar_ws/build/yahboomcar_visual:/home/jetson/yahboomcar_ros2_ws_new/yahboomcar_ws/install/yahboomcar_visual/lib/python3.10/site-packages:/home/jetson/yahboomcar_ros2_ws_new/yahboomcar_ws/build/yahboomcar_rviz:/home/jetson/yahboomcar_ros2_ws_new/yahboomcar_ws/install/yahboomcar_rviz/lib/python3.10/site-packages:/home/jetson/yahboomcar_ros2_ws_new/yahboomcar_ws/build/yahboomcar_nav:/home/jetson/yahboomcar_ros2_ws_new/yahboomcar_ws/install/yahboomcar_nav/lib/python3.10/site-packages:/home/jetson/yahboomcar_ros2_ws_new/yahboomcar_ws/build/yahboomcar_multi:/home/jetson/yahboomcar_ros2_ws_new/yahboomcar_ws/install/yahboomcar_multi/lib/python3.10/site-packages:/home/jetson/yahboomcar_ros2_ws_new/yahboomcar_ws/install/arm_autopilot/local/lib/python3.10/dist-packages:/home/jetson/yahboomcar_ros2_ws_new/yahboomcar_ws/install/yahboomcar_msgs/local/lib/python3.10/dist-packages:/home/jetson/yahboomcar_ros2_ws_new/yahboomcar_ws/build/yahboomcar_mediapipe:/home/jetson/yahboomcar_ros2_ws_new/yahboomcar_ws/install/yahboomcar_mediapipe/lib/python3.10/site-packages:/home/jetson/yahboomcar_ros2_ws_new/yahboomcar_ws/build/yahboomcar_linefollow:/home/jetson/yahboomcar_ros2_ws_new/yahboomcar_ws/install/yahboomcar_linefollow/lib/python3.10/site-packages:/home/jetson/yahboomcar_ros2_ws_new/yahboomcar_ws/build/yahboomcar_laser:/home/jetson/yahboomcar_ros2_ws_new/yahboomcar_ws/install/yahboomcar_laser/lib/python3.10/site-packages:/home/jetson/yahboomcar_ros2_ws_new/yahboomcar_ws/build/yahboomcar_description_x1:/home/jetson/yahboomcar_ros2_ws_new/yahboomcar_ws/install/yahboomcar_description_x1/lib/python3.10/site-packages:/home/jetson/yahboomcar_ros2_ws_new/yahboomcar_ws/build/yahboomcar_ctrl:/home/jetson/yahboomcar_ros2_ws_new/yahboomcar_ws/install/yahboomcar_ctrl/lib/python3.10/site-packages:/home/jetson/yahboomcar_ros2_ws_new/yahboomcar_ws/build/yahboomcar_bringup:/home/jetson/yahboomcar_ros2_ws_new/yahboomcar_ws/install/yahboomcar_bringup/lib/python3.10/site-packages:/home/jetson/yahboomcar_ros2_ws_new/yahboomcar_ws/build/yahboomcar_astra:/home/jetson/yahboomcar_ros2_ws_new/yahboomcar_ws/install/yahboomcar_astra/lib/python3.10/site-packages:/home/jetson/yahboomcar_ros2_ws_new/yahboomcar_ws/install/yahboom_web_savmap_interfaces/local/lib/python3.10/dist-packages:/home/jetson/yahboomcar_ros2_ws_new/yahboomcar_ws/build/yahboom_app_save_map:/home/jetson/yahboomcar_ros2_ws_new/yahboomcar_ws/install/yahboom_app_save_map/lib/python3.10/site-packages:/home/jetson/yahboomcar_ros2_ws_new/yahboomcar_ws/build/laserscan_to_point_pulisher:/home/jetson/yahboomcar_ros2_ws_new/yahboomcar_ws/install/laserscan_to_point_pulisher/lib/python3.10/site-packages:/usr/local/lib/python3.10/site-packages/:/home/jetson/yahboomcar_ws/install/yahboomcar_msgs/local/lib/python3.10/dist-packages:/home/jetson/yahboomcar_ws/install/cv_bridge/local/lib/python3.10/dist-packages:/home/jetson/yahboomcar_ros2_ws/software/library_ws/install/teb_msgs/local/lib/python3.10/dist-packages:/home/jetson/yahboomcar_ros2_ws/software/library_ws/install/robot_localization/local/lib/python3.10/dist-packages:/home/jetson/yahboomcar_ros2_ws/software/library_ws/install/costmap_converter_msgs/local/lib/python3.10/dist-packages:/home/jetson/yahboomcar_ros2_ws/software/library_ws/install/astra_camera_msgs/local/lib/python3.10/dist-packages:/opt/ros/humble/lib/python3.10/site-packages:/opt/ros/humble/local/lib/python3.10/dist-packages:/usr/local/lib/python3.10/site-packages/ /usr/bin/cmake --install /home/jetson/yahboomcar_ros2_ws_new/yahboomcar_ws/build/arm_moveit_demo
[8.574s] colcon.colcon_core.environment Level 1 checking '/home/jetson/yahboomcar_ros2_ws_new/yahboomcar_ws/install/arm_moveit_demo' for CMake config files
[8.574s] colcon.colcon_core.shell Level 1 create_environment_hook('arm_moveit_demo', 'cmake_prefix_path')
[8.575s] colcon.colcon_core.shell INFO Creating environment hook '/home/jetson/yahboomcar_ros2_ws_new/yahboomcar_ws/install/arm_moveit_demo/share/arm_moveit_demo/hook/cmake_prefix_path.ps1'
[8.577s] colcon.colcon_core.shell INFO Creating environment descriptor '/home/jetson/yahboomcar_ros2_ws_new/yahboomcar_ws/install/arm_moveit_demo/share/arm_moveit_demo/hook/cmake_prefix_path.dsv'
[8.578s] colcon.colcon_core.shell INFO Creating environment hook '/home/jetson/yahboomcar_ros2_ws_new/yahboomcar_ws/install/arm_moveit_demo/share/arm_moveit_demo/hook/cmake_prefix_path.sh'
[8.580s] colcon.colcon_core.environment Level 1 checking '/home/jetson/yahboomcar_ros2_ws_new/yahboomcar_ws/install/arm_moveit_demo/lib'
[8.581s] colcon.colcon_core.environment Level 1 checking '/home/jetson/yahboomcar_ros2_ws_new/yahboomcar_ws/install/arm_moveit_demo/bin'
[8.581s] colcon.colcon_core.environment Level 1 checking '/home/jetson/yahboomcar_ros2_ws_new/yahboomcar_ws/install/arm_moveit_demo/lib/pkgconfig/arm_moveit_demo.pc'
[8.582s] colcon.colcon_core.environment Level 1 checking '/home/jetson/yahboomcar_ros2_ws_new/yahboomcar_ws/install/arm_moveit_demo/lib/python3.10/site-packages'
[8.583s] colcon.colcon_core.environment Level 1 checking '/home/jetson/yahboomcar_ros2_ws_new/yahboomcar_ws/install/arm_moveit_demo/bin'
[8.583s] colcon.colcon_core.shell INFO Creating package script '/home/jetson/yahboomcar_ros2_ws_new/yahboomcar_ws/install/arm_moveit_demo/share/arm_moveit_demo/package.ps1'
[8.585s] colcon.colcon_core.shell INFO Creating package descriptor '/home/jetson/yahboomcar_ros2_ws_new/yahboomcar_ws/install/arm_moveit_demo/share/arm_moveit_demo/package.dsv'
[8.587s] colcon.colcon_core.shell INFO Creating package script '/home/jetson/yahboomcar_ros2_ws_new/yahboomcar_ws/install/arm_moveit_demo/share/arm_moveit_demo/package.sh'
[8.588s] colcon.colcon_core.shell INFO Creating package script '/home/jetson/yahboomcar_ros2_ws_new/yahboomcar_ws/install/arm_moveit_demo/share/arm_moveit_demo/package.bash'
[8.589s] colcon.colcon_core.shell INFO Creating package script '/home/jetson/yahboomcar_ros2_ws_new/yahboomcar_ws/install/arm_moveit_demo/share/arm_moveit_demo/package.zsh'
[8.590s] colcon.colcon_core.environment Level 1 create_file_with_runtime_dependencies(/home/jetson/yahboomcar_ros2_ws_new/yahboomcar_ws/install/arm_moveit_demo/share/colcon-core/packages/arm_moveit_demo)
[8.592s] colcon.colcon_core.environment Level 1 create_environment_scripts_only(arm_moveit_demo)
[8.593s] colcon.colcon_core.environment Level 1 checking '/home/jetson/yahboomcar_ros2_ws_new/yahboomcar_ws/install/arm_moveit_demo' for CMake module files
[8.595s] colcon.colcon_core.environment Level 1 checking '/home/jetson/yahboomcar_ros2_ws_new/yahboomcar_ws/install/arm_moveit_demo' for CMake config files
[8.596s] colcon.colcon_core.shell Level 1 create_environment_hook('arm_moveit_demo', 'cmake_prefix_path')
[8.597s] colcon.colcon_core.shell INFO Creating environment hook '/home/jetson/yahboomcar_ros2_ws_new/yahboomcar_ws/install/arm_moveit_demo/share/arm_moveit_demo/hook/cmake_prefix_path.ps1'
[8.598s] colcon.colcon_core.shell INFO Creating environment descriptor '/home/jetson/yahboomcar_ros2_ws_new/yahboomcar_ws/install/arm_moveit_demo/share/arm_moveit_demo/hook/cmake_prefix_path.dsv'
[8.599s] colcon.colcon_core.shell INFO Creating environment hook '/home/jetson/yahboomcar_ros2_ws_new/yahboomcar_ws/install/arm_moveit_demo/share/arm_moveit_demo/hook/cmake_prefix_path.sh'
[8.601s] colcon.colcon_core.environment Level 1 checking '/home/jetson/yahboomcar_ros2_ws_new/yahboomcar_ws/install/arm_moveit_demo/lib'
[8.601s] colcon.colcon_core.environment Level 1 checking '/home/jetson/yahboomcar_ros2_ws_new/yahboomcar_ws/install/arm_moveit_demo/bin'
[8.601s] colcon.colcon_core.environment Level 1 checking '/home/jetson/yahboomcar_ros2_ws_new/yahboomcar_ws/install/arm_moveit_demo/lib/pkgconfig/arm_moveit_demo.pc'
[8.602s] colcon.colcon_core.environment Level 1 checking '/home/jetson/yahboomcar_ros2_ws_new/yahboomcar_ws/install/arm_moveit_demo/lib/python3.10/site-packages'
[8.603s] colcon.colcon_core.environment Level 1 checking '/home/jetson/yahboomcar_ros2_ws_new/yahboomcar_ws/install/arm_moveit_demo/bin'
[8.604s] colcon.colcon_core.shell INFO Creating package script '/home/jetson/yahboomcar_ros2_ws_new/yahboomcar_ws/install/arm_moveit_demo/share/arm_moveit_demo/package.ps1'
[8.606s] colcon.colcon_core.shell INFO Creating package descriptor '/home/jetson/yahboomcar_ros2_ws_new/yahboomcar_ws/install/arm_moveit_demo/share/arm_moveit_demo/package.dsv'
[8.606s] colcon.colcon_core.shell INFO Creating package script '/home/jetson/yahboomcar_ros2_ws_new/yahboomcar_ws/install/arm_moveit_demo/share/arm_moveit_demo/package.sh'
[8.608s] colcon.colcon_core.shell INFO Creating package script '/home/jetson/yahboomcar_ros2_ws_new/yahboomcar_ws/install/arm_moveit_demo/share/arm_moveit_demo/package.bash'
[8.610s] colcon.colcon_core.shell INFO Creating package script '/home/jetson/yahboomcar_ros2_ws_new/yahboomcar_ws/install/arm_moveit_demo/share/arm_moveit_demo/package.zsh'
[8.611s] colcon.colcon_core.environment Level 1 create_file_with_runtime_dependencies(/home/jetson/yahboomcar_ros2_ws_new/yahboomcar_ws/install/arm_moveit_demo/share/colcon-core/packages/arm_moveit_demo)
[8.612s] colcon.colcon_parallel_executor.executor.parallel DEBUG closing loop
[8.613s] colcon.colcon_parallel_executor.executor.parallel DEBUG loop closed
[8.613s] colcon.colcon_parallel_executor.executor.parallel DEBUG run_until_complete finished with '0'
[8.614s] colcon.colcon_core.event_reactor DEBUG joining thread
[8.631s] colcon.colcon_core.plugin_system INFO Skipping extension 'colcon_notification.desktop_notification.terminal_notifier': Not used on non-Darwin systems
[8.632s] colcon.colcon_core.plugin_system INFO Skipping extension 'colcon_notification.desktop_notification.win32': Not used on non-Windows systems
[8.632s] colcon.colcon_notification.desktop_notification INFO Sending desktop notification using 'notify2'
[8.663s] colcon.colcon_core.event_reactor DEBUG joined thread
[8.664s] colcon.colcon_core.shell INFO Creating prefix script '/home/jetson/yahboomcar_ros2_ws_new/yahboomcar_ws/install/local_setup.ps1'
[8.667s] colcon.colcon_core.shell INFO Creating prefix util module '/home/jetson/yahboomcar_ros2_ws_new/yahboomcar_ws/install/_local_setup_util_ps1.py'
[8.670s] colcon.colcon_core.shell INFO Creating prefix chain script '/home/jetson/yahboomcar_ros2_ws_new/yahboomcar_ws/install/setup.ps1'
[8.679s] colcon.colcon_core.shell INFO Creating prefix script '/home/jetson/yahboomcar_ros2_ws_new/yahboomcar_ws/install/local_setup.sh'
[8.681s] colcon.colcon_core.shell INFO Creating prefix util module '/home/jetson/yahboomcar_ros2_ws_new/yahboomcar_ws/install/_local_setup_util_sh.py'
[8.684s] colcon.colcon_core.shell INFO Creating prefix chain script '/home/jetson/yahboomcar_ros2_ws_new/yahboomcar_ws/install/setup.sh'
[8.696s] colcon.colcon_core.shell INFO Creating prefix script '/home/jetson/yahboomcar_ros2_ws_new/yahboomcar_ws/install/local_setup.bash'
[8.697s] colcon.colcon_core.shell INFO Creating prefix chain script '/home/jetson/yahboomcar_ros2_ws_new/yahboomcar_ws/install/setup.bash'
[8.706s] colcon.colcon_core.shell INFO Creating prefix script '/home/jetson/yahboomcar_ros2_ws_new/yahboomcar_ws/install/local_setup.zsh'
[8.707s] colcon.colcon_core.shell INFO Creating prefix chain script '/home/jetson/yahboomcar_ros2_ws_new/yahboomcar_ws/install/setup.zsh'
